scenario_id,iter,tag,delta,boot_lo,boot_hi,boot_n
1010,0,early_benefit,0.34001169301884815,0.20309739448097805,0.4736052103322404,1000
1010,1,early_benefit,0.22273025067861063,0.0889812940975155,0.3714178942727595,1000
1010,2,early_benefit,0.36232557097873697,0.22617295918053348,0.4896138113984037,1000
1010,3,early_benefit,0.19843546918818378,0.06999261468533105,0.3263802772349608,1000
1010,4,early_benefit,0.3999728727315821,0.27044835411312323,0.5255379625038735,1000
1010,5,early_benefit,0.35146265981853375,0.21407695325718196,0.4943283933444637,1000
1010,6,early_benefit,0.29215016060265775,0.15621084858507087,0.4305511220184021,1000
1010,7,early_benefit,0.23982255147487974,0.09688395760162502,0.3822499207436264,1000
1010,8,early_benefit,0.3185037372861452,0.1794732045167156,0.4597547465387528,1000
1010,9,early_benefit,0.3156676010174859,0.1729308515523368,0.44335990711428497,1000
1010,10,early_benefit,0.4891731945724369,0.3540835917809334,0.6256632813708894,1000
1010,11,early_benefit,0.37136835169917326,0.22976955682410433,0.5057838843518755,1000
1010,12,early_benefit,0.33171946896035287,0.1933956452170384,0.46934079598211453,1000
1010,13,early_benefit,0.30435357264195595,0.16432090496582785,0.4302584464612861,1000
1010,14,early_benefit,0.30744794179382184,0.16761187997455548,0.440506972190211,1000
1010,15,early_benefit,0.263045684451257,0.12620465675105863,0.3913081808375928,1000
1010,16,early_benefit,0.3007664963940164,0.16962051194449096,0.4354266977003785,1000
1010,17,early_benefit,0.40681557991394435,0.2693292636232652,0.5402438358939547,1000
1010,18,early_benefit,0.3672907622323569,0.23571622804982176,0.507856930199766,1000
1010,19,early_benefit,0.2324638442037461,0.10498172374969343,0.36664180378648675,1000
1010,20,early_benefit,0.3402330111444267,0.20879601167813622,0.479793550238553,1000
1010,21,early_benefit,0.40679266081533383,0.2836625530341126,0.5390750434641678,1000
1010,22,early_benefit,0.3630271769765714,0.23440056585905966,0.4954619363805292,1000
1010,23,early_benefit,0.36639374313888506,0.23024642652434632,0.5005172855734626,1000
1010,24,early_benefit,0.3819911043040545,0.2487229793847349,0.529854430870261,1000
1010,25,early_benefit,0.4048839133222306,0.2748999924765329,0.5387515347225442,1000
1010,26,early_benefit,0.4192541167340238,0.28152640679775026,0.5545774108067579,1000
1010,27,early_benefit,0.27880451306182064,0.14519100709767957,0.41524584775777135,1000
1010,28,early_benefit,0.3745928954499882,0.23633523426384476,0.5191030868533824,1000
1010,29,early_benefit,0.21742679577302493,0.08657914307985679,0.3626704677140753,1000
1010,30,early_benefit,0.2369302359104135,0.10153001619287635,0.3769259646857258,1000
1010,31,early_benefit,0.33269176835247194,0.18720283640716995,0.4640733385388564,1000
1010,32,early_benefit,0.3251289309138241,0.1902715306566927,0.46046174613484414,1000
1010,33,early_benefit,0.3726482548611507,0.2319860879614392,0.5145873001188215,1000
1010,34,early_benefit,0.17745209937063988,0.04774709520343511,0.3148057234081465,1000
1010,35,early_benefit,0.415372408532825,0.2865197508360258,0.5555713248668174,1000
1010,36,early_benefit,0.25123956746206666,0.1172777289921432,0.3825392112606175,1000
1010,37,early_benefit,0.28313524849922667,0.15170907380832516,0.41564428689950356,1000
1010,38,early_benefit,0.359880251684642,0.23101422633016558,0.505348148224135,1000
1010,39,early_benefit,0.4735142116322617,0.3340920188009702,0.6020945765789857,1000
1010,40,early_benefit,0.34721480500078705,0.21265309971313176,0.4790495304556825,1000
1010,41,early_benefit,0.42369051763879373,0.28274397280131325,0.5543778340731257,1000
1010,42,early_benefit,0.4416052191492099,0.30379150183385173,0.5735164860463199,1000
1010,43,early_benefit,0.28950459211711443,0.1567454283716679,0.4242662239537624,1000
1010,44,early_benefit,0.2645986482588736,0.13332969695125743,0.39841974454498874,1000
1010,45,early_benefit,0.38291314504163765,0.251708552092737,0.5230972256496907,1000
1010,46,early_benefit,0.27253535346951363,0.1379193018916099,0.407596017920217,1000
1010,47,early_benefit,0.3654027077077422,0.22714329516030415,0.501608917801904,1000
1010,48,early_benefit,0.46556318132306673,0.3292806072754861,0.5999220043457341,1000
1010,49,early_benefit,0.1594658323083875,0.023910226407272108,0.29009580450024086,1000
1010,50,early_benefit,0.2415510689829543,0.10384731276362011,0.3817252327934612,1000
1010,51,early_benefit,0.3041906386765687,0.17101988252212894,0.4431408697862644,1000
1010,52,early_benefit,0.37566911356715016,0.2240293263952443,0.5106316188585317,1000
1010,53,early_benefit,0.431881860843633,0.28829563012126685,0.5634907743822327,1000
1010,54,early_benefit,0.29750299487153553,0.16077120116410962,0.4294373477333805,1000
1010,55,early_benefit,0.39549270490940147,0.2537863559770245,0.5362902564924249,1000
1010,56,early_benefit,0.3369088550486823,0.20579884536988438,0.4652875700733004,1000
1010,57,early_benefit,0.2640961799665926,0.12713207095415308,0.40391438005203284,1000
1010,58,early_benefit,0.3492528411175466,0.22049318669990647,0.48598701965027213,1000
1010,59,early_benefit,0.3364266374347329,0.19486023667992639,0.4688026206457071,1000
1010,60,early_benefit,0.27063205027508896,0.13711095977150697,0.4138674888999981,1000
1010,61,early_benefit,0.33922986004351285,0.19932449248072404,0.4639516777075418,1000
1010,62,early_benefit,0.3104515301162811,0.17434683283056712,0.44371846665699743,1000
1010,63,early_benefit,0.44591119971213944,0.3075497510618547,0.5899849533379705,1000
1010,64,early_benefit,0.3311717599757862,0.204272850313938,0.46509113554587,1000
1010,65,early_benefit,0.42599465983865414,0.29789686427287004,0.5652948178643594,1000
1010,66,early_benefit,0.3222595566678459,0.18402216623978157,0.46141883140682244,1000
1010,67,early_benefit,0.2821926501791068,0.1456595377534904,0.41702969717907085,1000
1010,68,early_benefit,0.3296011589024781,0.19620254103254325,0.4636878730423508,1000
1010,69,early_benefit,0.31193131528014195,0.17781256390504094,0.44316574411977105,1000
1010,70,early_benefit,0.402543023776853,0.27716440702010675,0.5346084956104719,1000
1010,71,early_benefit,0.44955702072287673,0.3122907288933393,0.5905925289452258,1000
1010,72,early_benefit,0.18250651949931251,0.03978403487361581,0.3320617090585131,1000
1010,73,early_benefit,0.36480194965905843,0.2449844602914772,0.5085979300883854,1000
1010,74,early_benefit,0.17908286941407647,0.047880880093397284,0.3082390935482946,1000
1010,75,early_benefit,0.34414672530720747,0.20357113476115202,0.46868402755793337,1000
1010,76,early_benefit,0.33362126720043683,0.19670640357565225,0.4753131595238055,1000
1010,77,early_benefit,0.3473275413129895,0.21535009254659676,0.4903491216389713,1000
1010,78,early_benefit,0.45099135793702017,0.31458119128126255,0.5809057921436295,1000
1010,79,early_benefit,0.28471563949942524,0.14514495012364642,0.4166577575824253,1000
1010,80,early_benefit,0.1452734598708667,0.016077902075898497,0.28560514951912636,1000
1010,81,early_benefit,0.3593264685382396,0.2158147091573461,0.48762012459377907,1000
1010,82,early_benefit,0.367738939384874,0.23334061164032674,0.5086624015459815,1000
1010,83,early_benefit,0.29605096512035045,0.16883978842309924,0.4275446287762255,1000
1010,84,early_benefit,0.2743745130747399,0.1376521667077183,0.40821137151471343,1000
1010,85,early_benefit,0.4039153482685194,0.2704391041822134,0.5420572775031338,1000
1010,86,early_benefit,0.20309738374771147,0.06383821016223118,0.34197070860866957,1000
1010,87,early_benefit,0.3744901501184703,0.24034643836843736,0.5231353585798278,1000
1010,88,early_benefit,0.3621666342447538,0.21874391255241127,0.4903808845064367,1000
1010,89,early_benefit,0.1972982690752918,0.06948641890863475,0.3336715593572972,1000
1010,90,early_benefit,0.32282685292535485,0.1833084437288069,0.45530573230940585,1000
1010,91,early_benefit,0.4331660315445136,0.29565596601040367,0.5606107042159424,1000
1010,92,early_benefit,0.3183957240531692,0.18189236653758528,0.45586111128252005,1000
1010,93,early_benefit,0.27360994785937276,0.13911748152740808,0.4047492973865983,1000
1010,94,early_benefit,0.33974411298237683,0.2083138794643676,0.47577595838140524,1000
1010,95,early_benefit,0.3285213800307192,0.18608510499692152,0.47592965831570605,1000
1010,96,early_benefit,0.2455430120584534,0.10693919304246406,0.38585220869820175,1000
1010,97,early_benefit,0.2839452765675565,0.15125081481647923,0.41303526299157906,1000
1010,98,early_benefit,0.2182599957103175,0.09410604046281525,0.3561346491795564,1000
1010,99,early_benefit,0.29028919096940475,0.15602731877198267,0.43214431894682354,1000
1010,100,early_benefit,0.26220515379932596,0.11359531455538462,0.40571989796970054,1000
1010,101,early_benefit,0.3232283788318373,0.18422511767165706,0.46114230590078786,1000
1010,102,early_benefit,0.3509065639315718,0.21115348473158252,0.4888335901634061,1000
1010,103,early_benefit,0.4286731702034583,0.29755179621321165,0.5633434618783864,1000
1010,104,early_benefit,0.2751156410091702,0.14034401561294269,0.4208015320012429,1000
1010,105,early_benefit,0.25370713486495955,0.12206532236903538,0.3921223352133028,1000
1010,106,early_benefit,0.38286480078157314,0.25005958446936133,0.5218909751340333,1000
1010,107,early_benefit,0.35536082926762314,0.21286133776362448,0.48869396962688044,1000
1010,108,early_benefit,0.4053895133960972,0.2629252432465277,0.5376399339479698,1000
1010,109,early_benefit,0.2921717627513676,0.15598113655185222,0.4207827033021023,1000
1010,110,early_benefit,0.3516456765967102,0.20953628120357815,0.477481033513358,1000
1010,111,early_benefit,0.32421455303133095,0.18384363676433696,0.4586644446401874,1000
1010,112,early_benefit,0.35801812662015475,0.2208133766372573,0.4943136664098656,1000
1010,113,early_benefit,0.3782903472272747,0.24522974284499316,0.515269004744681,1000
1010,114,early_benefit,0.2894477569567031,0.14810449761638717,0.4183921700629633,1000
1010,115,early_benefit,0.4026509081765579,0.27135929200407216,0.5354105240446271,1000
1010,116,early_benefit,0.466049958740002,0.32283958068961954,0.5980742246720019,1000
1010,117,early_benefit,0.2381621082265708,0.09892267698437848,0.3725546443726944,1000
1010,118,early_benefit,0.35763744121340446,0.21622122945662214,0.48985432287557124,1000
1010,119,early_benefit,0.31600572824773865,0.19247411934073216,0.4561512937920019,1000
1010,120,early_benefit,0.2876778757575611,0.1611069640638734,0.4241798380808638,1000
1010,121,early_benefit,0.3254690207460831,0.18837811168186772,0.46384042158354055,1000
1010,122,early_benefit,0.2021433461572073,0.059205385240377446,0.33788123158684397,1000
1010,123,early_benefit,0.3350597675022584,0.20452162138824792,0.46651478059925167,1000
1010,124,early_benefit,0.37674945386610625,0.23929472170940136,0.5172581988107954,1000
1010,125,early_benefit,0.4148112093568521,0.2789799112308448,0.5576973673903807,1000
1010,126,early_benefit,0.29574580019394325,0.15354985557922077,0.4272584565361885,1000
1010,127,early_benefit,0.41127737289012467,0.2683124824386182,0.5459271431995506,1000
1010,128,early_benefit,0.28870760954402996,0.15110384853329226,0.41916892244647924,1000
1010,129,early_benefit,0.23429269277875298,0.10035608974132912,0.3774462992349545,1000
1010,130,early_benefit,0.3366828933510422,0.20699004468878396,0.4746257425468674,1000
1010,131,early_benefit,0.2734229033498199,0.1462610111434009,0.41290291023706094,1000
1010,132,early_benefit,0.3294675005976444,0.19487742454003437,0.4628444245409578,1000
1010,133,early_benefit,0.36482336444467345,0.23753524982428145,0.5026371826018635,1000
1010,134,early_benefit,0.3607709824310561,0.2204225510379658,0.5021002069531193,1000
1010,135,early_benefit,0.23716137600776666,0.09835993621872373,0.38144331381525476,1000
1010,136,early_benefit,0.3408484440746564,0.20360644661496782,0.4682661582697454,1000
1010,137,early_benefit,0.3687345610429422,0.23166886415680463,0.4966230887472356,1000
1010,138,early_benefit,0.2196918597869173,0.09445368819234093,0.35725093948959513,1000
1010,139,early_benefit,0.33520018896322146,0.196686426787966,0.47920678374105974,1000
1010,140,early_benefit,0.3848421351040381,0.2490722117414643,0.5210807896949361,1000
1010,141,early_benefit,0.18642838590096522,0.047250721328448306,0.31140776988718766,1000
1010,142,early_benefit,0.4415575398510976,0.3102328324322377,0.5787561753935467,1000
1010,143,early_benefit,0.4127870331687751,0.2819396073217383,0.5394535480782604,1000
1010,144,early_benefit,0.26236972533280767,0.12483365366594033,0.40739236805418483,1000
1010,145,early_benefit,0.32683771156198826,0.19348157100330945,0.46005556550565824,1000
1010,146,early_benefit,0.3227684655610643,0.18094396585922567,0.46730775663911084,1000
1010,147,early_benefit,0.2755084211983281,0.13507260944664934,0.4109140837888812,1000
1010,148,early_benefit,0.29371771508301503,0.1579559835653434,0.42197431256389956,1000
1010,149,early_benefit,0.3371355073245099,0.19591945867191407,0.48330008200580243,1000
1010,150,early_benefit,0.3940604883043779,0.2510530369733052,0.5333649226237708,1000
1010,151,early_benefit,0.4387249246474343,0.30376352535208967,0.5676743233408262,1000
1010,152,early_benefit,0.36210660444506315,0.22673895088937815,0.49961730994416936,1000
1010,153,early_benefit,0.2706636537166931,0.14412286756300535,0.40888800281007515,1000
1010,154,early_benefit,0.2930985745218355,0.15833107845140829,0.43261799351434854,1000
1010,155,early_benefit,0.2856637592205242,0.1435717361915043,0.4195112382154211,1000
1010,156,early_benefit,0.3528971371139935,0.23068886551293602,0.49585145024941013,1000
1010,157,early_benefit,0.3137896159170621,0.17806903094875273,0.44826916835439484,1000
1010,158,early_benefit,0.3876309625753924,0.2555620522452964,0.5181195159308847,1000
1010,159,early_benefit,0.2799952144788591,0.15255250225805392,0.42015832682575105,1000
1010,160,early_benefit,0.2717139261647912,0.13408345594527185,0.4134949568966789,1000
1010,161,early_benefit,0.4423573425934353,0.3067938850300487,0.567348372266513,1000
1010,162,early_benefit,0.26805903638777817,0.1356530189752003,0.4113457552515373,1000
1010,163,early_benefit,0.4082156801574741,0.2733776393963323,0.5426071779019965,1000
1010,164,early_benefit,0.2963832970626603,0.15179809889185972,0.43344066907421136,1000
1010,165,early_benefit,0.43030228026946116,0.29794662115733384,0.5719075787313311,1000
1010,166,early_benefit,0.2265969902308722,0.0870943089818401,0.3542324736860863,1000
1010,167,early_benefit,0.34402908496106566,0.20771452933533735,0.47823985948549147,1000
1010,168,early_benefit,0.20159363307136768,0.06514187201318014,0.33644949806599045,1000
1010,169,early_benefit,0.2926585868421463,0.15959443553929578,0.425053213806525,1000
1010,170,early_benefit,0.31428763435221674,0.18167703098375237,0.44532070919650185,1000
1010,171,early_benefit,0.2805594656045245,0.13512688368527578,0.41770635276545703,1000
1010,172,early_benefit,0.40388915394797475,0.26060217579080563,0.5411766584099963,1000
1010,173,early_benefit,0.31580378077835736,0.17678393356418462,0.4492788172184208,1000
1010,174,early_benefit,0.3371285105224002,0.19040849966260923,0.47127915863037395,1000
1010,175,early_benefit,0.3248827609480398,0.18634333214863336,0.47224253447743664,1000
1010,176,early_benefit,0.20468610051428193,0.0705362748876788,0.3421534518895233,1000
1010,177,early_benefit,0.35554492389586345,0.22610101126037763,0.48935732294102485,1000
1010,178,early_benefit,0.30051997704663114,0.16583416693908126,0.44701934526476106,1000
1010,179,early_benefit,0.36421945577235526,0.22280966702750252,0.5050417825049025,1000
1010,180,early_benefit,0.31370740729407,0.18588321394996693,0.4421407066599366,1000
1010,181,early_benefit,0.31359343589044686,0.18057270174988066,0.447528767248107,1000
1010,182,early_benefit,0.3402746200436524,0.1978838002951542,0.47283651815380207,1000
1010,183,early_benefit,0.2721223156136783,0.14127654623747532,0.40714141321062675,1000
1010,184,early_benefit,0.3752011631175236,0.23326299666918404,0.4978452453384337,1000
1010,185,early_benefit,0.4261548787822065,0.3069985923698853,0.5597594182573763,1000
1010,186,early_benefit,0.37142245608576285,0.22863320854855865,0.5061349870267472,1000
1010,187,early_benefit,0.23314862378805756,0.09125442051243697,0.3651934827374686,1000
1010,188,early_benefit,0.2756240123291107,0.15187846080747333,0.4151628557082009,1000
1010,189,early_benefit,0.42223959447560544,0.27838335038956163,0.5500196565051688,1000
1010,190,early_benefit,0.3585137146262056,0.2162489682348183,0.4986733057398917,1000
1010,191,early_benefit,0.3053041327231485,0.17042768573821002,0.4392791479462184,1000
1010,192,early_benefit,0.1841488972015628,0.0473068551124014,0.31548711148674063,1000
1010,193,early_benefit,0.3663538241252011,0.2352239763446073,0.4907792804144043,1000
1010,194,early_benefit,0.33637033660511584,0.19878196180406357,0.46493490382357694,1000
1010,195,early_benefit,0.2794562226182915,0.13775487480223683,0.4068602674101139,1000
1010,196,early_benefit,0.3390987090564006,0.20614195674039856,0.47545784227512167,1000
1010,197,early_benefit,0.3018903511877351,0.16056842794821724,0.42759438553767193,1000
1010,198,early_benefit,0.33587979859128625,0.1966268255552783,0.4760146328062283,1000
1010,199,early_benefit,0.31517506209351165,0.17533874102476654,0.4522281827233466,1000
1010,200,early_benefit,0.48885897966239256,0.34987499891748086,0.6243023551993822,1000
1010,201,early_benefit,0.32116567202626545,0.18863377633200434,0.4669047120423261,1000
1010,202,early_benefit,0.33126929406793515,0.19749364099900585,0.46535840391286637,1000
1010,203,early_benefit,0.25276635358464183,0.12341409298633274,0.3877758663768633,1000
1010,204,early_benefit,0.3302612825928133,0.19105238073397532,0.4690004485475955,1000
1010,205,early_benefit,0.42080193570228897,0.282527211158771,0.5500449334099656,1000
1010,206,early_benefit,0.36132270758638363,0.22303603215670417,0.49365896185204644,1000
1010,207,early_benefit,0.24116457023378413,0.09565617403437734,0.36960600876141414,1000
1010,208,early_benefit,0.24622685232872765,0.11192760346968811,0.3667264961234033,1000
1010,209,early_benefit,0.26143981441174846,0.12786417775417488,0.39353610465964844,1000
1010,210,early_benefit,0.1377833231309693,-0.006001130626616013,0.27365878436925073,1000
1010,211,early_benefit,0.4414086490232205,0.300021380297195,0.5831145027630542,1000
1010,212,early_benefit,0.34966193847203275,0.21507219733666513,0.47846706826287716,1000
1010,213,early_benefit,0.4346241109786839,0.2978797805784745,0.5811515250838946,1000
1010,214,early_benefit,0.43762933636782275,0.30889398824706255,0.5758193277389325,1000
1010,215,early_benefit,0.4532794734267278,0.3194498334181221,0.5931419441108275,1000
1010,216,early_benefit,0.36732008345751677,0.23223933318923112,0.495894958434877,1000
1010,217,early_benefit,0.31139113583116096,0.1763589651488357,0.45346978392767323,1000
1010,218,early_benefit,0.3003676795277457,0.16579411585457396,0.43076969351106065,1000
1010,219,early_benefit,0.38005417857621593,0.24476305910575744,0.5185680970004946,1000
1010,220,early_benefit,0.36495176326450407,0.22347642575233867,0.5057067680908087,1000
1010,221,early_benefit,0.32560959994406247,0.20244807091120134,0.4596282313867543,1000
1010,222,early_benefit,0.2810650334712479,0.14479127656015614,0.42593258147618546,1000
1010,223,early_benefit,0.32493090365457444,0.1879188312332301,0.4613297195496906,1000
1010,224,early_benefit,0.2748463095886491,0.12889170708343373,0.40666158256726437,1000
1010,225,early_benefit,0.38776209412975815,0.24862262568779486,0.5342275471952158,1000
1010,226,early_benefit,0.2664383988174377,0.139322632055455,0.39442349207843924,1000
1010,227,early_benefit,0.3859044069779287,0.2467320339957309,0.5106292335103706,1000
1010,228,early_benefit,0.19485479923722293,0.06294944562317388,0.34394355583371233,1000
1010,229,early_benefit,0.3661450235333841,0.21568677180934132,0.5015100357714031,1000
1010,230,early_benefit,0.39307875314641194,0.25420567944358957,0.5345579956253936,1000
1010,231,early_benefit,0.39898050713275257,0.27013465921490754,0.5344273221812992,1000
1010,232,early_benefit,0.34209154087925686,0.20293273525445135,0.47049931080056456,1000
1010,233,early_benefit,0.36453105005755493,0.21840953194024484,0.49973350105407055,1000
1010,234,early_benefit,0.2449889623308561,0.11195891839077339,0.3811299213719165,1000
1010,235,early_benefit,0.3073480378138358,0.17026557716644794,0.435558409463043,1000
1010,236,early_benefit,0.36819117530589507,0.22873841965060604,0.508495048451892,1000
1010,237,early_benefit,0.3766925345924692,0.24026830056694898,0.5051390693626953,1000
1010,238,early_benefit,0.33112554663437255,0.20401534437852836,0.4657959303885023,1000
1010,239,early_benefit,0.3305102303902645,0.19215168721059883,0.4685002239341954,1000
1010,240,early_benefit,0.288132581828894,0.1535776125725453,0.4262106700173393,1000
1010,241,early_benefit,0.36766444870170734,0.23696542210122512,0.49436052240374007,1000
1010,242,early_benefit,0.30473845871385796,0.1800400958893253,0.4342475256564845,1000
1010,243,early_benefit,0.43004206072882933,0.29037234312924365,0.5632868376168937,1000
1010,244,early_benefit,0.43429854166051785,0.3033336108758653,0.5674360072569415,1000
1010,245,early_benefit,0.2241743648536314,0.0868825222530936,0.3548321177999858,1000
1010,246,early_benefit,0.35455790617489,0.21726262083337286,0.49137729858487045,1000
1010,247,early_benefit,0.487091769827932,0.3602608665800622,0.6313569430690508,1000
1010,248,early_benefit,0.3263037572533811,0.1928621310534126,0.45535770221066924,1000
1010,249,early_benefit,0.3148531969751627,0.1811356162496365,0.44615753998518065,1000
1010,250,early_benefit,0.3851572556215035,0.2509880517983214,0.5182662445517543,1000
1010,251,early_benefit,0.2492174452252538,0.11319561941500197,0.39064982838783646,1000
1010,252,early_benefit,0.35895227492694515,0.2214349234830873,0.49131466237307436,1000
1010,253,early_benefit,0.4078503487226235,0.26076065902752926,0.5378366390709767,1000
1010,254,early_benefit,0.27020850080385816,0.1284617487512647,0.4058272028652129,1000
1010,255,early_benefit,0.27970170740455247,0.14683363168145233,0.4120518135715854,1000
1010,256,early_benefit,0.30452860724024156,0.16949929801971297,0.44139057627403544,1000
1010,257,early_benefit,0.43905438435951716,0.30251492240024586,0.577155362250459,1000
1010,258,early_benefit,0.3021754404234973,0.16831035414420414,0.43791274923825413,1000
1010,259,early_benefit,0.36158564040808017,0.21663793527711792,0.5099965045108777,1000
1010,260,early_benefit,0.389101419536666,0.26624916820987143,0.5158828106750442,1000
1010,261,early_benefit,0.2970031570901175,0.16358160311339398,0.43121697808208453,1000
1010,262,early_benefit,0.42808872716199176,0.28164419523461964,0.5701116079482919,1000
1010,263,early_benefit,0.31673387862325075,0.1925686433570616,0.4414070045993085,1000
1010,264,early_benefit,0.3027651259168924,0.15990536950305045,0.434004119631225,1000
1010,265,early_benefit,0.44072291199212943,0.3115996179390007,0.5851983941048778,1000
1010,266,early_benefit,0.3345976757043836,0.19997944059899123,0.4752260607789675,1000
1010,267,early_benefit,0.44637212955846817,0.31439239327686375,0.576078580191336,1000
1010,268,early_benefit,0.4009429770868982,0.25390452543802944,0.5329581502339465,1000
1010,269,early_benefit,0.38878757489753735,0.25282089234452315,0.5352888200812669,1000
1010,270,early_benefit,0.28699901766374225,0.14863547984522746,0.4186068734128108,1000
1010,271,early_benefit,0.31208309986033234,0.17533807887842368,0.43567652064350226,1000
1010,272,early_benefit,0.31980651361608814,0.18685502068176277,0.4458349535775043,1000
1010,273,early_benefit,0.2508957294809928,0.11021252657233273,0.38373252931233975,1000
1010,274,early_benefit,0.2965184079518841,0.167934992021477,0.43633971680494094,1000
1010,275,early_benefit,0.384642132933124,0.24849044636227374,0.5128262230456732,1000
1010,276,early_benefit,0.2506259813471785,0.11371081937035277,0.38388563504212425,1000
1010,277,early_benefit,0.3804058906372143,0.23829638221802343,0.5207808773012532,1000
1010,278,early_benefit,0.19424707949687825,0.05785677105995513,0.32214080140987766,1000
1010,279,early_benefit,0.340736318346627,0.20343121967183694,0.470662927020362,1000
1010,280,early_benefit,0.39138998533415137,0.2655800291740911,0.5222726593007377,1000
1010,281,early_benefit,0.4535843326221052,0.3268553571252334,0.5844229799263606,1000
1010,282,early_benefit,0.5029843986225564,0.37418261482532844,0.642293627817449,1000
1010,283,early_benefit,0.2513306007956242,0.13068200553119913,0.3813755039778394,1000
1010,284,early_benefit,0.2578876723965071,0.1182667661049,0.40201729163085265,1000
1010,285,early_benefit,0.3596620300290674,0.22338252525277247,0.49329070088936716,1000
1010,286,early_benefit,0.39558035226702337,0.2636141500504399,0.5349651868635383,1000
1010,287,early_benefit,0.33951055220477677,0.20880241580250875,0.47082746793254454,1000
1010,288,early_benefit,0.31228519552835543,0.17673375042456108,0.4400368764685143,1000
1010,289,early_benefit,0.29669504637281197,0.1551127722022099,0.43609591513469764,1000
1010,290,early_benefit,0.3317215326098246,0.19019690009518248,0.47421987805772386,1000
1010,291,early_benefit,0.32052167322282266,0.17822636537766368,0.44953525387642684,1000
1010,292,early_benefit,0.3467478015866039,0.20868960642985707,0.48072665931437747,1000
1010,293,early_benefit,0.37054887813893167,0.23991913433709594,0.4992678476188502,1000
1010,294,early_benefit,0.3328040646885966,0.20062807528287802,0.4769277393905674,1000
1010,295,early_benefit,0.3905477531525623,0.25967708832000974,0.5193724081399879,1000
1010,296,early_benefit,0.2775892967240887,0.13874154858499024,0.4138672010276182,1000
1010,297,early_benefit,0.2934466233697557,0.15410627555131834,0.43093061677622396,1000
1010,298,early_benefit,0.24932450532883932,0.11208425115607386,0.37444701647390055,1000
1010,299,early_benefit,0.21115018830178878,0.08473479675513663,0.35219597152446547,1000
1010,300,early_benefit,0.2675141511327892,0.1423997161955739,0.40296856945140364,1000
1010,301,early_benefit,0.29548135298987255,0.1611203242542654,0.43388435446529133,1000
1010,302,early_benefit,0.31268319566158453,0.18280978974138187,0.4418018748284098,1000
1010,303,early_benefit,0.40321665948551644,0.26931148441368774,0.5271311183860843,1000
1010,304,early_benefit,0.25415235579597084,0.11965834026903492,0.38581628016462927,1000
1010,305,early_benefit,0.2622740229034184,0.13110469404230965,0.39777802499394266,1000
1010,306,early_benefit,0.24241047305602237,0.1008435239515759,0.3725117077685615,1000
1010,307,early_benefit,0.296267728992337,0.16122896832523217,0.4289487802071254,1000
1010,308,early_benefit,0.36716801653758235,0.22987609585462734,0.49887376177918413,1000
1010,309,early_benefit,0.3739946148839204,0.2348312688568507,0.5031526376878354,1000
1010,310,early_benefit,0.32258126129486087,0.1868852757582516,0.4782600734066307,1000
1010,311,early_benefit,0.3641699565803851,0.23186725252352325,0.4959060370446125,1000
1010,312,early_benefit,0.26452786030626996,0.12750562866120674,0.39929332468317336,1000
1010,313,early_benefit,0.3898672145156712,0.2610606354032007,0.5164460042277228,1000
1010,314,early_benefit,0.25403326185327435,0.11475275125654587,0.388449243714654,1000
1010,315,early_benefit,0.3564887013875193,0.219796265476778,0.49360359222041095,1000
1010,316,early_benefit,0.3981722467258191,0.2683687280400964,0.5242863616775201,1000
1010,317,early_benefit,0.3250227336943561,0.1857276286960232,0.4656887937030814,1000
1010,318,early_benefit,0.38175459324703187,0.2562357190790784,0.5105904100136582,1000
1010,319,early_benefit,0.3183675447217631,0.17462618725374102,0.4488271040978564,1000
1010,320,early_benefit,0.4016428472661886,0.2694605707492781,0.5325807537899527,1000
1010,321,early_benefit,0.37044197412124946,0.24402671725647823,0.5024501717954726,1000
1010,322,early_benefit,0.3390999492315929,0.20660158698471917,0.47445829741141676,1000
1010,323,early_benefit,0.3181306923321894,0.18030968532354863,0.4415645227319582,1000
1010,324,early_benefit,0.2918682679562621,0.1609503306489108,0.4192026194969285,1000
1010,325,early_benefit,0.2591926139050118,0.12664846717366737,0.4024617834164445,1000
1010,326,early_benefit,0.2798447103043369,0.13866411964110362,0.41743843700057265,1000
1010,327,early_benefit,0.3223260709330136,0.192324867776166,0.45652463813344474,1000
1010,328,early_benefit,0.3631887311358337,0.23058304993176937,0.5041014533475471,1000
1010,329,early_benefit,0.3477509736397906,0.20884477208502575,0.4786798041693909,1000
1010,330,early_benefit,0.47249443852978246,0.33716364178870134,0.6183843901993695,1000
1010,331,early_benefit,0.34784622737843707,0.1986920519786045,0.48511610184575515,1000
1010,332,early_benefit,0.3454873966123815,0.20827656124462884,0.487770578525466,1000
1010,333,early_benefit,0.4596260602521083,0.31886155307363556,0.5868124951563943,1000
1010,334,early_benefit,0.4040762225713017,0.2657071179547206,0.5501797499039001,1000
1010,335,early_benefit,0.39070499969279293,0.2551130026024003,0.5218384380680312,1000
1010,336,early_benefit,0.3399258094867914,0.2095286286550656,0.4854117638963471,1000
1010,337,early_benefit,0.3100479772849738,0.17191214909080627,0.4420698231708768,1000
1010,338,early_benefit,0.3517216812693609,0.22470809457981086,0.49649068698501353,1000
1010,339,early_benefit,0.3251874085726105,0.1949619978394061,0.45892319310381496,1000
1010,340,early_benefit,0.42020245499200204,0.2729197652549136,0.563705341019915,1000
1010,341,early_benefit,0.36574136386377987,0.23142571577440485,0.5004207230622133,1000
1010,342,early_benefit,0.3079898459158308,0.16323528875775772,0.4356923392440346,1000
1010,343,early_benefit,0.3811092850523403,0.2442066360018449,0.5236571583487646,1000
1010,344,early_benefit,0.3231600445833651,0.17928946818078179,0.4609300151623297,1000
1010,345,early_benefit,0.39106258725161114,0.25973273562448573,0.5285922051503474,1000
1010,346,early_benefit,0.3425190210039961,0.2015120349170697,0.48037850371059504,1000
1010,347,early_benefit,0.4216546823122198,0.2884592324158236,0.5664290803866125,1000
1010,348,early_benefit,0.2555827337518588,0.10158597569217936,0.3986999479468451,1000
1010,349,early_benefit,0.2830249282355628,0.14533590100835964,0.4186271717170461,1000
1010,350,early_benefit,0.21342940662880538,0.0871253904902328,0.3452931556212659,1000
1010,351,early_benefit,0.339862264686154,0.20621447297454498,0.4768468720363611,1000
1010,352,early_benefit,0.23057354061420732,0.0980352830904624,0.36930875657571516,1000
1010,353,early_benefit,0.26303286209827537,0.13288552139585608,0.4056208425947428,1000
1010,354,early_benefit,0.41612731122617896,0.2757492063929744,0.5445009449556015,1000
1010,355,early_benefit,0.45013272187961384,0.30609880465782646,0.5789487860051166,1000
1010,356,early_benefit,0.3888643532246183,0.2600931564965177,0.5160724275854139,1000
1010,357,early_benefit,0.2209373878495331,0.08951670146174813,0.35370756762464656,1000
1010,358,early_benefit,0.4129876996899444,0.27198996575473583,0.5550486184095523,1000
1010,359,early_benefit,0.3353235047932608,0.2026915590767878,0.46945402559552984,1000
1010,360,early_benefit,0.34119873290058367,0.2119399862245574,0.4730985977321127,1000
1010,361,early_benefit,0.3672277142055842,0.2287685551198295,0.5056045363407823,1000
1010,362,early_benefit,0.23012089363245014,0.08047810865075533,0.3585136839375499,1000
1010,363,early_benefit,0.3217226059576337,0.18121647231773497,0.4626974371205606,1000
1010,364,early_benefit,0.38548478156801824,0.25870103958502894,0.5202157228431967,1000
1010,365,early_benefit,0.2865717542577171,0.15153694506599785,0.41040987124941697,1000
1010,366,early_benefit,0.4830904642056826,0.3507291006692385,0.6242621287957563,1000
1010,367,early_benefit,0.271185519400412,0.14371919222587523,0.400484423469613,1000
1010,368,early_benefit,0.43624404949310325,0.30462116189528377,0.5782267723844992,1000
1010,369,early_benefit,0.39305853689180204,0.26041430498088125,0.5256311231695524,1000
1010,370,early_benefit,0.2534437837682866,0.11868832119950078,0.388229833565273,1000
1010,371,early_benefit,0.27845651105632196,0.13660810863749598,0.4098388728743069,1000
1010,372,early_benefit,0.30039235854758495,0.15369059456588782,0.4396012237628875,1000
1010,373,early_benefit,0.24147388200469022,0.10955353483611731,0.3700068540676042,1000
1010,374,early_benefit,0.26034769112225,0.11571398961212424,0.39509066120928926,1000
1010,375,early_benefit,0.4008920489779464,0.2637705462448438,0.5419772402487176,1000
1010,376,early_benefit,0.28896692563273296,0.159145504713513,0.42101786460273694,1000
1010,377,early_benefit,0.2721928708603705,0.12963536780246498,0.4183748998726646,1000
1010,378,early_benefit,0.302254862230507,0.1699035408914437,0.43797293647999036,1000
1010,379,early_benefit,0.34187856569674224,0.20527624978188364,0.47668174831188154,1000
1010,380,early_benefit,0.39811505861695107,0.2687293069427365,0.5335990370997181,1000
1010,381,early_benefit,0.33288243473605306,0.19098174868681217,0.465093502382364,1000
1010,382,early_benefit,0.45524459944563356,0.31501771185355915,0.5955845022647667,1000
1010,383,early_benefit,0.4781744563736976,0.3435273472815573,0.6176699603732,1000
1010,384,early_benefit,0.22724038116244039,0.10331374463854802,0.3557693783076603,1000
1010,385,early_benefit,0.3562578046477074,0.2241850347163538,0.49150903476098756,1000
1010,386,early_benefit,0.32910409074359004,0.19564423075096077,0.46038185036798923,1000
1010,387,early_benefit,0.3691128703293334,0.23221801950547546,0.503928034279535,1000
1010,388,early_benefit,0.28246653543758127,0.14729496251387847,0.41945335257738,1000
1010,389,early_benefit,0.37763114215774873,0.24214954626230464,0.5152682122303632,1000
1010,390,early_benefit,0.15637982221899982,0.025708427598174138,0.2848793234824878,1000
1010,391,early_benefit,0.3325015139410681,0.19286422825998265,0.46011812133992946,1000
1010,392,early_benefit,0.21003093305044063,0.06575011036951134,0.3449785275775427,1000
1010,393,early_benefit,0.21659184309202972,0.06769848053410037,0.3537122438126399,1000
1010,394,early_benefit,0.24057123960831595,0.10971808259730685,0.37261350726382103,1000
1010,395,early_benefit,0.27681499540248566,0.14217370384174097,0.41417877266209224,1000
1010,396,early_benefit,0.3256821463347528,0.19240739338165275,0.45964582818839755,1000
1010,397,early_benefit,0.320282655550713,0.17749992480635454,0.4549187094130277,1000
1010,398,early_benefit,0.33410704288560167,0.20069717477846155,0.4675040130850189,1000
1010,399,early_benefit,0.432743871008753,0.3035452933654275,0.5759536539654836,1000
1010,400,early_benefit,0.28704962294001346,0.16005126191068036,0.42223883563727405,1000
1010,401,early_benefit,0.39625449964964066,0.2600963184910603,0.5351513961585532,1000
1010,402,early_benefit,0.36982665089355127,0.2280688909257729,0.5098014064860885,1000
1010,403,early_benefit,0.2305558505079075,0.09237898295693983,0.3759377571463953,1000
1010,404,early_benefit,0.22167255966583843,0.08569288333151966,0.3606249953340924,1000
1010,405,early_benefit,0.32340207080062244,0.1892535781968911,0.45474697229373323,1000
1010,406,early_benefit,0.3472870603946987,0.21714067125298192,0.4868784497660504,1000
1010,407,early_benefit,0.3105438818846462,0.18184642209289967,0.45056933620294815,1000
1010,408,early_benefit,0.3326430652234764,0.19497739485039417,0.46269933333742125,1000
1010,409,early_benefit,0.37561808833123544,0.23952989073725608,0.5088365431712308,1000
1010,410,early_benefit,0.36218110643450396,0.2159236898523791,0.4985701392802031,1000
1010,411,early_benefit,0.35382585398580346,0.22268211921332456,0.4833762494507408,1000
1010,412,early_benefit,0.3484642649107439,0.20073435387673194,0.4824285748146202,1000
1010,413,early_benefit,0.3624125988056708,0.2227486982629735,0.49800961949941724,1000
1010,414,early_benefit,0.374338629733058,0.2488926152386303,0.5099150731980957,1000
1010,415,early_benefit,0.30486293039483403,0.15546877385360974,0.4470819407390244,1000
1010,416,early_benefit,0.25370346226684015,0.11173805160860738,0.3866006322478724,1000
1010,417,early_benefit,0.3597284602340971,0.21883242135380113,0.49221127048550595,1000
1010,418,early_benefit,0.26455973212412065,0.13499606212893617,0.40401987255802235,1000
1010,419,early_benefit,0.31084478366245527,0.17453794743586634,0.4505381358600518,1000
1010,420,early_benefit,0.3101620756376451,0.16543044767901136,0.4427163995606659,1000
1010,421,early_benefit,0.41482556712706753,0.2804414461374063,0.5496056320709027,1000
1010,422,early_benefit,0.2588339018922685,0.12296860082784777,0.3954532120253192,1000
1010,423,early_benefit,0.3501569176151076,0.21276394604938179,0.49449859981992084,1000
1010,424,early_benefit,0.31039324646926625,0.1760228021183967,0.4460875965585262,1000
1010,425,early_benefit,0.4003655426323345,0.2709246158086913,0.536840438805634,1000
1010,426,early_benefit,0.36165361591327594,0.2290266156876356,0.49314797086959206,1000
1010,427,early_benefit,0.39494333344676047,0.26648414625757605,0.5353870880398532,1000
1010,428,early_benefit,0.32394547041961186,0.1763408074063529,0.4558364000113679,1000
1010,429,early_benefit,0.26126651246662025,0.12352350985520316,0.39959113254886874,1000
1010,430,early_benefit,0.30842832178158996,0.18592796107497755,0.4428364018119864,1000
1010,431,early_benefit,0.2895577922135324,0.1627427166312103,0.43881468837377213,1000
1010,432,early_benefit,0.32795283632445127,0.19664560573950127,0.4564187104101986,1000
1010,433,early_benefit,0.4329231393304176,0.3010874562048667,0.5667620095575748,1000
1010,434,early_benefit,0.19738553586151486,0.06457833312940336,0.34170615150899825,1000
1010,435,early_benefit,0.29060672036518165,0.1548168768950625,0.43081138988302087,1000
1010,436,early_benefit,0.38140544583563285,0.23969997342425345,0.5069008680445741,1000
1010,437,early_benefit,0.32262454199124946,0.1876245290013442,0.4498442420593445,1000
1010,438,early_benefit,0.36397037915702635,0.22826676380636757,0.5009836187266216,1000
1010,439,early_benefit,0.2826687333898832,0.13578236615362663,0.4117658166577731,1000
1010,440,early_benefit,0.3760271610549091,0.24648152999317555,0.517214716641818,1000
1010,441,early_benefit,0.31551011452129263,0.18144966061999296,0.44278750354316265,1000
1010,442,early_benefit,0.2932815521988803,0.15545960119380794,0.43421786290790054,1000
1010,443,early_benefit,0.30852706722652545,0.17732127470837253,0.45019015234315907,1000
1010,444,early_benefit,0.43000174755427967,0.29732537048027263,0.5587925364574543,1000
1010,445,early_benefit,0.25299615288457167,0.11486164622127223,0.3908867788874301,1000
1010,446,early_benefit,0.30338943233306104,0.16134342099612,0.42679005550635507,1000
1010,447,early_benefit,0.35119885394908046,0.21155271047426558,0.49305036011099795,1000
1010,448,early_benefit,0.28607884768373015,0.15481474951932742,0.40835136098420444,1000
1010,449,early_benefit,0.25272118741983407,0.11714318133305304,0.3869000851305985,1000
1010,450,early_benefit,0.2962233978769837,0.1663320403513531,0.4214179648063327,1000
1010,451,early_benefit,0.2608458376269778,0.12654393284105092,0.41058380582654086,1000
1010,452,early_benefit,0.3498980230021709,0.2217585078731879,0.47035627648207196,1000
1010,453,early_benefit,0.3509245478470717,0.20933383748537174,0.4911834529651539,1000
1010,454,early_benefit,0.307416023543996,0.17930639857233993,0.44944922402854565,1000
1010,455,early_benefit,0.21821256379534093,0.074139878377512,0.3582699266317684,1000
1010,456,early_benefit,0.25104393037312844,0.11290954957723347,0.39776550711859054,1000
1010,457,early_benefit,0.3786887389764191,0.24042943024403898,0.5130846120456145,1000
1010,458,early_benefit,0.2903543836806626,0.146240424340219,0.42107879801042497,1000
1010,459,early_benefit,0.2054960117580351,0.06731308289226515,0.3478269688585194,1000
1010,460,early_benefit,0.3569976614691006,0.2221166879512247,0.4929528147763975,1000
1010,461,early_benefit,0.28567725716623205,0.1483763523671463,0.42146914829712273,1000
1010,462,early_benefit,0.3499347414370999,0.217442290198076,0.48080405868001974,1000
1010,463,early_benefit,0.34245594702350024,0.20626436675666898,0.4822927475504172,1000
1010,464,early_benefit,0.3536142824310331,0.22244578558639289,0.47935417096935107,1000
1010,465,early_benefit,0.31810326428927116,0.19044239485945605,0.4465606530185985,1000
1010,466,early_benefit,0.4537384633239476,0.32419330716195127,0.5787884931593941,1000
1010,467,early_benefit,0.3159927899728321,0.17040114756996383,0.44571631624675306,1000
1010,468,early_benefit,0.3370489450424712,0.20093817130795216,0.46228404890595226,1000
1010,469,early_benefit,0.3862991645392202,0.2498763344310331,0.5211648500223258,1000
1010,470,early_benefit,0.45232720008927174,0.3129478436077832,0.5946736506710626,1000
1010,471,early_benefit,0.27530201391839704,0.15404329640852157,0.4173994842531519,1000
1010,472,early_benefit,0.38023136680759695,0.24557877604005995,0.51423560077228,1000
1010,473,early_benefit,0.30636437430967023,0.17959186358010773,0.44746213147345637,1000
1010,474,early_benefit,0.31172286352722267,0.17800307127525494,0.4512086207292713,1000
1010,475,early_benefit,0.37430254215773084,0.23586645342690388,0.5127235065417705,1000
1010,476,early_benefit,0.2806512288962315,0.14823639731513266,0.4150258430548014,1000
1010,477,early_benefit,0.33406113873978294,0.19943323229553933,0.46652226677524766,1000
1010,478,early_benefit,0.28089472877864363,0.14480183945438949,0.41164479073115295,1000
1010,479,early_benefit,0.3678777988559494,0.23487626126434002,0.5008905304119132,1000
1010,480,early_benefit,0.2781250405972262,0.1468320533511419,0.41566019135306764,1000
1010,481,early_benefit,0.25411394776249363,0.11636633131435961,0.39060179585859167,1000
1010,482,early_benefit,0.3046311898041445,0.1758816474501957,0.4472297194505942,1000
1010,483,early_benefit,0.2798739374792367,0.1423545515878289,0.42194266648787776,1000
1010,484,early_benefit,0.4192696888752869,0.2902707387088508,0.5456110909914683,1000
1010,485,early_benefit,0.4329485742903221,0.308160604400185,0.5807749231343358,1000
1010,486,early_benefit,0.3153872526051553,0.1828354460637746,0.44927209189002665,1000
1010,487,early_benefit,0.3558388312918508,0.22448059147059668,0.4914998374931687,1000
1010,488,early_benefit,0.35797236357366025,0.21845778500047902,0.48723130555695365,1000
1010,489,early_benefit,0.3813847111894546,0.2529488196244152,0.5170551524244077,1000
1010,490,early_benefit,0.4266111960124057,0.2959997773566557,0.5556999665047483,1000
1010,491,early_benefit,0.3434157469925925,0.20942431679711784,0.47512926682298956,1000
1010,492,early_benefit,0.3203525142374408,0.1908350830732686,0.43973249677423054,1000
1010,493,early_benefit,0.2252901516352135,0.08796890393380853,0.3613718794926289,1000
1010,494,early_benefit,0.3419557734787131,0.19801086939197562,0.46752075435054713,1000
1010,495,early_benefit,0.3370920335321421,0.20187750556024625,0.4762736973868189,1000
1010,496,early_benefit,0.39810065349710566,0.25313952582771276,0.5220123197399152,1000
1010,497,early_benefit,0.3421944359355398,0.22306025842506716,0.47743583213007795,1000
1010,498,early_benefit,0.290106301788275,0.16435129267392348,0.418750062282309,1000
1010,499,early_benefit,0.25883951465467936,0.10632543452043923,0.394522003006168,1000
1010,500,early_benefit,0.31801325238842715,0.18021612587131575,0.45825590232683877,1000
1010,501,early_benefit,0.3839556406185616,0.25170007191053856,0.5154046719769375,1000
1010,502,early_benefit,0.37974584046198334,0.2445746604996464,0.5100989758765788,1000
1010,503,early_benefit,0.25597059001639044,0.11770563550906006,0.38457746608607646,1000
1010,504,early_benefit,0.2441146006164292,0.10739349905282851,0.38228495087352987,1000
1010,505,early_benefit,0.34653968328894447,0.21517694299633677,0.4788951228023526,1000
1010,506,early_benefit,0.283543934513935,0.15130137679807146,0.41466545293492557,1000
1010,507,early_benefit,0.2469857033386047,0.10803416877448264,0.37847376798189425,1000
1010,508,early_benefit,0.26596221724132896,0.13678688251770407,0.4010714799440711,1000
1010,509,early_benefit,0.23734968022020642,0.11053111778358059,0.3733594670588152,1000
1010,510,early_benefit,0.32344616370022905,0.18849657996434155,0.4506723767766393,1000
1010,511,early_benefit,0.3851073379529568,0.23521134375839944,0.5207473527525552,1000
1010,512,early_benefit,0.38900258146612865,0.2543826426209697,0.5185493911314979,1000
1010,513,early_benefit,0.2713893422728444,0.13292842838304603,0.4117129774129469,1000
1010,514,early_benefit,0.40500585714089077,0.2750081226488161,0.5312509535185542,1000
1010,515,early_benefit,0.29420465912204463,0.1598864294842696,0.4395900532118733,1000
1010,516,early_benefit,0.3233222893942038,0.19405425246344413,0.4617448583652462,1000
1010,517,early_benefit,0.3881316271822697,0.2518052976084864,0.5165154207392411,1000
1010,518,early_benefit,0.2353845369663392,0.09587122905816985,0.3710779359358252,1000
1010,519,early_benefit,0.3789545561729204,0.23595273225364602,0.5106787179330204,1000
1010,520,early_benefit,0.3134460236568488,0.17786423399026774,0.4442879651765829,1000
1010,521,early_benefit,0.3788552338035771,0.23682603699176413,0.5246796547416029,1000
1010,522,early_benefit,0.3402887921366169,0.20542064982519426,0.48175904887637516,1000
1010,523,early_benefit,0.24213666141343637,0.10891866546862056,0.377941519596505,1000
1010,524,early_benefit,0.38450634803895767,0.25322500084727045,0.5143033671438917,1000
1010,525,early_benefit,0.32384037283581213,0.18082180726705518,0.4660861488462993,1000
1010,526,early_benefit,0.3798127108186291,0.2527695118292654,0.5156189706110005,1000
1010,527,early_benefit,0.4077105678234183,0.2573642519488405,0.5373236420226182,1000
1010,528,early_benefit,0.37563962893171343,0.22444568233179085,0.5131466279685577,1000
1010,529,early_benefit,0.24094299953987264,0.10988327592431818,0.37535725316475754,1000
1010,530,early_benefit,0.44392123670183636,0.3128761221118465,0.575153427066429,1000
1010,531,early_benefit,0.18605317195341753,0.04428146111598745,0.3228451082984622,1000
1010,532,early_benefit,0.25827509393364245,0.11670029446490679,0.3901587799266172,1000
1010,533,early_benefit,0.3806268375345212,0.24537424171075659,0.5116851967120156,1000
1010,534,early_benefit,0.3634568949637962,0.2307108841826036,0.4793659219070636,1000
1010,535,early_benefit,0.3038604124152857,0.16799714846822905,0.4370488253674,1000
1010,536,early_benefit,0.17129105336891248,0.04543189046243417,0.3039843656050749,1000
1010,537,early_benefit,0.4364993113503908,0.2993520883429467,0.5747945178029789,1000
1010,538,early_benefit,0.24625350361405873,0.1115550719464498,0.38463463575556833,1000
1010,539,early_benefit,0.288851225704311,0.14772003845361456,0.4291804735201966,1000
1010,540,early_benefit,0.41092664785430477,0.2706531302558434,0.5395725304114404,1000
1010,541,early_benefit,0.316889730042889,0.18556781853738374,0.4581272820716975,1000
1010,542,early_benefit,0.4263961717836513,0.2926442971769547,0.5611523336193635,1000
1010,543,early_benefit,0.3344975859112842,0.1952016134953571,0.46838681294998313,1000
1010,544,early_benefit,0.2823282886703238,0.1521683980952021,0.41599286038194433,1000
1010,545,early_benefit,0.46465871680101145,0.3398123237966843,0.5970424848728295,1000
1010,546,early_benefit,0.40837235339363254,0.2620958912812334,0.5430729553439247,1000
1010,547,early_benefit,0.39499110476517973,0.2610702508719446,0.5268495558640502,1000
1010,548,early_benefit,0.39345211240603284,0.27366466160724007,0.5363257631609588,1000
1010,549,early_benefit,0.37578448190281,0.23315461733710868,0.5138090664143287,1000
1010,550,early_benefit,0.3165257768179779,0.18639622193053038,0.451498866026234,1000
1010,551,early_benefit,0.3160934009960066,0.190200128360606,0.4517836045803894,1000
1010,552,early_benefit,0.24204090586929095,0.11786741986660072,0.37618496699672505,1000
1010,553,early_benefit,0.29240960807516325,0.16733391371959827,0.42562222640061914,1000
1010,554,early_benefit,0.42812346857185135,0.28883028465047833,0.5569895380234425,1000
1010,555,early_benefit,0.2354097782080773,0.09995647611458768,0.35961784283731923,1000
1010,556,early_benefit,0.38612143805538945,0.2588892021098092,0.5327204665851962,1000
1010,557,early_benefit,0.32071917223048896,0.1746904018166079,0.4536983035380696,1000
1010,558,early_benefit,0.3905849355103874,0.26189529867677164,0.5125417644859889,1000
1010,559,early_benefit,0.20669357097343655,0.0640760208619621,0.3430599073642418,1000
1010,560,early_benefit,0.30694448893669257,0.17002505874573798,0.4389460854082843,1000
1010,561,early_benefit,0.23636710804315175,0.10187332104933258,0.37545534902096384,1000
1010,562,early_benefit,0.42035480960174443,0.2776201268596952,0.5613931812790341,1000
1010,563,early_benefit,0.2660564069723086,0.130665524650657,0.39570036135413006,1000
1010,564,early_benefit,0.23594053694272787,0.10038079314727226,0.37103178858159536,1000
1010,565,early_benefit,0.3411382510845682,0.2062497796551889,0.48225248406315,1000
1010,566,early_benefit,0.2895180699349269,0.15740802779904722,0.4216556996746434,1000
1010,567,early_benefit,0.34355823340905944,0.2029214344297748,0.4808171623302155,1000
1010,568,early_benefit,0.2752458070727455,0.14695486889706497,0.40237426591965875,1000
1010,569,early_benefit,0.3937890272208673,0.26075377749843964,0.5312199884269037,1000
1010,570,early_benefit,0.37049742798472174,0.23687907903850347,0.507320400647168,1000
1010,571,early_benefit,0.3174835371869884,0.17812744286078608,0.45687263475535644,1000
1010,572,early_benefit,0.30935427761032175,0.17763985474178107,0.44215733961443765,1000
1010,573,early_benefit,0.28538012378287414,0.150413337710671,0.41921389405853193,1000
1010,574,early_benefit,0.37559026261514505,0.24681164395686012,0.5012103653724602,1000
1010,575,early_benefit,0.3652126724601885,0.231479579173102,0.49518169929799843,1000
1010,576,early_benefit,0.3140034696269738,0.17114517784919503,0.446546669700189,1000
1010,577,early_benefit,0.4803546323675145,0.3385462768439516,0.6119168408355452,1000
1010,578,early_benefit,0.35325399179377204,0.20959730911835672,0.4796159327719349,1000
1010,579,early_benefit,0.3524088001841421,0.22134441035425792,0.4912597078468281,1000
1010,580,early_benefit,0.3416497960965108,0.2041719256425685,0.47721335069858145,1000
1010,581,early_benefit,0.43164445988586664,0.29419282699520277,0.5618814099355941,1000
1010,582,early_benefit,0.366096998855594,0.23977278402480265,0.5058127613146569,1000
1010,583,early_benefit,0.3452722011578846,0.21701360731727123,0.47812326550518247,1000
1010,584,early_benefit,0.3652248806549183,0.22510127968090668,0.4895819238839374,1000
1010,585,early_benefit,0.23187789857401064,0.09623183259647243,0.3569690752728373,1000
1010,586,early_benefit,0.2999934968698126,0.16293452264044533,0.4303927964729946,1000
1010,587,early_benefit,0.3787860419875315,0.2380267106332799,0.5038494455746948,1000
1010,588,early_benefit,0.2823298586869569,0.1457743224218334,0.4090067552110599,1000
1010,589,early_benefit,0.37132430197450006,0.24182979150072526,0.4930022487242188,1000
1010,590,early_benefit,0.3505999963905726,0.21337068214450344,0.4887399109082306,1000
1010,591,early_benefit,0.38628067402847854,0.2455143276820178,0.5256029350797563,1000
1010,592,early_benefit,0.25639057423115297,0.11562759511927888,0.3928462460828883,1000
1010,593,early_benefit,0.31566558867549244,0.17732293121211873,0.4529469114644452,1000
1010,594,early_benefit,0.2825319567561069,0.15176424810031874,0.41337388696083754,1000
1010,595,early_benefit,0.26976338652388643,0.1341896003266443,0.4043077407789172,1000
1010,596,early_benefit,0.33392588498462317,0.19387002573153878,0.4692393088024398,1000
1010,597,early_benefit,0.47470475826403646,0.33276196188971174,0.611098531107599,1000
1010,598,early_benefit,0.38334964418464734,0.24523009702178658,0.5194357188810672,1000
1010,599,early_benefit,0.371314604487591,0.25107651959528177,0.5012961485622836,1000
1010,600,early_benefit,0.3902207312159627,0.2482447044360422,0.5198433119415748,1000
1010,601,early_benefit,0.34198168903879234,0.2073380395855062,0.4596877039753196,1000
1010,602,early_benefit,0.22435298563515005,0.09377766769345391,0.36333282081720936,1000
1010,603,early_benefit,0.39546186101169,0.2718404986658167,0.5284565441709091,1000
1010,604,early_benefit,0.36703750413354097,0.23846819458719568,0.502441272851689,1000
1010,605,early_benefit,0.3635496830359597,0.23796090909204567,0.4977764984062852,1000
1010,606,early_benefit,0.18456897848363685,0.050362087317387685,0.3129812631818272,1000
1010,607,early_benefit,0.37424535020623706,0.24436581294494097,0.5057146001746065,1000
1010,608,early_benefit,0.20811147036121014,0.06527400170382984,0.3457695610640431,1000
1010,609,early_benefit,0.36483669367589044,0.22139411020361918,0.4960990639903236,1000
1010,610,early_benefit,0.45312977284774103,0.32489427539774707,0.5927714852216778,1000
1010,611,early_benefit,0.22065915187407015,0.08719677463989507,0.3665120336065404,1000
1010,612,early_benefit,0.41039233069597847,0.2798922562488671,0.5465524944879903,1000
1010,613,early_benefit,0.4080670368095758,0.27897759935345273,0.5351579766941295,1000
1010,614,early_benefit,0.3470012897715673,0.20934802044210765,0.4859034171741444,1000
1010,615,early_benefit,0.3280962741699005,0.19091998423813156,0.45867467773334636,1000
1010,616,early_benefit,0.23507616880166537,0.09251628760225152,0.36665320406891583,1000
1010,617,early_benefit,0.373412770048553,0.22930275474765272,0.5140934010491102,1000
1010,618,early_benefit,0.2580921848349993,0.12635297649925975,0.39427295106499327,1000
1010,619,early_benefit,0.3128686271609471,0.17063984162153473,0.4466079186295881,1000
1010,620,early_benefit,0.32642746353053687,0.18558749336504504,0.46050274573447536,1000
1010,621,early_benefit,0.29488284311697344,0.15507139340838424,0.4214731206795801,1000
1010,622,early_benefit,0.40173986596139155,0.2694283044938434,0.5467895704472128,1000
1010,623,early_benefit,0.34045086959222415,0.20882478013085068,0.47752952218947375,1000
1010,624,early_benefit,0.4715458763464144,0.3359762536014975,0.6132006131154518,1000
1010,625,early_benefit,0.43821383713964357,0.3042666144781875,0.5758471979330892,1000
1010,626,early_benefit,0.29041707177990395,0.15518299056577817,0.4270784203233499,1000
1010,627,early_benefit,0.38089365531004615,0.25795367893665344,0.5119868223647446,1000
1010,628,early_benefit,0.25803188861255855,0.12168878306538948,0.3999625503479468,1000
1010,629,early_benefit,0.3644350520767565,0.229886293712961,0.4911638960612256,1000
1010,630,early_benefit,0.40033589717579954,0.2591883607785628,0.5311585598843702,1000
1010,631,early_benefit,0.3212171618952362,0.18682439797692077,0.4592833940460395,1000
1010,632,early_benefit,0.4280504474112181,0.28864728271013557,0.5609027788600873,1000
1010,633,early_benefit,0.3285598777780123,0.20072663995796747,0.4679140709509917,1000
1010,634,early_benefit,0.42742991935869057,0.2896333154681827,0.5574970456992654,1000
1010,635,early_benefit,0.3904202550486078,0.2576183993517556,0.5204487647911635,1000
1010,636,early_benefit,0.32502438189740124,0.19142486915751936,0.45036168139651117,1000
1010,637,early_benefit,0.37091103231051115,0.239521941983157,0.5059120140572366,1000
1010,638,early_benefit,0.3406622758644948,0.2081921775855898,0.4638426304616575,1000
1010,639,early_benefit,0.36129718974223746,0.2255103596209833,0.4905645452530125,1000
1010,640,early_benefit,0.31437825303585765,0.1739045067070067,0.4580708898680765,1000
1010,641,early_benefit,0.29666012453810575,0.16108739194469757,0.4334227087766657,1000
1010,642,early_benefit,0.30338599936753763,0.16257222218221803,0.43785731938800027,1000
1010,643,early_benefit,0.3011291363848958,0.16242303665115748,0.4386072293329081,1000
1010,644,early_benefit,0.4182664781579706,0.28822017457023374,0.5561504268987811,1000
1010,645,early_benefit,0.3689538884922956,0.23363249986936852,0.5076907200386244,1000
1010,646,early_benefit,0.3442680627614698,0.21104336472241653,0.47563756168223476,1000
1010,647,early_benefit,0.3161430697814298,0.16901320259960595,0.4504983711853343,1000
1010,648,early_benefit,0.4432442301969566,0.3146392413424957,0.5806770877182003,1000
1010,649,early_benefit,0.3185617708717494,0.179532802171793,0.44956890538190647,1000
1010,650,early_benefit,0.3938585999674218,0.26817882807593574,0.5338231726486102,1000
1010,651,early_benefit,0.340549294380037,0.21076277776622293,0.4769697042696429,1000
1010,652,early_benefit,0.3467123796659193,0.21648335541500877,0.4856474415100855,1000
1010,653,early_benefit,0.254717088474925,0.12872601966643346,0.39414664614542716,1000
1010,654,early_benefit,0.3462961701156053,0.21743770165257323,0.4831629608484027,1000
1010,655,early_benefit,0.29266366400034727,0.15319892322775647,0.43148157216386035,1000
1010,656,early_benefit,0.3519607319381475,0.22945052488040968,0.5011564525711957,1000
1010,657,early_benefit,0.3751782612396659,0.24545630828084816,0.5024637455713383,1000
1010,658,early_benefit,0.2588212512989858,0.12413245872272421,0.3898166590850956,1000
1010,659,early_benefit,0.2388485007811223,0.09132958734563983,0.37128788009932934,1000
1010,660,early_benefit,0.3132849165840881,0.1797632992501556,0.43444177782014803,1000
1010,661,early_benefit,0.32883344848821405,0.18871571415930116,0.46167991447372536,1000
1010,662,early_benefit,0.25517832719303435,0.12959001559605163,0.3851393168088984,1000
1010,663,early_benefit,0.4040927654802413,0.2634784750003421,0.5410351880482683,1000
1010,664,early_benefit,0.3421620808260628,0.21077877227880806,0.47508316890090724,1000
1010,665,early_benefit,0.27366332414538785,0.1392372321786236,0.4055574087067428,1000
1010,666,early_benefit,0.35950474878529803,0.2160962525137611,0.49156850403058844,1000
1010,667,early_benefit,0.16353963918318515,0.03565213922299587,0.30821068522115974,1000
1010,668,early_benefit,0.3400694032407303,0.20877512007296856,0.46882644605204205,1000
1010,669,early_benefit,0.3759423197550569,0.2297198356309993,0.5153530534119507,1000
1010,670,early_benefit,0.4117900097497351,0.2755464930058705,0.5419923094850319,1000
1010,671,early_benefit,0.3933084567255394,0.26093472192191175,0.5170581437506985,1000
1010,672,early_benefit,0.3518838298348377,0.2277983125955273,0.4818858591874731,1000
1010,673,early_benefit,0.40209078367633566,0.265237356074826,0.5325310519120551,1000
1010,674,early_benefit,0.21308743215720094,0.07834060989815302,0.3459671513878284,1000
1010,675,early_benefit,0.3926438460883195,0.2551839001882035,0.5326666530733046,1000
1010,676,early_benefit,0.3765189077879487,0.24166920200435063,0.5074317955013725,1000
1010,677,early_benefit,0.32596623147250714,0.1887061535340333,0.46146530527864515,1000
1010,678,early_benefit,0.3205849482546559,0.18032225045905095,0.4508948683872223,1000
1010,679,early_benefit,0.28886183094772644,0.15659180046458498,0.43169440363900163,1000
1010,680,early_benefit,0.38065398787349514,0.24727395057129176,0.5120656466731776,1000
1010,681,early_benefit,0.36438117045694574,0.23133704473767433,0.49959512334094464,1000
1010,682,early_benefit,0.29399394228522047,0.1508974516832473,0.43133621895546065,1000
1010,683,early_benefit,0.37745515531636586,0.24324552885316233,0.5011340807038184,1000
1010,684,early_benefit,0.20687321113764812,0.08094713399044999,0.33548227166122924,1000
1010,685,early_benefit,0.3121101441453069,0.1856244616679609,0.4479421979618408,1000
1010,686,early_benefit,0.23744636694619192,0.10891656051651562,0.3822711590734955,1000
1010,687,early_benefit,0.284673809001188,0.14912908593707727,0.41210472228126227,1000
1010,688,early_benefit,0.4168477413073588,0.27781744261685426,0.5538539297885777,1000
1010,689,early_benefit,0.41157483397774763,0.2815932965089601,0.5465572358908808,1000
1010,690,early_benefit,0.3072890720609833,0.16999081288204493,0.44401697485667097,1000
1010,691,early_benefit,0.4057734776048867,0.2680243119544342,0.5342458485963739,1000
1010,692,early_benefit,0.39429629482067874,0.25729004984603093,0.5322803755517312,1000
1010,693,early_benefit,0.27913366310350085,0.14263035522496223,0.42140757477961394,1000
1010,694,early_benefit,0.2753875130662702,0.1333629632896192,0.41219507920795645,1000
1010,695,early_benefit,0.3434984765071447,0.1976984140598807,0.47845404589333723,1000
1010,696,early_benefit,0.2770519009376029,0.15011737783718504,0.40914140078158745,1000
1010,697,early_benefit,0.35186531827210876,0.21005776951798777,0.4714236474050663,1000
1010,698,early_benefit,0.3333776768340835,0.18796859522236917,0.47562133850681665,1000
1010,699,early_benefit,0.33076184958426413,0.1940427724966223,0.46237084036480885,1000
1010,700,early_benefit,0.38165044745365595,0.23683714622594193,0.5202134813079223,1000
1010,701,early_benefit,0.23187402618082764,0.09858315393780588,0.3663800801209835,1000
1010,702,early_benefit,0.25559068687603537,0.12736733616314655,0.40164788522884864,1000
1010,703,early_benefit,0.25148704866536065,0.11064167388534657,0.3913366261073665,1000
1010,704,early_benefit,0.3852329693861414,0.2556784429970612,0.5153581271879044,1000
1010,705,early_benefit,0.40706954451765354,0.26474047315474825,0.5351391595206846,1000
1010,706,early_benefit,0.48955171885370596,0.3544235009222663,0.6231566684006983,1000
1010,707,early_benefit,0.44502040317032243,0.30780407230784607,0.5829010982103175,1000
1010,708,early_benefit,0.2993512906203937,0.1599624330664237,0.44351771534813655,1000
1010,709,early_benefit,0.4123293915109487,0.27784795869042367,0.5475833237747345,1000
1010,710,early_benefit,0.3848084191227432,0.2505771336930734,0.5220892660275819,1000
1010,711,early_benefit,0.3066835142241624,0.1757617111743217,0.4401301218797352,1000
1010,712,early_benefit,0.3206584286377998,0.17930650563992717,0.4559204397028122,1000
1010,713,early_benefit,0.21149814359536512,0.07811603449451278,0.35451029750510027,1000
1010,714,early_benefit,0.3646634203443231,0.23349166842878735,0.5064744298470332,1000
1010,715,early_benefit,0.2347149888052633,0.0938227383004392,0.3643151196894235,1000
1010,716,early_benefit,0.312884865278789,0.17678237299730373,0.44002565988456704,1000
1010,717,early_benefit,0.47014571587488696,0.3338636601689152,0.5978223557340817,1000
1010,718,early_benefit,0.3405901459751908,0.19338285815103168,0.47684753982666844,1000
1010,719,early_benefit,0.23781805844319415,0.09967954639390168,0.3641320377044215,1000
1010,720,early_benefit,0.3298096967914641,0.19983568331929727,0.4673860816431417,1000
1010,721,early_benefit,0.34053463830179087,0.21176487772054312,0.46643513419292615,1000
1010,722,early_benefit,0.41524679157223465,0.2785400643259899,0.5425015149298702,1000
1010,723,early_benefit,0.24350636250999225,0.1114312831405309,0.383324170010563,1000
1010,724,early_benefit,0.4179351277814285,0.2817287403734855,0.5522827023184941,1000
1010,725,early_benefit,0.43014739781625577,0.29574303724471085,0.5686665238160401,1000
1010,726,early_benefit,0.281013857120302,0.1452381641847103,0.408883133091611,1000
1010,727,early_benefit,0.41013325677265033,0.26568708198898666,0.5501772104011492,1000
1010,728,early_benefit,0.29759488184974225,0.16082866361637174,0.4316093622414528,1000
1010,729,early_benefit,0.37942060163878244,0.23945930577737565,0.5203852186511537,1000
1010,730,early_benefit,0.3793776355334484,0.24539704003698,0.5168906248211625,1000
1010,731,early_benefit,0.2910709928607984,0.16720631920657503,0.4247268900910364,1000
1010,732,early_benefit,0.2809206109938125,0.14197687810153564,0.4191105120543905,1000
1010,733,early_benefit,0.4095433428459776,0.267773395453369,0.5438035267975785,1000
1010,734,early_benefit,0.28309031915595906,0.13932471003908095,0.4240467520349307,1000
1010,735,early_benefit,0.28818888466992343,0.1439763941973295,0.41837471525502773,1000
1010,736,early_benefit,0.29976710963170294,0.16675147273058802,0.43907072176855594,1000
1010,737,early_benefit,0.3719294641132276,0.24036824267645085,0.5148619538895854,1000
1010,738,early_benefit,0.4429663153407093,0.3091481020169924,0.5744343835853624,1000
1010,739,early_benefit,0.47150293423966483,0.3288516273769815,0.6077636292391502,1000
1010,740,early_benefit,0.18160237894919895,0.04416607857155515,0.3093349297224296,1000
1010,741,early_benefit,0.24702496934021978,0.11123239575683756,0.39133565299172385,1000
1010,742,early_benefit,0.40514743490334393,0.26950617854566666,0.547730990798976,1000
1010,743,early_benefit,0.37564508383436834,0.24256964950837123,0.503093143702,1000
1010,744,early_benefit,0.3196068252348243,0.18530270056333978,0.45132112889363996,1000
1010,745,early_benefit,0.36296376564284794,0.2221673078227183,0.4974679287020852,1000
1010,746,early_benefit,0.36020076737532847,0.22721782542771352,0.49847115350342774,1000
1010,747,early_benefit,0.283543360375238,0.16364537550099528,0.4217311158542059,1000
1010,748,early_benefit,0.3190508750363441,0.18919031592811753,0.454240799132593,1000
1010,749,early_benefit,0.3526276436941842,0.21892186643458675,0.4922199766548047,1000
1010,750,early_benefit,0.1696762908547722,0.044550621746061794,0.3069478467607616,1000
1010,751,early_benefit,0.40919164443413614,0.27514979693915864,0.5446040195881796,1000
1010,752,early_benefit,0.3432373905784005,0.21068988313030063,0.47455613702477795,1000
1010,753,early_benefit,0.3430043302351473,0.21505866359214665,0.48567169660878595,1000
1010,754,early_benefit,0.2672921914350166,0.13870342590753482,0.41017221686406,1000
1010,755,early_benefit,0.5621259817597806,0.4234089851245984,0.6910402841339209,1000
1010,756,early_benefit,0.2898308349096532,0.15029008595888566,0.42680657365683405,1000
1010,757,early_benefit,0.3121009050684469,0.17275575551407238,0.44021223219105937,1000
1010,758,early_benefit,0.33253358409930867,0.19275244759493554,0.4618392226026581,1000
1010,759,early_benefit,0.4042218678533871,0.2559524658453392,0.5438439106190345,1000
1010,760,early_benefit,0.3900036723032203,0.26215643994911936,0.5317995389728952,1000
1010,761,early_benefit,0.38557649862186105,0.25414176891007423,0.5194348668706389,1000
1010,762,early_benefit,0.2671533034662166,0.13028865087516392,0.407803027183213,1000
1010,763,early_benefit,0.3809243607273842,0.24410106221161643,0.5188090197687883,1000
1010,764,early_benefit,0.32932842966606346,0.1942947742591104,0.4590330129223218,1000
1010,765,early_benefit,0.3565507474225109,0.22291752341243037,0.4944670454413527,1000
1010,766,early_benefit,0.26894045350086193,0.13500671856081686,0.4042349247475309,1000
1010,767,early_benefit,0.39876703815833814,0.2680597419294409,0.5417335269456544,1000
1010,768,early_benefit,0.31901820168175155,0.18711965326369923,0.4534377664806839,1000
1010,769,early_benefit,0.3844532704148875,0.2530446211035042,0.5080356455095713,1000
1010,770,early_benefit,0.42200641678157735,0.2848642315029175,0.5621755152946145,1000
1010,771,early_benefit,0.26230398292791435,0.12563482255351813,0.4013676155484305,1000
1010,772,early_benefit,0.26796543735540057,0.13902644016798646,0.41395375052430267,1000
1010,773,early_benefit,0.3176640196236815,0.17293774982046603,0.44983538650367627,1000
1010,774,early_benefit,0.2898783454097553,0.15979468948444298,0.43940011058083855,1000
1010,775,early_benefit,0.3954072054146742,0.25903112680609164,0.5421193997777816,1000
1010,776,early_benefit,0.3010018100450962,0.15933151443151766,0.44207977807838367,1000
1010,777,early_benefit,0.262111970499026,0.12840479034203703,0.3990722026497738,1000
1010,778,early_benefit,0.45258325200049976,0.32157113207502036,0.5840565459354348,1000
1010,779,early_benefit,0.3684221112398971,0.23081530222390295,0.50234047689474,1000
1010,780,early_benefit,0.2751233977905594,0.13117478998601984,0.4104702471117734,1000
1010,781,early_benefit,0.21410513026298528,0.07702180108340188,0.3441774011524713,1000
1010,782,early_benefit,0.3762796196969913,0.2440545108873145,0.5037485191489006,1000
1010,783,early_benefit,0.37555841849423377,0.24761251573357698,0.5152888527492575,1000
1010,784,early_benefit,0.21961662713371233,0.08494674406338905,0.3666307195350825,1000
1010,785,early_benefit,0.3250020538892118,0.1850442469235785,0.4704657168738894,1000
1010,786,early_benefit,0.33021427305697504,0.19745894204356698,0.4646001763591652,1000
1010,787,early_benefit,0.3687822936819938,0.23545061221222707,0.4950288823010657,1000
1010,788,early_benefit,0.2960510478202525,0.16172171543444255,0.4355934694325609,1000
1010,789,early_benefit,0.38629259846914854,0.24890219077595754,0.5277112950299427,1000
1010,790,early_benefit,0.4940967942666812,0.3590885747900471,0.6419172266940668,1000
1010,791,early_benefit,0.374410588950322,0.24051780224906436,0.5068360071045662,1000
1010,792,early_benefit,0.345241091131427,0.21312676814011564,0.4816738814936206,1000
1010,793,early_benefit,0.2883459227511591,0.14896854699631437,0.4195645675622957,1000
1010,794,early_benefit,0.42117633302257707,0.28050703054617265,0.5455967510582339,1000
1010,795,early_benefit,0.3613462371195628,0.23021254805263178,0.4916435562392603,1000
1010,796,early_benefit,0.360275102568433,0.22128849843244047,0.4850066021765763,1000
1010,797,early_benefit,0.3726646617704832,0.229851382606852,0.49668699017366946,1000
1010,798,early_benefit,0.3066678015981612,0.1713074553856036,0.44381485787082475,1000
1010,799,early_benefit,0.2585755283589637,0.13035385545694206,0.39400134765250727,1000
1010,800,early_benefit,0.3379328485725597,0.2050606062549212,0.46995045385359274,1000
1010,801,early_benefit,0.18689757189313871,0.0559860402522836,0.3202767392926663,1000
1010,802,early_benefit,0.2785959607868409,0.13921910764026563,0.40659819063935854,1000
1010,803,early_benefit,0.286150169182664,0.15471888677238732,0.423407481269062,1000
1010,804,early_benefit,0.34647120784154195,0.2049814070144603,0.48471400682883037,1000
1010,805,early_benefit,0.3093585571614321,0.17415355128489826,0.44450179372118087,1000
1010,806,early_benefit,0.33710109010593925,0.20709355509438343,0.47810849056561755,1000
1010,807,early_benefit,0.2766544235472925,0.1437913011729315,0.41065753892237455,1000
1010,808,early_benefit,0.4732333523670573,0.3472278933916408,0.6126734756579314,1000
1010,809,early_benefit,0.3334264072591355,0.2010901027346279,0.47246405375236356,1000
1010,810,early_benefit,0.31064760406228453,0.18294033285632577,0.4439074803918432,1000
1010,811,early_benefit,0.4043423135710684,0.2771773986415391,0.5411242726385767,1000
1010,812,early_benefit,0.33512446311750343,0.20919241974097946,0.47123378489340106,1000
1010,813,early_benefit,0.3263697622396502,0.19405174808194756,0.4753478718534118,1000
1010,814,early_benefit,0.3720324391487493,0.24957255961767644,0.5155419738128936,1000
1010,815,early_benefit,0.2759677444863087,0.14258672423230986,0.4152229948474483,1000
1010,816,early_benefit,0.31828104886829944,0.18104982410719944,0.4528970598031808,1000
1010,817,early_benefit,0.29199511346898444,0.16484477561793637,0.4267635949073844,1000
1010,818,early_benefit,0.3966582344806824,0.255292385827861,0.5332112292224356,1000
1010,819,early_benefit,0.3482581259256037,0.2009448729685168,0.47538564756377966,1000
1010,820,early_benefit,0.362812574424316,0.22145272330452684,0.5049821607836342,1000
1010,821,early_benefit,0.16220396105134416,0.03578467568902616,0.30009152158604796,1000
1010,822,early_benefit,0.22087654532210976,0.09472815800806066,0.36136657325796284,1000
1010,823,early_benefit,0.3797879820597476,0.22873663344312034,0.5066015036795231,1000
1010,824,early_benefit,0.2984898559410687,0.16244081630944762,0.4307078289742445,1000
1010,825,early_benefit,0.24531286237195182,0.11511474643830341,0.377100446477261,1000
1010,826,early_benefit,0.3765654217100005,0.23784102457837503,0.5303085619289514,1000
1010,827,early_benefit,0.3233551126108427,0.1943402684473061,0.44627466747527467,1000
1010,828,early_benefit,0.5040831679461362,0.3783327134778007,0.6419050205636927,1000
1010,829,early_benefit,0.3246709834815613,0.19622224227162138,0.4603185697355103,1000
1010,830,early_benefit,0.26480565728944105,0.13060617788570758,0.39784019466279685,1000
1010,831,early_benefit,0.39449377921132545,0.2502047008348961,0.5240258613170942,1000
1010,832,early_benefit,0.3280501218121312,0.19505963483286004,0.4765122100096486,1000
1010,833,early_benefit,0.3441949724939044,0.2037330393661615,0.48648407451656556,1000
1010,834,early_benefit,0.26925891686357106,0.13022602874812353,0.39564186382896477,1000
1010,835,early_benefit,0.4019481576796995,0.2733994163383269,0.5405540704119022,1000
1010,836,early_benefit,0.4074481770872813,0.27223990625519123,0.5410862881115895,1000
1010,837,early_benefit,0.25916825617208517,0.12924723188472004,0.3877201253209559,1000
1010,838,early_benefit,0.4328793314882766,0.29337777845627055,0.5743207195532841,1000
1010,839,early_benefit,0.514790286496591,0.3815681624733514,0.649799734386785,1000
1010,840,early_benefit,0.3065362674280201,0.16811595658538542,0.4404720755445431,1000
1010,841,early_benefit,0.25601599506022055,0.12302091925895688,0.38894065769566755,1000
1010,842,early_benefit,0.34715554010589855,0.220610917449153,0.4850473052046619,1000
1010,843,early_benefit,0.36555363671602237,0.2243352917497084,0.5007266704855675,1000
1010,844,early_benefit,0.3438716508401769,0.1961378479663976,0.46887608292862626,1000
1010,845,early_benefit,0.24636368459459135,0.11138991130687363,0.3818415745311917,1000
1010,846,early_benefit,0.40917698751334086,0.2696104873919197,0.5502308641179499,1000
1010,847,early_benefit,0.41115649714835456,0.27729810713592135,0.5406088946746482,1000
1010,848,early_benefit,0.15164239847102445,0.014456163159252968,0.2877224957727935,1000
1010,849,early_benefit,0.40443737633279264,0.27258297149131555,0.5376600434602579,1000
1010,850,early_benefit,0.4079872795448072,0.2687384068533675,0.5528408085520768,1000
1010,851,early_benefit,0.36918497069984957,0.2424500877788588,0.4965842552627129,1000
1010,852,early_benefit,0.5039474696055937,0.37266077030286393,0.6319610882167838,1000
1010,853,early_benefit,0.37421391745082566,0.24294455407687066,0.5067611830051508,1000
1010,854,early_benefit,0.2869577481707193,0.1477441880246856,0.4159882713408828,1000
1010,855,early_benefit,0.3498734461239046,0.21484667458985984,0.48955057494976656,1000
1010,856,early_benefit,0.35235898164984514,0.21547679791941954,0.4757838978073356,1000
1010,857,early_benefit,0.4473175469709316,0.310362891230447,0.5826501202052793,1000
1010,858,early_benefit,0.2665076479333832,0.14055259517177826,0.3994190691544295,1000
1010,859,early_benefit,0.3381632035222135,0.20249637607653553,0.4715970534437192,1000
1010,860,early_benefit,0.3300682258898,0.1873990787367136,0.46313886680123106,1000
1010,861,early_benefit,0.4308478821561832,0.28831016319483505,0.5619334767290269,1000
1010,862,early_benefit,0.28420171276068684,0.15952664081750043,0.41397083788455813,1000
1010,863,early_benefit,0.36236443662015194,0.22203404142667368,0.4940538778591555,1000
1010,864,early_benefit,0.41922594158162774,0.2726059813856699,0.5433425869456314,1000
1010,865,early_benefit,0.22772255580919198,0.08801518202754674,0.36501628668448466,1000
1010,866,early_benefit,0.35087615644467274,0.2181423378637039,0.49077895150664674,1000
1010,867,early_benefit,0.33309295752190815,0.20311527913484662,0.46483173907332015,1000
1010,868,early_benefit,0.3970751782606756,0.2493222973301804,0.5412380069798821,1000
1010,869,early_benefit,0.2244240490854228,0.08844950616138136,0.3697037544473951,1000
1010,870,early_benefit,0.22013960609510663,0.09165350723028351,0.3637211553841504,1000
1010,871,early_benefit,0.253683787948102,0.10990363353047758,0.38299917420179475,1000
1010,872,early_benefit,0.2982857543366926,0.17112530729013106,0.43444711780110107,1000
1010,873,early_benefit,0.21838155584343122,0.08570189905490297,0.36453774555473867,1000
1010,874,early_benefit,0.2830645598565842,0.13309622676898422,0.4184279589178605,1000
1010,875,early_benefit,0.23609428413557332,0.09992613535859257,0.3648324414156964,1000
1010,876,early_benefit,0.37044717118922055,0.2402333747942762,0.5221432131907797,1000
1010,877,early_benefit,0.26209435409958237,0.12585694919155568,0.3958499564631673,1000
1010,878,early_benefit,0.3209827311953246,0.1806154263620674,0.45009768422354046,1000
1010,879,early_benefit,0.24118226067397863,0.10840891106235698,0.3676929002562154,1000
1010,880,early_benefit,0.4685189007907926,0.3338474551095104,0.5973821233276922,1000
1010,881,early_benefit,0.3433128193160013,0.2178516143787778,0.47697212990998583,1000
1010,882,early_benefit,0.39763835976367234,0.2584979299236402,0.5339129020204468,1000
1010,883,early_benefit,0.36692057204879713,0.24231175163443308,0.4996591942518664,1000
1010,884,early_benefit,0.2884369298419971,0.14082721404164233,0.4288860008423979,1000
1010,885,early_benefit,0.3603353549849482,0.2272845693486238,0.500649438848433,1000
1010,886,early_benefit,0.3199698521238137,0.1866294576038063,0.45003871773705145,1000
1010,887,early_benefit,0.3013288108235841,0.17586882740211326,0.4410436077736038,1000
1010,888,early_benefit,0.3197579374451842,0.1846078400737289,0.4579913798792792,1000
1010,889,early_benefit,0.3806109045688446,0.23311635761822794,0.5122042606066046,1000
1010,890,early_benefit,0.15129020847880037,0.017956231207176893,0.29090546684191154,1000
1010,891,early_benefit,0.2858881073673274,0.15049458705991747,0.4189329413889282,1000
1010,892,early_benefit,0.13818251088850353,-0.002942496743388076,0.2766183477262066,1000
1010,893,early_benefit,0.23462870024840887,0.10092895725311143,0.36535973878037203,1000
1010,894,early_benefit,0.284694492017211,0.15274288927776516,0.4233069209387338,1000
1010,895,early_benefit,0.3416363493276351,0.2170331987283186,0.47635249270631486,1000
1010,896,early_benefit,0.33716852378152495,0.1994923105937414,0.47424244706635615,1000
1010,897,early_benefit,0.34307710552687753,0.20883991912402322,0.4754297250533071,1000
1010,898,early_benefit,0.41681585921062503,0.28386282403706065,0.5586317011243394,1000
1010,899,early_benefit,0.2696750179655618,0.13354340017561522,0.39838653736751234,1000
1010,900,early_benefit,0.3705352410522589,0.22357020667011776,0.5121915910729429,1000
1010,901,early_benefit,0.3667740931548522,0.23377530131009466,0.5054840342387926,1000
1010,902,early_benefit,0.17468094065841555,0.034717668397759326,0.3099403099122148,1000
1010,903,early_benefit,0.263042873068807,0.1311232137611415,0.3984653243785923,1000
1010,904,early_benefit,0.2091696102000995,0.06982822177733086,0.34766885323155,1000
1010,905,early_benefit,0.271529294419552,0.1468741033421304,0.40194454704894816,1000
1010,906,early_benefit,0.3640145630238729,0.22840625958241562,0.49037272551021976,1000
1010,907,early_benefit,0.3998975589142426,0.26575292910990816,0.5258079880875417,1000
1010,908,early_benefit,0.36128592878998367,0.22632458490355217,0.4898831719967432,1000
1010,909,early_benefit,0.457110479017774,0.3232695197484615,0.5875819336274993,1000
1010,910,early_benefit,0.2618941356124065,0.12585195121145895,0.38731360112484653,1000
1010,911,early_benefit,0.27081778939895074,0.12886559699769853,0.40141782126558057,1000
1010,912,early_benefit,0.30224519912484027,0.16515541608265674,0.44695027512824875,1000
1010,913,early_benefit,0.3072122865309215,0.16262043573070217,0.4388835089024813,1000
1010,914,early_benefit,0.327834268182976,0.1925953876796239,0.46430789332247624,1000
1010,915,early_benefit,0.35207368833756325,0.21373517029418423,0.4883581463194041,1000
1010,916,early_benefit,0.47585844759398244,0.35171309374508447,0.6121579736878902,1000
1010,917,early_benefit,0.39174597584167614,0.25986267195463353,0.5224707793008833,1000
1010,918,early_benefit,0.29747269461609527,0.174384655580356,0.4263630341181646,1000
1010,919,early_benefit,0.464005416554619,0.3337054104081373,0.5969907648417877,1000
1010,920,early_benefit,0.40062953497379805,0.26743079628160227,0.5213141865578457,1000
1010,921,early_benefit,0.28204162627316487,0.13374161744489052,0.4151112163208513,1000
1010,922,early_benefit,0.2991290638830626,0.15431829593724378,0.4373313480390282,1000
1010,923,early_benefit,0.3295020083356994,0.21238451425050525,0.46718817294795534,1000
1010,924,early_benefit,0.3724642094976409,0.23153062717019818,0.5030315615619716,1000
1010,925,early_benefit,0.29865462582947133,0.16106584192729334,0.43395109743634913,1000
1010,926,early_benefit,0.28896448094346017,0.15315839576530824,0.42727562772732347,1000
1010,927,early_benefit,0.346842803334952,0.21553018118107636,0.4865392455949678,1000
1010,928,early_benefit,0.40370650730547286,0.27045964430149805,0.5293335456538716,1000
1010,929,early_benefit,0.30680852670421643,0.17340892810086458,0.4490776255510412,1000
1010,930,early_benefit,0.3554960619759764,0.22104311443689278,0.5001784660401638,1000
1010,931,early_benefit,0.46971139779912985,0.32925476669001114,0.6017086869385637,1000
1010,932,early_benefit,0.2089298079548607,0.0624480976751159,0.3534818040750975,1000
1010,933,early_benefit,0.31356291254895563,0.1593239646288238,0.4429980246296088,1000
1010,934,early_benefit,0.3286528459121385,0.19443052770840108,0.4673651901032141,1000
1010,935,early_benefit,0.34308963658103764,0.20638750585268528,0.4680922196122516,1000
1010,936,early_benefit,0.33380572011450704,0.196633018718525,0.46591231851487414,1000
1010,937,early_benefit,0.27450400742091574,0.13210466529477727,0.4224397068571884,1000
1010,938,early_benefit,0.3374060307102056,0.20015214995190334,0.4710910684071888,1000
1010,939,early_benefit,0.4119106926367633,0.27911560176407446,0.5466910751852012,1000
1010,940,early_benefit,0.3251589203037457,0.1764528992601186,0.453202953608337,1000
1010,941,early_benefit,0.2848017707875927,0.14915879962436174,0.41112183211595965,1000
1010,942,early_benefit,0.3190938640405703,0.1682842070981157,0.45224249056583093,1000
1010,943,early_benefit,0.2144934594570529,0.07832655478785486,0.35322421014489747,1000
1010,944,early_benefit,0.3116721148505808,0.18273448442158358,0.4458317767428303,1000
1010,945,early_benefit,0.3337498358441984,0.19333371402341423,0.47099929976358107,1000
1010,946,early_benefit,0.3766091281375106,0.24635030159542712,0.5098945568676186,1000
1010,947,early_benefit,0.38983336162746385,0.24617726261579315,0.502818836844342,1000
1010,948,early_benefit,0.39523355474296595,0.26622170396580885,0.5253131749462526,1000
1010,949,early_benefit,0.32372702316346524,0.18437518447134965,0.4606255916679657,1000
1010,950,early_benefit,0.36280604103964365,0.22798927945122877,0.49080971311511123,1000
1010,951,early_benefit,0.2813502989790484,0.1435184043888982,0.423051225143427,1000
1010,952,early_benefit,0.4536276677483846,0.3146252317135182,0.5819640363025649,1000
1010,953,early_benefit,0.263167540619083,0.12254294844886902,0.4123625016511473,1000
1010,954,early_benefit,0.40709454522666855,0.2758674261433413,0.5455308931582219,1000
1010,955,early_benefit,0.38915613329351206,0.2578957390937717,0.5269475335770588,1000
1010,956,early_benefit,0.29670224698407566,0.16345405110877403,0.43044172591271196,1000
1010,957,early_benefit,0.2591285624222235,0.13209690564184334,0.39809187057041007,1000
1010,958,early_benefit,0.3023027538243612,0.16319469057429872,0.4404044855864796,1000
1010,959,early_benefit,0.3844228120066653,0.24623900782190386,0.5280741438532536,1000
1010,960,early_benefit,0.41544027550675366,0.278607525991431,0.5475691966419368,1000
1010,961,early_benefit,0.15509032468456496,0.02423343444872829,0.29090259466275864,1000
1010,962,early_benefit,0.3765811999774611,0.24555942046480375,0.5165729203238518,1000
1010,963,early_benefit,0.4257079880970438,0.29440339105518376,0.5583475164808742,1000
1010,964,early_benefit,0.31925770968376455,0.1851716169208506,0.4588247010259373,1000
1010,965,early_benefit,0.2549644859160973,0.11415333695344129,0.38293549206267524,1000
1010,966,early_benefit,0.3629761098514779,0.22840025717582058,0.5019919073771633,1000
1010,967,early_benefit,0.23631034730268974,0.09806512213839477,0.37442821084847505,1000
1010,968,early_benefit,0.3862662762602689,0.2458093138015062,0.5128141026949898,1000
1010,969,early_benefit,0.23701064162167906,0.09909840674794129,0.3731029600469372,1000
1010,970,early_benefit,0.32221215679352744,0.17938928372040341,0.45330948749710953,1000
1010,971,early_benefit,0.23507366382807238,0.08800310809994916,0.3788491902202475,1000
1010,972,early_benefit,0.30681048747329287,0.17100057433465482,0.4504348682703353,1000
1010,973,early_benefit,0.37419282554332955,0.24288354303368642,0.5119566162852643,1000
1010,974,early_benefit,0.5301707006497391,0.3860089354311082,0.6619993932622397,1000
1010,975,early_benefit,0.30019032232859155,0.17218939575125267,0.43731902256971456,1000
1010,976,early_benefit,0.35617238025713904,0.22435149264704107,0.491944586139056,1000
1010,977,early_benefit,0.2763598519393744,0.1360024133404628,0.40882254018127323,1000
1010,978,early_benefit,0.35920980329920615,0.22189264153961746,0.48598430589788827,1000
1010,979,early_benefit,0.267495360757962,0.11990985230211068,0.3974282945781583,1000
1010,980,early_benefit,0.23043834941184915,0.08626758114052596,0.3686694182321281,1000
1010,981,early_benefit,0.30566232131092264,0.17357881858373483,0.4446615825047035,1000
1010,982,early_benefit,0.36096977990105916,0.21743212015060412,0.5028062090098665,1000
1010,983,early_benefit,0.31138940483597777,0.17620869354706392,0.4513810435357456,1000
1010,984,early_benefit,0.342214916982317,0.21281072631728326,0.49046421170126475,1000
1010,985,early_benefit,0.378292935371082,0.23131858877326866,0.5250671353481686,1000
1010,986,early_benefit,0.34773652376586606,0.21018656464191962,0.47567550922051466,1000
1010,987,early_benefit,0.25991535481113015,0.12534429235268385,0.39761852679245724,1000
1010,988,early_benefit,0.4258528006343054,0.2902999674534025,0.5678098397257006,1000
1010,989,early_benefit,0.43281944950994733,0.3014027182572591,0.5702285743126028,1000
1010,990,early_benefit,0.45012502250778175,0.31165916723737247,0.592493561239161,1000
1010,991,early_benefit,0.24510901835062304,0.11897204647365688,0.3827890488986828,1000
1010,992,early_benefit,0.2728768374472459,0.1483065581272062,0.40662460525370986,1000
1010,993,early_benefit,0.3546706378684057,0.21486870228559848,0.490742043780274,1000
1010,994,early_benefit,0.21926043208579404,0.0812480000756479,0.36105066755863613,1000
1010,995,early_benefit,0.27799213505518106,0.14519107273312007,0.4196868765044953,1000
1010,996,early_benefit,0.40371902934864234,0.2718844603412934,0.540756668617245,1000
1010,997,early_benefit,0.30380275182979455,0.17593047804346,0.43150863055223077,1000
1010,998,early_benefit,0.2851184264655551,0.1589019448228023,0.41859936520477126,1000
1010,999,early_benefit,0.38303266453441154,0.23397217470268086,0.5180665631320832,1000
