check,passed,observed,expected,note
primary_registry_rows,True,72,72,
primary_planned_datasets,True,252000,252000,
primary_001_successful,True,5000,5000,
primary_001_failed,True,0,0,
primary_001_median_HR_c,True,0.9994560202656726,0.9994560202656726,
primary_001_median_HR_naive,True,0.9997411817265192,0.9997411817265192,
primary_001_median_HR_o,True,1.0008532046444434,1.0008532046444434,
primary_001_bias_logHR_c,True,-5.408446005615128e-05,-5.408446005615128e-05,
primary_001_median_HR_percent_error_c,True,-0.05439797343274044,-0.0543979734327404,
primary_001_empirical_SE,True,0.039503215154732096,0.039503215154732,
primary_001_avg_robust_SE,True,0.03978339985937477,0.0397833998593747,
primary_001_avg_model_SE,True,0.056306331798549346,0.0563063317985493,
primary_001_rmse_c,True,0.03949930166329986,0.0394993016632998,
primary_001_coverage_c,True,0.9514,0.9514,
primary_001_coverage_naive,True,0.9536,0.9536,
primary_001_median_interval_width_log,True,0.15593467428988217,0.1559346742898821,
primary_001_directional_signal_rate,True,0.021,0.021,
primary_001_median_cross_ratio,True,0.9982757377843476,0.9982757377843476,
primary_001_max_abs_score_residual_sum,True,3.620570510065591e-11,3.620570510065591e-11,
primary_002_successful,True,5000,5000,
primary_002_failed,True,0,0,
primary_002_median_HR_c,True,1.000450083766688,1.000450083766688,
primary_002_median_HR_naive,True,1.0003194726933926,1.0003194726933926,
primary_002_median_HR_o,True,0.9999475021178443,0.9999475021178444,
primary_002_bias_logHR_c,True,0.00014687521263477365,0.0001468752126347,
primary_002_median_HR_percent_error_c,True,0.04500837666880919,0.0450083766688091,
primary_002_empirical_SE,True,0.012370857278436072,0.012370857278436,
primary_002_avg_robust_SE,True,0.012577836765947956,0.0125778367659479,
primary_002_avg_model_SE,True,0.017789912966903233,0.0177899129669032,
primary_002_rmse_c,True,0.012370492088415907,0.0123704920884159,
primary_002_coverage_c,True,0.9526,0.9526,
primary_002_coverage_naive,True,0.9522,0.9522,
primary_002_median_interval_width_log,True,0.049303593915431716,0.0493035939154317,
primary_002_directional_signal_rate,True,0.0276,0.0276,
primary_002_median_cross_ratio,True,1.0003168585636102,1.0003168585636102,
primary_002_max_abs_score_residual_sum,True,3.11519343654254e-09,3.1151934365425404e-09,
primary_003_successful,True,5000,5000,
primary_003_failed,True,0,0,
primary_003_median_HR_c,True,0.8498846030881858,0.8498846030881858,
primary_003_median_HR_naive,True,0.8499860723483408,0.8499860723483408,
primary_003_median_HR_o,True,1.0007524773845704,1.0007524773845704,
primary_003_bias_logHR_c,True,-0.0001933752855909202,-0.0001933752855909,
primary_003_median_HR_percent_error_c,True,-0.013576107272255241,-0.0135761072722552,
primary_003_empirical_SE,True,0.0403694079796952,0.0403694079796952,
primary_003_avg_robust_SE,True,0.040728368123716205,0.0407283681237162,
primary_003_avg_model_SE,True,0.05750694246527696,0.0575069424652769,
primary_003_rmse_c,True,0.04036583402844576,0.0403658340284457,
primary_003_coverage_c,True,0.9526,0.9526,
primary_003_coverage_naive,True,0.9506,0.9506,
primary_003_median_interval_width_log,True,0.15963021286350598,0.1596302128635059,
primary_003_directional_signal_rate,True,0.0224,0.0224,
primary_003_median_cross_ratio,True,0.849565397956035,0.849565397956035,
primary_003_max_abs_score_residual_sum,True,3.381472879482317e-11,3.381472879482317e-11,
primary_004_successful,True,5000,5000,
primary_004_failed,True,0,0,
primary_004_median_HR_c,True,0.8499989417697341,0.8499989417697341,
primary_004_median_HR_naive,True,0.8501238440814567,0.8501238440814567,
primary_004_median_HR_o,True,1.000040047572843,1.000040047572843,
primary_004_bias_logHR_c,True,4.049435193886717e-05,4.049435193886717e-05,
primary_004_median_HR_percent_error_c,True,-0.0001244976783364895,-0.0001244976783364,
primary_004_empirical_SE,True,0.012937947189607894,0.0129379471896078,
primary_004_avg_robust_SE,True,0.012872862543782719,0.0128728625437827,
primary_004_avg_model_SE,True,0.018166060273833235,0.0181660602738332,
primary_004_rmse_c,True,0.012936716707809812,0.0129367167078098,
primary_004_coverage_c,True,0.9486,0.9486,
primary_004_coverage_naive,True,0.9496,0.9496,
primary_004_median_interval_width_log,True,0.05046217752619083,0.0504621775261908,
primary_004_directional_signal_rate,True,0.0274,0.0274,
primary_004_median_cross_ratio,True,0.8498490241457678,0.8498490241457678,
primary_004_max_abs_score_residual_sum,True,3.2691289675312873e-09,3.2691289675312873e-09,
primary_005_successful,True,5000,5000,
primary_005_failed,True,0,0,
primary_005_median_HR_c,True,0.8901681220840405,0.8901681220840405,
primary_005_median_HR_naive,True,0.8943695847437441,0.8943695847437441,
primary_005_median_HR_o,True,0.8901452569905344,0.8901452569905344,
primary_005_bias_logHR_c,True,-0.11588007859410368,-0.1158800785941036,
primary_005_median_HR_percent_error_c,True,-10.983187791595949,-10.983187791595949,
primary_005_empirical_SE,True,0.041032756420942,0.041032756420942,
primary_005_avg_robust_SE,True,0.04024883015810449,0.0402488301581044,
primary_005_avg_model_SE,True,0.05692627430738686,0.0569262743073868,
primary_005_rmse_c,True,0.12292901600946826,0.1229290160094682,
primary_005_coverage_c,True,0.1824,0.1824,
primary_005_coverage_naive,True,0.1958,0.1958,
primary_005_median_interval_width_log,True,0.15774566800389042,0.1577456680038904,
primary_005_directional_signal_rate,True,0.7066,0.7066,
primary_005_median_cross_ratio,True,1.000942825646188,1.000942825646188,
primary_005_max_abs_score_residual_sum,True,3.707789630880143e-11,3.707789630880143e-11,
primary_006_successful,True,5000,5000,
primary_006_failed,True,0,0,
primary_006_median_HR_c,True,0.8905841130470635,0.8905841130470635,
primary_006_median_HR_naive,True,0.8940972240517189,0.8940972240517189,
primary_006_median_HR_o,True,0.8901193312378111,0.8901193312378111,
primary_006_bias_logHR_c,True,-0.11572395551126842,-0.1157239555112684,
primary_006_median_HR_percent_error_c,True,-10.941588695293646,-10.941588695293646,
primary_006_empirical_SE,True,0.012734354558620828,0.0127343545586208,
primary_006_avg_robust_SE,True,0.012722607508622124,0.0127226075086221,
primary_006_avg_model_SE,True,0.017983519320499592,0.0179835193204995,
primary_006_rmse_c,True,0.11642235709880425,0.1164223570988042,
primary_006_coverage_c,True,0.0,0.0,
primary_006_coverage_naive,True,0.0,0.0,
primary_006_median_interval_width_log,True,0.04987061010151035,0.0498706101015103,
primary_006_directional_signal_rate,True,1.0,1.0,
primary_006_median_cross_ratio,True,1.0004572443972615,1.0004572443972617,
primary_006_max_abs_score_residual_sum,True,3.342449872434372e-09,3.342449872434372e-09,
primary_007_successful,True,5000,5000,
primary_007_failed,True,0,0,
primary_007_median_HR_c,True,0.7626768950689065,0.7626768950689065,
primary_007_median_HR_naive,True,0.7655325824679811,0.7655325824679811,
primary_007_median_HR_o,True,0.8969550059293496,0.8969550059293496,
primary_007_bias_logHR_c,True,-0.10841252363920974,-0.1084125236392097,
primary_007_median_HR_percent_error_c,True,-10.27330646248159,-10.27330646248159,
primary_007_empirical_SE,True,0.04103912814295242,0.0410391281429524,
primary_007_avg_robust_SE,True,0.04128508375285535,0.0412850837528553,
primary_007_avg_model_SE,True,0.0582485363385661,0.0582485363385661,
primary_007_rmse_c,True,0.11591871496246035,0.1159187149624603,
primary_007_coverage_c,True,0.2452,0.2452,
primary_007_coverage_naive,True,0.2682,0.2682,
primary_007_median_interval_width_log,True,0.1618105122742603,0.1618105122742603,
primary_007_directional_signal_rate,True,0.6624,0.6624,
primary_007_median_cross_ratio,True,0.8513150572783265,0.8513150572783265,
primary_007_max_abs_score_residual_sum,True,3.11857206725108e-11,3.11857206725108e-11,
primary_008_successful,True,5000,5000,
primary_008_failed,True,0,0,
primary_008_median_HR_c,True,0.7630906655143962,0.7630906655143962,
primary_008_median_HR_naive,True,0.7661340702020769,0.7661340702020769,
primary_008_median_HR_o,True,0.8972039273145366,0.8972039273145366,
primary_008_bias_logHR_c,True,-0.10798297803257347,-0.1079829780325734,
primary_008_median_HR_percent_error_c,True,-10.224627586541622,-10.224627586541622,
primary_008_empirical_SE,True,0.012778368962722757,0.0127783689627227,
primary_008_avg_robust_SE,True,0.01305138740121931,0.0130513874012193,
primary_008_avg_model_SE,True,0.01840308076532819,0.0184030807653281,
primary_008_rmse_c,True,0.10873627545942546,0.1087362754594254,
primary_008_coverage_c,True,0.0,0.0,
primary_008_coverage_naive,True,0.0,0.0,
primary_008_median_interval_width_log,True,0.051160352936681516,0.0511603529366815,
primary_008_directional_signal_rate,True,1.0,1.0,
primary_008_median_cross_ratio,True,0.8503375806477018,0.8503375806477018,
primary_008_max_abs_score_residual_sum,True,3.2411264783149822e-09,3.2411264783149822e-09,
primary_009_successful,True,5000,5000,
primary_009_failed,True,0,0,
primary_009_median_HR_c,True,0.8420887018705114,0.8420887018705114,
primary_009_median_HR_naive,True,0.8472549645713873,0.8472549645713873,
primary_009_median_HR_o,True,0.8417074269306601,0.8417074269306601,
primary_009_bias_logHR_c,True,-0.17176360207079583,-0.1717636020707958,
primary_009_median_HR_percent_error_c,True,-15.791129812948856,-15.791129812948856,
primary_009_empirical_SE,True,0.04063699392606291,0.0406369939260629,
primary_009_avg_robust_SE,True,0.04068657428573541,0.0406865742857354,
primary_009_avg_model_SE,True,0.05748779567787942,0.0574877956778794,
primary_009_rmse_c,True,0.1765043058925943,0.1765043058925943,
primary_009_coverage_c,True,0.0112,0.0112,
primary_009_coverage_naive,True,0.0136,0.0136,
primary_009_median_interval_width_log,True,0.15947695824914426,0.1594769582491442,
primary_009_directional_signal_rate,True,0.9494,0.9494,
primary_009_median_cross_ratio,True,1.0002686775033613,1.0002686775033611,
primary_009_max_abs_score_residual_sum,True,3.326583453144849e-11,3.326583453144849e-11,
primary_010_successful,True,5000,5000,
primary_010_failed,True,0,0,
primary_010_median_HR_c,True,0.8425307965980458,0.8425307965980458,
primary_010_median_HR_naive,True,0.8475718349736457,0.8475718349736457,
primary_010_median_HR_o,True,0.8419991510600835,0.8419991510600835,
primary_010_bias_logHR_c,True,-0.17181525117682486,-0.1718152511768248,
primary_010_median_HR_percent_error_c,True,-15.746920340195425,-15.746920340195423,
primary_010_empirical_SE,True,0.013060049381836494,0.0130600493818364,
primary_010_avg_robust_SE,True,0.012862993405642845,0.0128629934056428,
primary_010_avg_model_SE,True,0.018164696719409092,0.018164696719409,
primary_010_rmse_c,True,0.17231079859902415,0.1723107985990241,
primary_010_coverage_c,True,0.0,0.0,
primary_010_coverage_naive,True,0.0,0.0,
primary_010_median_interval_width_log,True,0.05042373159543734,0.0504237315954373,
primary_010_directional_signal_rate,True,1.0,1.0,
primary_010_median_cross_ratio,True,1.0004509716158745,1.0004509716158745,
primary_010_max_abs_score_residual_sum,True,3.272020876465831e-09,3.272020876465831e-09,
primary_011_successful,True,5000,5000,
primary_011_failed,True,0,0,
primary_011_median_HR_c,True,0.7269665093969675,0.7269665093969675,
primary_011_median_HR_naive,True,0.7314169054187332,0.7314169054187332,
primary_011_median_HR_o,True,0.8552607911190144,0.8552607911190144,
primary_011_bias_logHR_c,True,-0.1557447909717879,-0.1557447909717879,
primary_011_median_HR_percent_error_c,True,-14.474528306239115,-14.474528306239115,
primary_011_empirical_SE,True,0.04172456070229099,0.0417245607022909,
primary_011_avg_robust_SE,True,0.04175545054145626,0.0417554505414562,
primary_011_avg_model_SE,True,0.05886052644931989,0.0588605264493198,
primary_011_rmse_c,True,0.16123594727247367,0.1612359472724736,
primary_011_coverage_c,True,0.0416,0.0416,
primary_011_coverage_naive,True,0.0504,0.0504,
primary_011_median_interval_width_log,True,0.16363484268365058,0.1636348426836505,
primary_011_directional_signal_rate,True,0.9272,0.9272,
primary_011_median_cross_ratio,True,0.850186163240898,0.850186163240898,
primary_011_max_abs_score_residual_sum,True,3.012345928254945e-11,3.012345928254945e-11,
primary_012_successful,True,5000,5000,
primary_012_failed,True,0,0,
primary_012_median_HR_c,True,0.7270595141569868,0.7270595141569868,
primary_012_median_HR_naive,True,0.7316534359353644,0.7316534359353644,
primary_012_median_HR_o,True,0.855133572895336,0.855133572895336,
primary_012_bias_logHR_c,True,-0.15620682359223523,-0.1562068235922352,
primary_012_median_HR_percent_error_c,True,-14.46358656976626,-14.46358656976626,
primary_012_empirical_SE,True,0.01325141489185397,0.0132514148918539,
primary_012_avg_robust_SE,True,0.013200288345745334,0.0132002883457453,
primary_012_avg_model_SE,True,0.01859558699593247,0.0185955869959324,
primary_012_rmse_c,True,0.15676777925776847,0.1567677792577684,
primary_012_coverage_c,True,0.0,0.0,
primary_012_coverage_naive,True,0.0,0.0,
primary_012_median_interval_width_log,True,0.05174313880617165,0.0517431388061716,
primary_012_directional_signal_rate,True,1.0,1.0,
primary_012_median_cross_ratio,True,0.8499262922715016,0.8499262922715016,
primary_012_max_abs_score_residual_sum,True,3.079833277297439e-09,3.079833277297439e-09,
primary_013_successful,True,5000,5000,
primary_013_failed,True,0,0,
primary_013_median_HR_c,True,0.9998177504133294,0.9998177504133294,
primary_013_median_HR_naive,True,1.000163154279571,1.000163154279571,
primary_013_median_HR_o,True,0.999986321498704,0.999986321498704,
primary_013_bias_logHR_c,True,-7.387856943603596e-05,-7.387856943603596e-05,
primary_013_median_HR_percent_error_c,True,-0.018224958667056868,-0.0182249586670568,
primary_013_empirical_SE,True,0.039383221575194464,0.0393832215751944,
primary_013_avg_robust_SE,True,0.03942701485402921,0.0394270148540292,
primary_013_avg_model_SE,True,0.055800297337949584,0.0558002973379495,
primary_013_rmse_c,True,0.039379352356984705,0.0393793523569847,
primary_013_coverage_c,True,0.9492,0.9492,
primary_013_coverage_naive,True,0.9492,0.9492,
primary_013_median_interval_width_log,True,0.15456395898805625,0.1545639589880562,
primary_013_directional_signal_rate,True,0.0246,0.0246,
primary_013_median_cross_ratio,True,0.9997183276037653,0.9997183276037652,
primary_013_max_abs_score_residual_sum,True,3.779554447191913e-11,3.779554447191913e-11,
primary_014_successful,True,5000,5000,
primary_014_failed,True,0,0,
primary_014_median_HR_c,True,1.0000720308022848,1.0000720308022848,
primary_014_median_HR_naive,True,1.000034975621738,1.000034975621738,
primary_014_median_HR_o,True,0.9999239645138519,0.999923964513852,
primary_014_bias_logHR_c,True,-8.409016756081812e-05,-8.409016756081813e-05,
primary_014_median_HR_percent_error_c,True,0.007203080228479486,0.0072030802284794,
primary_014_empirical_SE,True,0.012285394249452535,0.0122853942494525,
primary_014_avg_robust_SE,True,0.012461958652999414,0.0124619586529994,
primary_014_avg_model_SE,True,0.017625586793042065,0.0176255867930421,
primary_014_rmse_c,True,0.012284453461118608,0.0122844534611186,
primary_014_coverage_c,True,0.9514,0.9514,
primary_014_coverage_naive,True,0.9484,0.9484,
primary_014_median_interval_width_log,True,0.04884993463082127,0.0488499346308214,
primary_014_directional_signal_rate,True,0.0242,0.0242,
primary_014_median_cross_ratio,True,1.0000957400293367,1.0000957400293364,
primary_014_max_abs_score_residual_sum,True,3.163791006954852e-09,3.163791006954852e-09,
primary_015_successful,True,5000,5000,
primary_015_failed,True,0,0,
primary_015_median_HR_c,True,0.8800513299258623,0.8800513299258623,
primary_015_median_HR_naive,True,0.8787174288774615,0.8787174288774615,
primary_015_median_HR_o,True,0.9990855998616202,0.9990855998616202,
primary_015_bias_logHR_c,True,0.03499521209599569,0.0349952120959956,
primary_015_median_HR_percent_error_c,True,3.5354505795132174,3.5354505795132174,
primary_015_empirical_SE,True,0.03985421775648495,0.0398542177564849,
primary_015_avg_robust_SE,True,0.040253476264897455,0.0402534762648974,
primary_015_avg_model_SE,True,0.05688399535385722,0.0568839953538572,
primary_015_rmse_c,True,0.053034949522842455,0.0530349495228424,
primary_015_coverage_c,True,0.8574,0.8574,
primary_015_coverage_naive,True,0.8652,0.8652,
primary_015_median_interval_width_log,True,0.1577627263460077,0.1577627263460077,
primary_015_directional_signal_rate,True,0.0228,0.0228,
primary_015_median_cross_ratio,True,0.8811257507224329,0.8811257507224329,
primary_015_max_abs_score_residual_sum,True,3.6751490739561625e-11,3.6751490739561625e-11,
primary_016_successful,True,5000,5000,
primary_016_failed,True,0,0,
primary_016_median_HR_c,True,0.8803434329654954,0.8803434329654954,
primary_016_median_HR_naive,True,0.878857287487352,0.878857287487352,
primary_016_median_HR_o,True,1.0004934390714655,1.0004934390714653,
primary_016_bias_logHR_c,True,0.03512054286135834,0.0351205428613583,
primary_016_median_HR_percent_error_c,True,3.5698156429994667,3.5698156429994667,
primary_016_empirical_SE,True,0.012506431352852773,0.0125064313528527,
primary_016_avg_robust_SE,True,0.012724974395714583,0.0127249743957146,
primary_016_avg_model_SE,True,0.017970993989012755,0.0179709939890128,
primary_016_rmse_c,True,0.03728045163212338,0.0372804516321233,
primary_016_coverage_c,True,0.2042,0.2042,
primary_016_coverage_naive,True,0.2316,0.2316,
primary_016_median_interval_width_log,True,0.049882798873303984,0.049882798873304,
primary_016_directional_signal_rate,True,0.0224,0.0224,
primary_016_median_cross_ratio,True,0.8800343624278546,0.8800343624278546,
primary_016_max_abs_score_residual_sum,True,3.3118965347966878e-09,3.3118965347966878e-09,
primary_017_successful,True,5000,5000,
primary_017_failed,True,0,0,
primary_017_median_HR_c,True,0.9116658040011433,0.9116658040011432,
primary_017_median_HR_naive,True,0.9138713595049259,0.913871359504926,
primary_017_median_HR_o,True,0.9135379242871358,0.9135379242871358,
primary_017_bias_logHR_c,True,-0.09196056044554375,-0.0919605604455437,
primary_017_median_HR_percent_error_c,True,-8.833419599885673,-8.833419599885673,
primary_017_empirical_SE,True,0.040338998416341164,0.0403389984163411,
primary_017_avg_robust_SE,True,0.039841670911963556,0.0398416709119635,
primary_017_avg_model_SE,True,0.05635946474241656,0.0563594647424165,
primary_017_rmse_c,True,0.10041739900900358,0.1004173990090035,
primary_017_coverage_c,True,0.363,0.363,
primary_017_coverage_naive,True,0.369,0.369,
primary_017_median_interval_width_log,True,0.1561762884976447,0.1561762884976447,
primary_017_directional_signal_rate,True,0.4978,0.4978,
primary_017_median_cross_ratio,True,0.9977968536394539,0.997796853639454,
primary_017_max_abs_score_residual_sum,True,3.6962433114240405e-11,3.6962433114240405e-11,
primary_018_successful,True,5000,5000,
primary_018_failed,True,0,0,
primary_018_median_HR_c,True,0.9129801362675034,0.9129801362675034,
primary_018_median_HR_naive,True,0.9149899847631956,0.9149899847631956,
primary_018_median_HR_o,True,0.9127674533772216,0.9127674533772216,
primary_018_bias_logHR_c,True,-0.09088514287626313,-0.0908851428762631,
primary_018_median_HR_percent_error_c,True,-8.70198637324966,-8.70198637324966,
primary_018_empirical_SE,True,0.012533851238234889,0.0125338512382348,
primary_018_avg_robust_SE,True,0.012595486813208644,0.0125954868132086,
primary_018_avg_model_SE,True,0.017807555804149534,0.0178075558041495,
primary_018_rmse_c,True,0.091745164466666,0.091745164466666,
primary_018_coverage_c,True,0.0,0.0,
primary_018_coverage_naive,True,0.0,0.0,
primary_018_median_interval_width_log,True,0.04937515788073392,0.049375157880734,
primary_018_directional_signal_rate,True,1.0,1.0,
primary_018_median_cross_ratio,True,1.0002216268005895,1.0002216268005897,
primary_018_max_abs_score_residual_sum,True,3.339629017773404e-09,3.339629017773404e-09,
primary_019_successful,True,5000,5000,
primary_019_failed,True,0,0,
primary_019_median_HR_c,True,0.8086135659715863,0.8086135659715863,
primary_019_median_HR_naive,True,0.809623186732688,0.809623186732688,
primary_019_median_HR_o,True,0.9196557355034811,0.9196557355034812,
primary_019_bias_logHR_c,True,-0.04995763706170415,-0.0499576370617041,
primary_019_median_HR_percent_error_c,True,-4.868992238636905,-4.868992238636905,
primary_019_empirical_SE,True,0.04064140263053416,0.0406414026305341,
primary_019_avg_robust_SE,True,0.04075113682675808,0.040751136826758,
primary_019_avg_model_SE,True,0.05754948207004562,0.0575494820700456,
primary_019_rmse_c,True,0.06439843758853617,0.0643984375885361,
primary_019_coverage_c,True,0.7682,0.7682,
primary_019_coverage_naive,True,0.7692,0.7692,
primary_019_median_interval_width_log,True,0.15972003122874537,0.1597200312287453,
primary_019_directional_signal_rate,True,0.4576,0.4576,
primary_019_median_cross_ratio,True,0.8797256105143103,0.8797256105143103,
primary_019_max_abs_score_residual_sum,True,3.3586022851750386e-11,3.3586022851750386e-11,
primary_020_successful,True,5000,5000,
primary_020_failed,True,0,0,
primary_020_median_HR_c,True,0.8087277784657437,0.8087277784657437,
primary_020_median_HR_naive,True,0.8091595327176164,0.8091595327176164,
primary_020_median_HR_o,True,0.9186319711474883,0.9186319711474884,
primary_020_bias_logHR_c,True,-0.049613223324325384,-0.0496132233243254,
primary_020_median_HR_percent_error_c,True,-4.855555474618383,-4.855555474618383,
primary_020_empirical_SE,True,0.012996112220936676,0.0129961122209366,
primary_020_avg_robust_SE,True,0.01288170488855444,0.0128817048885544,
primary_020_avg_model_SE,True,0.018180822454358272,0.0181808224543583,
primary_020_rmse_c,True,0.05128681196664491,0.0512868119666449,
primary_020_coverage_c,True,0.0304,0.0304,
primary_020_coverage_naive,True,0.0294,0.0294,
primary_020_median_interval_width_log,True,0.05049520037418488,0.0504952003741851,
primary_020_directional_signal_rate,True,1.0,1.0,
primary_020_median_cross_ratio,True,0.8803671126251656,0.8803671126251656,
primary_020_max_abs_score_residual_sum,True,3.3791422993090237e-09,3.3791422993090237e-09,
primary_021_successful,True,5000,5000,
primary_021_failed,True,0,0,
primary_021_median_HR_c,True,0.873898633587542,0.873898633587542,
primary_021_median_HR_naive,True,0.8764595692821271,0.8764595692821271,
primary_021_median_HR_o,True,0.8735410177286635,0.8735410177286635,
primary_021_bias_logHR_c,True,-0.13496897922910417,-0.1349689792291041,
primary_021_median_HR_percent_error_c,True,-12.610136641245795,-12.610136641245797,
primary_021_empirical_SE,True,0.040109707610392974,0.0401097076103929,
primary_021_avg_robust_SE,True,0.04024373360882265,0.0402437336088226,
primary_021_avg_model_SE,True,0.05689642602830454,0.0568964260283045,
primary_021_rmse_c,True,0.14080160596033217,0.1408016059603321,
primary_021_coverage_c,True,0.0828,0.0828,
primary_021_coverage_naive,True,0.091,0.091,
primary_021_median_interval_width_log,True,0.15774106520863584,0.1577410652086358,
primary_021_directional_signal_rate,True,0.825,0.825,
primary_021_median_cross_ratio,True,0.9992401527409058,0.9992401527409058,
primary_021_max_abs_score_residual_sum,True,3.62003760301377e-11,3.62003760301377e-11,
primary_022_successful,True,5000,5000,
primary_022_failed,True,0,0,
primary_022_median_HR_c,True,0.8740191850806425,0.8740191850806425,
primary_022_median_HR_naive,True,0.8765965150535167,0.8765965150535167,
primary_022_median_HR_o,True,0.8737258248679884,0.8737258248679884,
primary_022_bias_logHR_c,True,-0.1347001632842173,-0.1347001632842173,
primary_022_median_HR_percent_error_c,True,-12.598081491935753,-12.598081491935751,
primary_022_empirical_SE,True,0.012820629843788029,0.012820629843788,
primary_022_avg_robust_SE,True,0.01272124232839329,0.0127212423283933,
primary_022_avg_model_SE,True,0.017973917872675414,0.0179739178726754,
primary_022_rmse_c,True,0.13530879374481286,0.1353087937448129,
primary_022_coverage_c,True,0.0,0.0,
primary_022_coverage_naive,True,0.0,0.0,
primary_022_median_interval_width_log,True,0.04986768375379745,0.0498676837537976,
primary_022_directional_signal_rate,True,1.0,1.0,
primary_022_median_cross_ratio,True,1.000187344046888,1.0001873440468882,
primary_022_max_abs_score_residual_sum,True,3.3469973459432363e-09,3.3469973459432363e-09,
primary_023_successful,True,5000,5000,
primary_023_failed,True,0,0,
primary_023_median_HR_c,True,0.7782142346916558,0.7782142346916558,
primary_023_median_HR_naive,True,0.7797652562059878,0.7797652562059878,
primary_023_median_HR_o,True,0.8856194274155234,0.8856194274155234,
primary_023_bias_logHR_c,True,-0.08802365253138815,-0.0880236525313881,
primary_023_median_HR_percent_error_c,True,-8.445384153922838,-8.445384153922838,
primary_023_empirical_SE,True,0.04071690359993082,0.0407169035999308,
primary_023_avg_robust_SE,True,0.0411804513729635,0.0411804513729635,
primary_023_avg_model_SE,True,0.05811455995096665,0.0581145599509666,
primary_023_rmse_c,True,0.09698297825126254,0.0969829782512625,
primary_023_coverage_c,True,0.4292,0.4292,
primary_023_coverage_naive,True,0.4336,0.4336,
primary_023_median_interval_width_log,True,0.16140882253072375,0.1614088225307237,
primary_023_directional_signal_rate,True,0.757,0.757,
primary_023_median_cross_ratio,True,0.8791801613947855,0.8791801613947855,
primary_023_max_abs_score_residual_sum,True,3.290878680672904e-11,3.290878680672904e-11,
primary_024_successful,True,5000,5000,
primary_024_failed,True,0,0,
primary_024_median_HR_c,True,0.7789046389065193,0.7789046389065193,
primary_024_median_HR_naive,True,0.7801519912272095,0.7801519912272095,
primary_024_median_HR_o,True,0.8845173867392686,0.8845173867392686,
primary_024_bias_logHR_c,True,-0.08734936934263933,-0.0873493693426393,
primary_024_median_HR_percent_error_c,True,-8.364160128644787,-8.364160128644787,
primary_024_empirical_SE,True,0.012874122360220671,0.0128741223602206,
primary_024_avg_robust_SE,True,0.013017304235676522,0.0130173042356765,
primary_024_avg_model_SE,True,0.018360301309801735,0.0183603013098017,
primary_024_rmse_c,True,0.08829282078684224,0.0882928207868422,
primary_024_coverage_c,True,0.0,0.0,
primary_024_coverage_naive,True,0.0,0.0,
primary_024_median_interval_width_log,True,0.05103012340970208,0.0510301234097022,
primary_024_directional_signal_rate,True,1.0,1.0,
primary_024_median_cross_ratio,True,0.8807670365475653,0.8807670365475653,
primary_024_max_abs_score_residual_sum,True,3.3264484500250542e-09,3.3264484500250542e-09,
primary_025_successful,True,5000,5000,
primary_025_failed,True,0,0,
primary_025_median_HR_c,True,0.9990894670433459,0.999089467043346,
primary_025_median_HR_naive,True,0.9988964646600165,0.9988964646600164,
primary_025_median_HR_o,True,0.9994127978736032,0.9994127978736032,
primary_025_bias_logHR_c,True,-0.0006287589144117434,-0.0006287589144117,
primary_025_median_HR_percent_error_c,True,-0.09105329566541087,-0.0910532956654108,
primary_025_empirical_SE,True,0.04015911262510561,0.0401591126251056,
primary_025_avg_robust_SE,True,0.03964706768783186,0.0396470676878319,
primary_025_avg_model_SE,True,0.05611010150154137,0.0561101015015414,
primary_025_rmse_c,True,0.04016001884639749,0.0401600188463975,
primary_025_coverage_c,True,0.948,0.948,
primary_025_coverage_naive,True,0.947,0.947,
primary_025_median_interval_width_log,True,0.1553980959618918,0.155398095961892,
primary_025_directional_signal_rate,True,0.0256,0.0256,
primary_025_median_cross_ratio,True,1.0000382716921026,1.0000382716921026,
primary_025_max_abs_score_residual_sum,True,3.495426170729843e-11,3.495426170729843e-11,
primary_026_successful,True,5000,5000,
primary_026_failed,True,0,0,
primary_026_median_HR_c,True,0.9997592237719997,0.9997592237719996,
primary_026_median_HR_naive,True,0.999860668157937,0.999860668157937,
primary_026_median_HR_o,True,0.999627429127937,0.999627429127937,
primary_026_bias_logHR_c,True,-0.00016624239725490658,-0.0001662423972549,
primary_026_median_HR_percent_error_c,True,-0.024077622800033893,-0.0240776228000338,
primary_026_empirical_SE,True,0.012555813062537153,0.0125558130625371,
primary_026_avg_robust_SE,True,0.012534119415198382,0.0125341194151984,
primary_026_avg_model_SE,True,0.017727963426952483,0.0177279634269525,
primary_026_rmse_c,True,0.012555658027665909,0.0125556580276659,
primary_026_coverage_c,True,0.9468,0.9468,
primary_026_coverage_naive,True,0.9468,0.9468,
primary_026_median_interval_width_log,True,0.0491353247178932,0.0491353247178933,
primary_026_directional_signal_rate,True,0.028,0.028,
primary_026_median_cross_ratio,True,1.0001457123672295,1.0001457123672295,
primary_026_max_abs_score_residual_sum,True,3.034333673213041e-09,3.034333673213041e-09,
primary_027_successful,True,5000,5000,
primary_027_failed,True,0,0,
primary_027_median_HR_c,True,0.906925090065421,0.9069250900654212,
primary_027_median_HR_naive,True,0.9048599859925344,0.9048599859925344,
primary_027_median_HR_o,True,1.0002514382968442,1.0002514382968442,
primary_027_bias_logHR_c,True,0.06523970189457987,0.0652397018945798,
primary_027_median_HR_percent_error_c,True,6.697069419461296,6.697069419461308,
primary_027_empirical_SE,True,0.0411116764382741,0.0411116764382741,
primary_027_avg_robust_SE,True,0.040510599576525565,0.0405105995765256,
primary_027_avg_model_SE,True,0.05721390142670109,0.0572139014267011,
primary_027_rmse_c,True,0.07711063875284055,0.0771106387528405,
primary_027_coverage_c,True,0.6436,0.6436,
primary_027_coverage_naive,True,0.6554,0.6554,
primary_027_median_interval_width_log,True,0.15876524711379364,0.1587652471137937,
primary_027_directional_signal_rate,True,0.024,0.024,
primary_027_median_cross_ratio,True,0.9071804488295825,0.9071804488295824,
primary_027_max_abs_score_residual_sum,True,3.1590730031894054e-11,3.1590730031894054e-11,
primary_028_successful,True,5000,5000,
primary_028_failed,True,0,0,
primary_028_median_HR_c,True,0.9076564186000596,0.9076564186000596,
primary_028_median_HR_naive,True,0.9058052126260778,0.9058052126260778,
primary_028_median_HR_o,True,1.0005377873950947,1.0005377873950947,
primary_028_bias_logHR_c,True,0.06576269624221459,0.0657626962422145,
primary_028_median_HR_percent_error_c,True,6.783108070595254,6.783108070595266,
primary_028_empirical_SE,True,0.012654335992882565,0.0126543359928825,
primary_028_avg_robust_SE,True,0.01280730569496369,0.0128073056949637,
primary_028_avg_model_SE,True,0.018077140115915602,0.0180771401159156,
primary_028_rmse_c,True,0.06696889136026267,0.0669688913602626,
primary_028_coverage_c,True,0.0004,0.0004,
primary_028_coverage_naive,True,0.001,0.001,
primary_028_median_interval_width_log,True,0.050201497558451255,0.0502014975584513,
primary_028_directional_signal_rate,True,0.0232,0.0232,
primary_028_median_cross_ratio,True,0.9069842750532671,0.906984275053267,
primary_028_max_abs_score_residual_sum,True,3.0415776564041153e-09,3.0415776564041153e-09,
primary_029_successful,True,5000,5000,
primary_029_failed,True,0,0,
primary_029_median_HR_c,True,0.9330911113567939,0.933091111356794,
primary_029_median_HR_naive,True,0.933913565199842,0.933913565199842,
primary_029_median_HR_o,True,0.9325269542371049,0.9325269542371049,
primary_029_bias_logHR_c,True,-0.06884254565545066,-0.0688425456554507,
primary_029_median_HR_percent_error_c,True,-6.69088886432061,-6.69088886432061,
primary_029_empirical_SE,True,0.039330445448754546,0.0393304454487545,
primary_029_avg_robust_SE,True,0.040065618940846016,0.040065618940846,
primary_029_avg_model_SE,True,0.056672918110640715,0.0566729181106407,
primary_029_rmse_c,True,0.0792834828620213,0.0792834828620213,
primary_029_coverage_c,True,0.597,0.597,
primary_029_coverage_naive,True,0.601,0.601,
primary_029_median_interval_width_log,True,0.15704584701551605,0.1570458470155163,
primary_029_directional_signal_rate,True,0.3172,0.3172,
primary_029_median_cross_ratio,True,1.0012408664663843,1.0012408664663843,
primary_029_max_abs_score_residual_sum,True,3.2645885994497797e-11,3.2645885994497797e-11,
primary_030_successful,True,5000,5000,
primary_030_failed,True,0,0,
primary_030_median_HR_c,True,0.933819396833377,0.9338193968333768,
primary_030_median_HR_naive,True,0.9346636304626887,0.9346636304626889,
primary_030_median_HR_o,True,0.9334038344743547,0.9334038344743548,
primary_030_bias_logHR_c,True,-0.06870579521264131,-0.0687057952126413,
primary_030_median_HR_percent_error_c,True,-6.6180603166623,-6.61806031666231,
primary_030_empirical_SE,True,0.012712940137569184,0.0127129401375691,
primary_030_avg_robust_SE,True,0.01266439366081056,0.0126643936608106,
primary_030_avg_model_SE,True,0.017903946605586182,0.0179039466055862,
primary_030_rmse_c,True,0.06987183136982625,0.0698718313698262,
primary_030_coverage_c,True,0.0002,0.0002,
primary_030_coverage_naive,True,0.0002,0.0002,
primary_030_median_interval_width_log,True,0.049644711765007274,0.0496447117650074,
primary_030_directional_signal_rate,True,0.9968,0.9968,
primary_030_median_cross_ratio,True,1.0002164763481252,1.0002164763481252,
primary_030_max_abs_score_residual_sum,True,3.0497417924379992e-09,3.0497417924379992e-09,
primary_031_successful,True,5000,5000,
primary_031_failed,True,0,0,
primary_031_median_HR_c,True,0.8512491600559449,0.8512491600559449,
primary_031_median_HR_naive,True,0.8502401337852166,0.8502401337852166,
primary_031_median_HR_o,True,0.9373643222370567,0.9373643222370563,
primary_031_bias_logHR_c,True,0.0020633969094923615,0.0020633969094923,
primary_031_median_HR_percent_error_c,True,0.1469600065817514,0.1469600065817514,
primary_031_empirical_SE,True,0.04095575116177265,0.0409557511617726,
primary_031_avg_robust_SE,True,0.04097846457331493,0.0409784645733149,
primary_031_avg_model_SE,True,0.05784253219627906,0.0578425321962791,
primary_031_rmse_c,True,0.04100360575998774,0.0410036057599877,
primary_031_coverage_c,True,0.951,0.951,
primary_031_coverage_naive,True,0.9494,0.9494,
primary_031_median_interval_width_log,True,0.16058516331976438,0.1605851633197644,
primary_031_directional_signal_rate,True,0.2906,0.2906,
primary_031_median_cross_ratio,True,0.9079635678053728,0.907963567805373,
primary_031_max_abs_score_residual_sum,True,2.964384293591138e-11,2.964384293591138e-11,
primary_032_successful,True,5000,5000,
primary_032_failed,True,0,0,
primary_032_median_HR_c,True,0.8517994073565551,0.8517994073565551,
primary_032_median_HR_naive,True,0.850669257267018,0.850669257267018,
primary_032_median_HR_o,True,0.9376832107352038,0.9376832107352038,
primary_032_bias_logHR_c,True,0.002042688904664156,0.0020426889046641,
primary_032_median_HR_percent_error_c,True,0.21169498312413523,0.2116949831241352,
primary_032_empirical_SE,True,0.013145859201612372,0.0131458592016123,
primary_032_avg_robust_SE,True,0.012953538137309673,0.0129535381373097,
primary_032_avg_model_SE,True,0.0182735943087471,0.0182735943087471,
primary_032_rmse_c,True,0.013302316692479735,0.0133023166924797,
primary_032_coverage_c,True,0.942,0.942,
primary_032_coverage_naive,True,0.9418,0.9418,
primary_032_median_interval_width_log,True,0.050777432831789135,0.0507774328317893,
primary_032_directional_signal_rate,True,0.9934,0.9934,
primary_032_median_cross_ratio,True,0.9084749275760057,0.9084749275760058,
primary_032_max_abs_score_residual_sum,True,3.007464499660273e-09,3.007464499660273e-09,
primary_033_successful,True,5000,5000,
primary_033_failed,True,0,0,
primary_033_median_HR_c,True,0.9037247839417625,0.9037247839417626,
primary_033_median_HR_naive,True,0.9049682179881505,0.9049682179881504,
primary_033_median_HR_o,True,0.9025466195838395,0.9025466195838396,
primary_033_bias_logHR_c,True,-0.10182853048188267,-0.1018285304818827,
primary_033_median_HR_percent_error_c,True,-9.627521605823752,-9.62752160582374,
primary_033_empirical_SE,True,0.0400100483057141,0.0400100483057141,
primary_033_avg_robust_SE,True,0.04044067275373723,0.0404406727537372,
primary_033_avg_model_SE,True,0.05718638784176514,0.0571863878417651,
primary_033_rmse_c,True,0.10940536287007233,0.1094053628700723,
primary_033_coverage_c,True,0.2872,0.2872,
primary_033_coverage_naive,True,0.2932,0.2932,
primary_033_median_interval_width_log,True,0.15853863030417653,0.1585386303041766,
primary_033_directional_signal_rate,True,0.587,0.587,
primary_033_median_cross_ratio,True,1.0010114308545313,1.0010114308545313,
primary_033_max_abs_score_residual_sum,True,3.270628212703741e-11,3.270628212703741e-11,
primary_034_successful,True,5000,5000,
primary_034_failed,True,0,0,
primary_034_median_HR_c,True,0.903361215602515,0.903361215602515,
primary_034_median_HR_naive,True,0.9045853583079431,0.9045853583079432,
primary_034_median_HR_o,True,0.903230624596358,0.903230624596358,
primary_034_bias_logHR_c,True,-0.10165426794049684,-0.1016542679404968,
primary_034_median_HR_percent_error_c,True,-9.663878439748498,-9.663878439748498,
primary_034_empirical_SE,True,0.012679721118738517,0.0126797211187385,
primary_034_avg_robust_SE,True,0.012783499237599827,0.0127834992375998,
primary_034_avg_model_SE,True,0.018065961909667395,0.0180659619096674,
primary_034_rmse_c,True,0.10244185357119313,0.1024418535711931,
primary_034_coverage_c,True,0.0,0.0,
primary_034_coverage_naive,True,0.0,0.0,
primary_034_median_interval_width_log,True,0.05010906617444333,0.0501090661744434,
primary_034_directional_signal_rate,True,1.0,1.0,
primary_034_median_cross_ratio,True,0.9998351270855061,0.999835127085506,
primary_034_max_abs_score_residual_sum,True,3.1108982057048702e-09,3.1108982057048702e-09,
primary_035_successful,True,5000,5000,
primary_035_failed,True,0,0,
primary_035_median_HR_c,True,0.827939790527348,0.827939790527348,
primary_035_median_HR_naive,True,0.8275007959142444,0.8275007959142444,
primary_035_median_HR_o,True,0.9108988562759803,0.9108988562759804,
primary_035_bias_logHR_c,True,-0.02622953683034275,-0.0262295368303427,
primary_035_median_HR_percent_error_c,True,-2.595318761488467,-2.595318761488467,
primary_035_empirical_SE,True,0.041035638208837634,0.0410356382088376,
primary_035_avg_robust_SE,True,0.0413946593610885,0.0413946593610885,
primary_035_avg_model_SE,True,0.058405832291055684,0.0584058322910557,
primary_035_rmse_c,True,0.048698823608176414,0.0486988236081764,
primary_035_coverage_c,True,0.9064,0.9064,
primary_035_coverage_naive,True,0.9052,0.9052,
primary_035_median_interval_width_log,True,0.1622639409015,0.1622639409015003,
primary_035_directional_signal_rate,True,0.5286,0.5286,
primary_035_median_cross_ratio,True,0.9091428155119791,0.909142815511979,
primary_035_max_abs_score_residual_sum,True,3.04840597209477e-11,3.04840597209477e-11,
primary_036_successful,True,5000,5000,
primary_036_failed,True,0,0,
primary_036_median_HR_c,True,0.8284209355876645,0.8284209355876645,
primary_036_median_HR_naive,True,0.8279790116296757,0.8279790116296757,
primary_036_median_HR_o,True,0.9114507182193763,0.9114507182193764,
primary_036_bias_logHR_c,True,-0.025965862441645372,-0.0259658624416454,
primary_036_median_HR_percent_error_c,True,-2.5387134602747623,-2.5387134602747623,
primary_036_empirical_SE,True,0.01299833667802147,0.0129983366780214,
primary_036_avg_robust_SE,True,0.013080770348701537,0.0130807703487015,
primary_036_avg_model_SE,True,0.01844678260277987,0.0184467826027799,
primary_036_rmse_c,True,0.029037027695381787,0.0290370276953818,
primary_036_coverage_c,True,0.4974,0.4974,
primary_036_coverage_naive,True,0.4774,0.4774,
primary_036_median_interval_width_log,True,0.05127850302730487,0.0512785030273049,
primary_036_directional_signal_rate,True,1.0,1.0,
primary_036_median_cross_ratio,True,0.9087039662342009,0.9087039662342008,
primary_036_max_abs_score_residual_sum,True,2.973735035993741e-09,2.973735035993741e-09,
primary_102_successful,True,2000,2000,
primary_102_failed,True,0,0,
primary_102_median_HR_c,True,0.9998391623893422,0.999839162389342,
primary_102_median_HR_naive,True,1.000067954621222,1.000067954621222,
primary_102_median_HR_o,True,0.9990486604570873,0.9990486604570872,
primary_102_bias_logHR_c,True,-0.0007407873343805435,-0.0007407873343805,
primary_102_median_HR_percent_error_c,True,-0.016083761065777136,-0.0160837610657882,
primary_102_empirical_SE,True,0.048586499358847034,0.048586499358847,
primary_102_avg_robust_SE,True,0.0471529969007334,0.0471529969007334,
primary_102_avg_model_SE,True,0.0666885799902235,0.0666885799902235,
primary_102_rmse_c,True,0.0485799996074727,0.0485799996074727,
primary_102_coverage_c,True,0.9445,0.9445,
primary_102_coverage_naive,True,0.942,0.942,
primary_102_median_interval_width_log,True,0.18480712101247426,0.1848071210124744,
primary_102_directional_signal_rate,True,0.0265,0.0265,
primary_102_median_cross_ratio,True,1.001481993456415,1.001481993456415,
primary_102_max_abs_score_residual_sum,True,2.895919060108554e-10,2.895919060108554e-10,
primary_103_successful,True,2000,2000,
primary_103_failed,True,0,0,
primary_103_median_HR_c,True,0.850832611723311,0.850832611723311,
primary_103_median_HR_naive,True,0.8499720973974285,0.8499720973974285,
primary_103_median_HR_o,True,0.9999892656025964,0.9999892656025964,
primary_103_bias_logHR_c,True,0.0005782599279695377,0.0005782599279695,
primary_103_median_HR_percent_error_c,True,0.09795432038953657,0.0979543203895365,
primary_103_empirical_SE,True,0.049397246604008724,0.0493972466040087,
primary_103_avg_robust_SE,True,0.049372915668265495,0.0493729156682655,
primary_103_avg_model_SE,True,0.06951561631743723,0.0695156163174372,
primary_103_rmse_c,True,0.0493882811263514,0.0493882811263513,
primary_103_coverage_c,True,0.9495,0.9495,
primary_103_coverage_naive,True,0.952,0.952,
primary_103_median_interval_width_log,True,0.19347291456445515,0.1934729145644554,
primary_103_directional_signal_rate,True,0.028,0.028,
primary_103_median_cross_ratio,True,0.8509027939168594,0.8509027939168593,
primary_103_max_abs_score_residual_sum,True,2.839266599607981e-10,2.839266599607981e-10,
primary_104_successful,True,2000,2000,
primary_104_failed,True,0,0,
primary_104_median_HR_c,True,0.9056665940183102,0.9056665940183102,
primary_104_median_HR_naive,True,0.9085648739110839,0.9085648739110838,
primary_104_median_HR_o,True,0.9017135514067944,0.9017135514067944,
primary_104_bias_logHR_c,True,-0.10109600662342165,-0.1010960066234216,
primary_104_median_HR_percent_error_c,True,-9.433340598168982,-9.433340598168982,
primary_104_empirical_SE,True,0.05050793581771197,0.0505079358177119,
primary_104_avg_robust_SE,True,0.051222145709816334,0.0512221457098163,
primary_104_avg_model_SE,True,0.07226621058342256,0.0722662105834226,
primary_104_rmse_c,True,0.11300521496806572,0.1130052149680657,
primary_104_coverage_c,True,0.5085,0.5085,
primary_104_coverage_naive,True,0.5235,0.5235,
primary_104_median_interval_width_log,True,0.2007476958820893,0.2007476958820895,
primary_104_directional_signal_rate,True,0.9295,0.9295,
primary_104_median_cross_ratio,True,1.0035753879413394,1.0035753879413394,
primary_104_max_abs_score_residual_sum,True,2.6602720026858146e-10,2.6602720026858146e-10,
primary_105_successful,True,2000,2000,
primary_105_failed,True,0,0,
primary_105_median_HR_c,True,0.7660313387399604,0.7660313387399604,
primary_105_median_HR_naive,True,0.7685230933746954,0.7685230933746954,
primary_105_median_HR_o,True,0.9013755838274407,0.9013755838274408,
primary_105_bias_logHR_c,True,-0.10229044895481923,-0.1022904489548192,
primary_105_median_HR_percent_error_c,True,-9.878666030592889,-9.878666030592887,
primary_105_empirical_SE,True,0.05420242076949873,0.0542024207694987,
primary_105_avg_robust_SE,True,0.05371231206673295,0.0537123120667329,
primary_105_avg_model_SE,True,0.07543913836443517,0.0754391383644352,
primary_105_rmse_c,True,0.11575737304139044,0.1157573730413904,
primary_105_coverage_c,True,0.511,0.511,
primary_105_coverage_naive,True,0.522,0.522,
primary_105_median_interval_width_log,True,0.21053408757108855,0.2105340875710888,
primary_105_directional_signal_rate,True,0.9295,0.9295,
primary_105_median_cross_ratio,True,0.8519790888435625,0.8519790888435625,
primary_105_max_abs_score_residual_sum,True,2.4569857259848504e-10,2.4569857259848504e-10,
primary_106_successful,True,2000,2000,
primary_106_failed,True,0,0,
primary_106_median_HR_c,True,0.8630440240551505,0.8630440240551505,
primary_106_median_HR_naive,True,0.8670809834662613,0.8670809834662613,
primary_106_median_HR_o,True,0.8623700232124504,0.8623700232124504,
primary_106_bias_logHR_c,True,-0.14778119465077913,-0.1477811946507791,
primary_106_median_HR_percent_error_c,True,-13.695597594484955,-13.695597594484957,
primary_106_empirical_SE,True,0.052471109542077926,0.0524711095420779,
primary_106_avg_robust_SE,True,0.05301709181373082,0.0530170918137308,
primary_106_avg_model_SE,True,0.0747168431871025,0.0747168431871025,
primary_106_rmse_c,True,0.1568155675317981,0.1568155675317981,
primary_106_coverage_c,True,0.196,0.196,
primary_106_coverage_naive,True,0.2175,0.2175,
primary_106_median_interval_width_log,True,0.20781290161539895,0.2078129016153991,
primary_106_directional_signal_rate,True,0.998,0.998,
primary_106_median_cross_ratio,True,1.0009382031602323,1.0009382031602323,
primary_106_max_abs_score_residual_sum,True,2.5759705479799777e-10,2.5759705479799777e-10,
primary_107_successful,True,2000,2000,
primary_107_failed,True,0,0,
primary_107_median_HR_c,True,0.7334816237009836,0.7334816237009836,
primary_107_median_HR_naive,True,0.737335433771457,0.737335433771457,
primary_107_median_HR_o,True,0.8626384604697825,0.8626384604697825,
primary_107_bias_logHR_c,True,-0.14756887634697047,-0.1475688763469705,
primary_107_median_HR_percent_error_c,True,-13.708044270472518,-13.708044270472518,
primary_107_empirical_SE,True,0.05371380086070209,0.053713800860702,
primary_107_avg_robust_SE,True,0.05564456449932939,0.0556445644993294,
primary_107_avg_model_SE,True,0.07808848805618648,0.0780884880561865,
primary_107_rmse_c,True,0.15703599295387402,0.157035992953874,
primary_107_coverage_c,True,0.229,0.229,
primary_107_coverage_naive,True,0.246,0.246,
primary_107_median_interval_width_log,True,0.21805081504201645,0.2180508150420166,
primary_107_directional_signal_rate,True,0.998,0.998,
primary_107_median_cross_ratio,True,0.8500028028480555,0.8500028028480555,
primary_107_max_abs_score_residual_sum,True,2.2886581518832827e-10,2.2886581518832827e-10,
primary_108_successful,True,2000,2000,
primary_108_failed,True,0,0,
primary_108_median_HR_c,True,0.9997076338953752,0.9997076338953752,
primary_108_median_HR_naive,True,1.0003676934745207,1.0003676934745207,
primary_108_median_HR_o,True,1.0003307932250924,1.0003307932250924,
primary_108_bias_logHR_c,True,-0.00028652896405660666,-0.0002865289640566,
primary_108_median_HR_percent_error_c,True,-0.029236610462479717,-0.0292366104624797,
primary_108_empirical_SE,True,0.04758808611977121,0.0475880861197712,
primary_108_avg_robust_SE,True,0.046730120941736134,0.0467301209417361,
primary_108_avg_model_SE,True,0.06609169754448274,0.0660916975444827,
primary_108_rmse_c,True,0.04757705041739907,0.0475770504173991,
primary_108_coverage_c,True,0.9495,0.9495,
primary_108_coverage_naive,True,0.946,0.946,
primary_108_median_interval_width_log,True,0.18312175695856214,0.1831217569585624,
primary_108_directional_signal_rate,True,0.026,0.026,
primary_108_median_cross_ratio,True,0.9998471127621068,0.9998471127621068,
primary_108_max_abs_score_residual_sum,True,2.985158786827924e-10,2.985158786827924e-10,
primary_109_successful,True,2000,2000,
primary_109_failed,True,0,0,
primary_109_median_HR_c,True,0.8805685780505147,0.8805685780505147,
primary_109_median_HR_naive,True,0.8792966382679075,0.8792966382679075,
primary_109_median_HR_o,True,0.9996637296941593,0.9996637296941592,
primary_109_bias_logHR_c,True,0.035919958248469254,0.0359199582484692,
primary_109_median_HR_percent_error_c,True,3.596303300060555,3.596303300060555,
primary_109_empirical_SE,True,0.04976650214190054,0.0497665021419005,
primary_109_avg_robust_SE,True,0.0486623202300516,0.0486623202300516,
primary_109_avg_model_SE,True,0.0686191435639498,0.0686191435639498,
primary_109_rmse_c,True,0.061365379357124855,0.0613653793571248,
primary_109_coverage_c,True,0.8785,0.8785,
primary_109_coverage_naive,True,0.8825,0.8825,
primary_109_median_interval_width_log,True,0.19072120843121432,0.1907212084312144,
primary_109_directional_signal_rate,True,0.027,0.027,
primary_109_median_cross_ratio,True,0.8819116995631857,0.8819116995631856,
primary_109_max_abs_score_residual_sum,True,2.905311546896882e-10,2.905311546896882e-10,
primary_110_successful,True,2000,2000,
primary_110_failed,True,0,0,
primary_110_median_HR_c,True,0.923386739769616,0.923386739769616,
primary_110_median_HR_naive,True,0.9252743261616694,0.9252743261616694,
primary_110_median_HR_o,True,0.923943508118579,0.923943508118579,
primary_110_bias_logHR_c,True,-0.08020271024771586,-0.0802027102477159,
primary_110_median_HR_percent_error_c,True,-7.661326023038395,-7.661326023038406,
primary_110_empirical_SE,True,0.048679248364446634,0.0486792483644466,
primary_110_avg_robust_SE,True,0.050627783034555715,0.0506277830345557,
primary_110_avg_model_SE,True,0.07148150119077679,0.0714815011907768,
primary_110_rmse_c,True,0.09381342717221179,0.0938134271722118,
primary_110_coverage_c,True,0.658,0.658,
primary_110_coverage_naive,True,0.6575,0.6575,
primary_110_median_interval_width_log,True,0.1984141799990472,0.1984141799990474,
primary_110_directional_signal_rate,True,0.7535,0.7535,
primary_110_median_cross_ratio,True,0.9982319453643025,0.9982319453643024,
primary_110_max_abs_score_residual_sum,True,2.6406699049630333e-10,2.6406699049630333e-10,
primary_111_successful,True,2000,2000,
primary_111_failed,True,0,0,
primary_111_median_HR_c,True,0.8130017932075909,0.8130017932075909,
primary_111_median_HR_naive,True,0.8125655754606618,0.8125655754606618,
primary_111_median_HR_o,True,0.9237578256404324,0.9237578256404324,
primary_111_bias_logHR_c,True,-0.046192564275077466,-0.0461925642750775,
primary_111_median_HR_percent_error_c,True,-4.352730210871655,-4.352730210871655,
primary_111_empirical_SE,True,0.051989339643341966,0.0519893396433419,
primary_111_avg_robust_SE,True,0.05278207602123467,0.0527820760212347,
primary_111_avg_model_SE,True,0.0743013261865832,0.0743013261865832,
primary_111_rmse_c,True,0.06953627100398509,0.0695362710039851,
primary_111_coverage_c,True,0.863,0.863,
primary_111_coverage_naive,True,0.8595,0.8595,
primary_111_median_interval_width_log,True,0.206860317272059,0.2068603172720591,
primary_111_directional_signal_rate,True,0.752,0.752,
primary_111_median_cross_ratio,True,0.8796107815052423,0.8796107815052423,
primary_111_max_abs_score_residual_sum,True,2.5288215965701966e-10,2.5288215965701966e-10,
primary_112_successful,True,2000,2000,
primary_112_failed,True,0,0,
primary_112_median_HR_c,True,0.8915284415565188,0.8915284415565188,
primary_112_median_HR_naive,True,0.8936079136702704,0.8936079136702704,
primary_112_median_HR_o,True,0.8918605502502327,0.8918605502502327,
primary_112_bias_logHR_c,True,-0.11620588643270506,-0.116205886432705,
primary_112_median_HR_percent_error_c,True,-10.847155844348123,-10.847155844348125,
primary_112_empirical_SE,True,0.0545284419422461,0.0545284419422461,
primary_112_avg_robust_SE,True,0.052336641112027425,0.0523366411120274,
primary_112_avg_model_SE,True,0.07384409320575458,0.0738440932057546,
primary_112_rmse_c,True,0.1283575955943758,0.1283575955943758,
primary_112_coverage_c,True,0.3965,0.3965,
primary_112_coverage_naive,True,0.4045,0.4045,
primary_112_median_interval_width_log,True,0.2052099792234819,0.2052099792234819,
primary_112_directional_signal_rate,True,0.953,0.953,
primary_112_median_cross_ratio,True,0.9982482578252958,0.9982482578252958,
primary_112_max_abs_score_residual_sum,True,2.508819818558549e-10,2.508819818558549e-10,
primary_113_successful,True,2000,2000,
primary_113_failed,True,0,0,
primary_113_median_HR_c,True,0.7844444960564084,0.7844444960564084,
primary_113_median_HR_naive,True,0.7851124047813658,0.7851124047813658,
primary_113_median_HR_o,True,0.8900520049828355,0.8900520049828355,
primary_113_bias_logHR_c,True,-0.08072702990956301,-0.080727029909563,
primary_113_median_HR_percent_error_c,True,-7.71241222865783,-7.71241222865783,
primary_113_empirical_SE,True,0.054374385966561474,0.0543743859665614,
primary_113_avg_robust_SE,True,0.05460246654678119,0.0546024665467812,
primary_113_avg_model_SE,True,0.07680095762701482,0.0768009576270148,
primary_113_rmse_c,True,0.09732393806425764,0.0973239380642576,
primary_113_coverage_c,True,0.7,0.7,
primary_113_coverage_naive,True,0.694,0.694,
primary_113_median_interval_width_log,True,0.21389407483263773,0.2138940748326379,
primary_113_directional_signal_rate,True,0.9595,0.9595,
primary_113_median_cross_ratio,True,0.8813748552709986,0.8813748552709986,
primary_113_max_abs_score_residual_sum,True,2.4639934537162844e-10,2.4639934537162844e-10,
primary_114_successful,True,2000,2000,
primary_114_failed,True,0,0,
primary_114_median_HR_c,True,1.0007894525838568,1.0007894525838568,
primary_114_median_HR_naive,True,1.0009468375796016,1.0009468375796016,
primary_114_median_HR_o,True,1.001993240076776,1.001993240076776,
primary_114_bias_logHR_c,True,0.0005485447415022405,0.0005485447415022,
primary_114_median_HR_percent_error_c,True,0.07894525838567645,0.0789452583856764,
primary_114_empirical_SE,True,0.046546233439765876,0.0465462334397659,
primary_114_avg_robust_SE,True,0.04698754548751321,0.0469875454875132,
primary_114_avg_model_SE,True,0.0664516716456555,0.0664516716456555,
primary_114_rmse_c,True,0.04653782840699482,0.0465378284069948,
primary_114_coverage_c,True,0.9525,0.9525,
primary_114_coverage_naive,True,0.953,0.953,
primary_114_median_interval_width_log,True,0.18419649402687888,0.1841964940268789,
primary_114_directional_signal_rate,True,0.025,0.025,
primary_114_median_cross_ratio,True,0.9997229141790602,0.9997229141790602,
primary_114_max_abs_score_residual_sum,True,2.8184121703134224e-10,2.8184121703134224e-10,
primary_115_successful,True,2000,2000,
primary_115_failed,True,0,0,
primary_115_median_HR_c,True,0.9088954898965858,0.9088954898965858,
primary_115_median_HR_naive,True,0.907277968278362,0.907277968278362,
primary_115_median_HR_o,True,1.0000366789880177,1.0000366789880175,
primary_115_bias_logHR_c,True,0.06696685213226929,0.0669668521322692,
primary_115_median_HR_percent_error_c,True,6.928881164304208,6.928881164304208,
primary_115_empirical_SE,True,0.04823109514593658,0.0482310951459365,
primary_115_avg_robust_SE,True,0.04901654712239043,0.0490165471223904,
primary_115_avg_model_SE,True,0.06904653802721548,0.0690465380272155,
primary_115_rmse_c,True,0.08252051080920499,0.0825205108092049,
primary_115_coverage_c,True,0.7345,0.7345,
primary_115_coverage_naive,True,0.747,0.747,
primary_115_median_interval_width_log,True,0.1920977327761192,0.1920977327761194,
primary_115_directional_signal_rate,True,0.0305,0.0305,
primary_115_median_cross_ratio,True,0.9089497821596764,0.9089497821596764,
primary_115_max_abs_score_residual_sum,True,2.623732342499352e-10,2.623732342499352e-10,
primary_116_successful,True,2000,2000,
primary_116_failed,True,0,0,
primary_116_median_HR_c,True,0.9417452328692062,0.9417452328692062,
primary_116_median_HR_naive,True,0.9424867426843926,0.9424867426843926,
primary_116_median_HR_o,True,0.941749784764115,0.9417497847641148,
primary_116_bias_logHR_c,True,-0.06004413505476035,-0.0600441350547603,
primary_116_median_HR_percent_error_c,True,-5.8254767130793805,-5.8254767130793805,
primary_116_empirical_SE,True,0.050938491852248004,0.050938491852248,
primary_116_avg_robust_SE,True,0.05095580702818133,0.0509558070281813,
primary_116_avg_model_SE,True,0.07190430412427398,0.071904304124274,
primary_116_rmse_c,True,0.07873201852918382,0.0787320185291838,
primary_116_coverage_c,True,0.778,0.778,
primary_116_coverage_naive,True,0.7785,0.7785,
primary_116_median_interval_width_log,True,0.19965331476881096,0.1996533147688109,
primary_116_directional_signal_rate,True,0.5055,0.5055,
primary_116_median_cross_ratio,True,1.0014227143291252,1.0014227143291252,
primary_116_max_abs_score_residual_sum,True,2.4093438355521357e-10,2.4093438355521357e-10,
primary_117_successful,True,2000,2000,
primary_117_failed,True,0,0,
primary_117_median_HR_c,True,0.857125413521639,0.857125413521639,
primary_117_median_HR_naive,True,0.8556698153726108,0.8556698153726108,
primary_117_median_HR_o,True,0.9411226615983628,0.9411226615983628,
primary_117_bias_logHR_c,True,0.007819469377353602,0.0078194693773535,
primary_117_median_HR_percent_error_c,True,0.8382839437222328,0.8382839437222328,
primary_117_empirical_SE,True,0.05419586740381493,0.0541958674038149,
primary_117_avg_robust_SE,True,0.05313172934397771,0.0531317293439777,
primary_117_avg_model_SE,True,0.07467868821813715,0.0746786882181372,
primary_117_rmse_c,True,0.054743653047393856,0.0547436530473938,
primary_117_coverage_c,True,0.9425,0.9425,
primary_117_coverage_naive,True,0.942,0.942,
primary_117_median_interval_width_log,True,0.20828187454152924,0.2082818745415294,
primary_117_directional_signal_rate,True,0.5185,0.5185,
primary_117_median_cross_ratio,True,0.9104667706898049,0.9104667706898047,
primary_117_max_abs_score_residual_sum,True,2.2824231393769878e-10,2.2824231393769878e-10,
primary_118_successful,True,2000,2000,
primary_118_failed,True,0,0,
primary_118_median_HR_c,True,0.9175404499959572,0.9175404499959572,
primary_118_median_HR_naive,True,0.9188650533424663,0.9188650533424664,
primary_118_median_HR_o,True,0.9154394546691107,0.9154394546691108,
primary_118_bias_logHR_c,True,-0.08727600798086896,-0.0872760079808689,
primary_118_median_HR_percent_error_c,True,-8.245955000404281,-8.245955000404281,
primary_118_empirical_SE,True,0.05188603169924561,0.0518860316992456,
primary_118_avg_robust_SE,True,0.05270206744102567,0.0527020674410257,
primary_118_avg_model_SE,True,0.07429244733312804,0.074292447333128,
primary_118_rmse_c,True,0.10152790638257579,0.1015279063825758,
primary_118_coverage_c,True,0.6335,0.6335,
primary_118_coverage_naive,True,0.633,0.633,
primary_118_median_interval_width_log,True,0.20645428009599784,0.2064542800959979,
primary_118_directional_signal_rate,True,0.8085,0.8085,
primary_118_median_cross_ratio,True,1.0008697903404489,1.0008697903404489,
primary_118_max_abs_score_residual_sum,True,2.289954892376045e-10,2.289954892376045e-10,
primary_119_successful,True,2000,2000,
primary_119_failed,True,0,0,
primary_119_median_HR_c,True,0.8301788324454809,0.8301788324454809,
primary_119_median_HR_naive,True,0.8289818706280297,0.8289818706280297,
primary_119_median_HR_o,True,0.9167669116557395,0.9167669116557396,
primary_119_bias_logHR_c,True,-0.022453174709516705,-0.0224531747095167,
primary_119_median_HR_percent_error_c,True,-2.331902065237544,-2.331902065237544,
primary_119_empirical_SE,True,0.05556613241451084,0.0555661324145108,
primary_119_avg_robust_SE,True,0.054979072865691564,0.0549790728656916,
primary_119_avg_model_SE,True,0.07718467775749473,0.0771846777574947,
primary_119_rmse_c,True,0.05991824704134192,0.0599182470413419,
primary_119_coverage_c,True,0.93,0.93,
primary_119_coverage_naive,True,0.9295,0.9295,
primary_119_median_interval_width_log,True,0.21544248270729288,0.2154424827072929,
primary_119_directional_signal_rate,True,0.7895,0.7895,
primary_119_median_cross_ratio,True,0.907207200647558,0.907207200647558,
primary_119_max_abs_score_residual_sum,True,2.1969626118334415e-10,2.1969626118334415e-10,
primary_202_successful,True,2000,2000,
primary_202_failed,True,0,0,
primary_202_median_HR_c,True,1.0005481610989813,1.0005481610989817,
primary_202_median_HR_naive,True,1.0004117904378353,1.0004117904378351,
primary_202_median_HR_o,True,1.0005256699426242,1.0005256699426242,
primary_202_bias_logHR_c,True,0.0004069428185638572,0.0004069428185638,
primary_202_median_HR_percent_error_c,True,0.05481610989812591,0.0548161098981481,
primary_202_empirical_SE,True,0.024011662165723056,0.024011662165723,
primary_202_avg_robust_SE,True,0.024149420917423097,0.0241494209174231,
primary_202_avg_model_SE,True,0.03415475489914735,0.0341547548991473,
primary_202_rmse_c,True,0.024009107489834276,0.0240091074898343,
primary_202_coverage_c,True,0.957,0.957,
primary_202_coverage_naive,True,0.954,0.954,
primary_202_median_interval_width_log,True,0.09467069855537748,0.0946706985553777,
primary_202_directional_signal_rate,True,0.024,0.024,
primary_202_median_cross_ratio,True,0.9989935450922895,0.9989935450922895,
primary_202_max_abs_score_residual_sum,True,9.988365690105636e-10,9.988365690105636e-10,
primary_203_successful,True,2000,2000,
primary_203_failed,True,0,0,
primary_203_median_HR_c,True,0.8487539065039913,0.8487539065039913,
primary_203_median_HR_naive,True,0.8487053853996704,0.8487053853996704,
primary_203_median_HR_o,True,1.000336745158696,1.000336745158696,
primary_203_bias_logHR_c,True,-0.001218685694221854,-0.0012186856942218,
primary_203_median_HR_percent_error_c,True,-0.14659923482455087,-0.1465992348245508,
primary_203_empirical_SE,True,0.0252014550240645,0.0252014550240645,
primary_203_avg_robust_SE,True,0.025177056181659333,0.0251770561816593,
primary_203_avg_model_SE,True,0.03546070961545491,0.0354607096154549,
primary_203_rmse_c,True,0.025224610472385535,0.0252246104723855,
primary_203_coverage_c,True,0.948,0.948,
primary_203_coverage_naive,True,0.9465,0.9465,
primary_203_median_interval_width_log,True,0.09868235858911525,0.0986823585891154,
primary_203_directional_signal_rate,True,0.0195,0.0195,
primary_203_median_cross_ratio,True,0.8481649020743589,0.8481649020743589,
primary_203_max_abs_score_residual_sum,True,9.90397097666573e-10,9.90397097666573e-10,
primary_204_successful,True,2000,2000,
primary_204_failed,True,0,0,
primary_204_median_HR_c,True,0.8999406853575028,0.8999406853575028,
primary_204_median_HR_naive,True,0.9031069514305652,0.9031069514305652,
primary_204_median_HR_o,True,0.8985832711182862,0.8985832711182862,
primary_204_bias_logHR_c,True,-0.10553972160039425,-0.1055397216003942,
primary_204_median_HR_percent_error_c,True,-10.005931464249718,-10.005931464249718,
primary_204_empirical_SE,True,0.02664016211107316,0.0266401621110731,
primary_204_avg_robust_SE,True,0.025985015074226764,0.0259850150742268,
primary_204_avg_model_SE,True,0.03666773573005232,0.0366677357300523,
primary_204_rmse_c,True,0.10884840937594968,0.1088484093759497,
primary_204_coverage_c,True,0.0235,0.0235,
primary_204_coverage_naive,True,0.0265,0.0265,
primary_204_median_interval_width_log,True,0.10185816839890294,0.1018581683989032,
primary_204_directional_signal_rate,True,0.993,0.993,
primary_204_median_cross_ratio,True,1.0009680635720855,1.0009680635720852,
primary_204_max_abs_score_residual_sum,True,9.191296612698351e-10,9.191296612698351e-10,
primary_205_successful,True,2000,2000,
primary_205_failed,True,0,0,
primary_205_median_HR_c,True,0.7647122855385348,0.7647122855385348,
primary_205_median_HR_naive,True,0.7679538570914417,0.7679538570914417,
primary_205_median_HR_o,True,0.9009220813843895,0.9009220813843896,
primary_205_bias_logHR_c,True,-0.10543436498648515,-0.1054343649864851,
primary_205_median_HR_percent_error_c,True,-10.03384876017238,-10.03384876017238,
primary_205_empirical_SE,True,0.026858885952802527,0.0268588859528025,
primary_205_avg_robust_SE,True,0.027156698492921516,0.0271566984929215,
primary_205_avg_model_SE,True,0.03816433024247523,0.0381643302424752,
primary_205_rmse_c,True,0.10880002010501516,0.1088000201050151,
primary_205_coverage_c,True,0.028,0.028,
primary_205_coverage_naive,True,0.0315,0.0315,
primary_205_median_interval_width_log,True,0.1064350052191881,0.1064350052191883,
primary_205_directional_signal_rate,True,0.994,0.994,
primary_205_median_cross_ratio,True,0.8490516941898456,0.8490516941898456,
primary_205_max_abs_score_residual_sum,True,8.799219131105929e-10,8.799219131105929e-10,
primary_206_successful,True,2000,2000,
primary_206_failed,True,0,0,
primary_206_median_HR_c,True,0.8551749619476087,0.8551749619476087,
primary_206_median_HR_naive,True,0.8597028480241306,0.8597028480241306,
primary_206_median_HR_o,True,0.8552301076240609,0.8552301076240609,
primary_206_bias_logHR_c,True,-0.15630508525146397,-0.156305085251464,
primary_206_median_HR_percent_error_c,True,-14.482503805239133,-14.482503805239132,
primary_206_empirical_SE,True,0.026826195524136783,0.0268261955241367,
primary_206_avg_robust_SE,True,0.02690782915328317,0.0269078291532832,
primary_206_avg_model_SE,True,0.03792717231313124,0.0379271723131312,
primary_206_rmse_c,True,0.1585892954123433,0.1585892954123433,
primary_206_coverage_c,True,0.0,0.0,
primary_206_coverage_naive,True,0.0,0.0,
primary_206_median_interval_width_log,True,0.1054889364777086,0.1054889364777088,
primary_206_directional_signal_rate,True,1.0,1.0,
primary_206_median_cross_ratio,True,1.0010774999906795,1.0010774999906793,
primary_206_max_abs_score_residual_sum,True,8.842206966619414e-10,8.842206966619414e-10,
primary_207_successful,True,2000,2000,
primary_207_failed,True,0,0,
primary_207_median_HR_c,True,0.7293318310254391,0.7293318310254391,
primary_207_median_HR_naive,True,0.733080027797832,0.733080027797832,
primary_207_median_HR_o,True,0.8576432321979868,0.8576432321979868,
primary_207_bias_logHR_c,True,-0.1533458738855431,-0.1533458738855431,
primary_207_median_HR_percent_error_c,True,-14.196255173477752,-14.196255173477752,
primary_207_empirical_SE,True,0.027174473953839963,0.0271744739538399,
primary_207_avg_robust_SE,True,0.028134437727465246,0.0281344377274652,
primary_207_avg_model_SE,True,0.03949425389816684,0.0394942538981668,
primary_207_rmse_c,True,0.15573387507659175,0.1557338750765917,
primary_207_coverage_c,True,0.0,0.0,
primary_207_coverage_naive,True,0.0,0.0,
primary_207_median_interval_width_log,True,0.11028844406112595,0.110288444061126,
primary_207_directional_signal_rate,True,1.0,1.0,
primary_207_median_cross_ratio,True,0.850267237834133,0.850267237834133,
primary_207_max_abs_score_residual_sum,True,8.106155746645526e-10,8.106155746645526e-10,
primary_208_successful,True,2000,2000,
primary_208_failed,True,0,0,
primary_208_median_HR_c,True,1.000397738011868,1.0003977380118685,
primary_208_median_HR_naive,True,1.000355078784062,1.000355078784062,
primary_208_median_HR_o,True,0.99952362205412,0.99952362205412,
primary_208_bias_logHR_c,True,0.00016418924887697596,0.0001641892488769,
primary_208_median_HR_percent_error_c,True,0.03977380118680429,0.0397738011868264,
primary_208_empirical_SE,True,0.02319100725732545,0.0231910072573254,
primary_208_avg_robust_SE,True,0.02392875151725186,0.0239287515172519,
primary_208_avg_model_SE,True,0.03384275347156006,0.0338427534715601,
primary_208_rmse_c,True,0.023185790137710723,0.0231857901377107,
primary_208_coverage_c,True,0.9605,0.9605,
primary_208_coverage_naive,True,0.962,0.962,
primary_208_median_interval_width_log,True,0.09380798490015252,0.0938079849001528,
primary_208_directional_signal_rate,True,0.024,0.024,
primary_208_median_cross_ratio,True,1.0001058492901704,1.0001058492901704,
primary_208_max_abs_score_residual_sum,True,1.0113412329815221e-09,1.0113412329815221e-09,
primary_209_successful,True,2000,2000,
primary_209_failed,True,0,0,
primary_209_median_HR_c,True,0.8811751008344404,0.8811751008344404,
primary_209_median_HR_naive,True,0.87930150956137,0.87930150956137,
primary_209_median_HR_o,True,0.9993390939995036,0.9993390939995036,
primary_209_bias_logHR_c,True,0.035068996504825097,0.035068996504825,
primary_209_median_HR_percent_error_c,True,3.6676589216988726,3.6676589216988726,
primary_209_empirical_SE,True,0.024331928951920507,0.0243319289519205,
primary_209_avg_robust_SE,True,0.024837581313069984,0.02483758131307,
primary_209_avg_model_SE,True,0.03503155741451187,0.0350315574145119,
primary_209_rmse_c,True,0.042679986656435145,0.0426799866564351,
primary_209_coverage_c,True,0.713,0.713,
primary_209_coverage_naive,True,0.7355,0.7355,
primary_209_median_interval_width_log,True,0.09736136707937079,0.0973613670793708,
primary_209_directional_signal_rate,True,0.028,0.028,
primary_209_median_cross_ratio,True,0.8814798157973418,0.8814798157973418,
primary_209_max_abs_score_residual_sum,True,9.905853914915495e-10,9.905853914915495e-10,
primary_210_successful,True,2000,2000,
primary_210_failed,True,0,0,
primary_210_median_HR_c,True,0.9206960211384358,0.9206960211384358,
primary_210_median_HR_naive,True,0.9224083454885013,0.9224083454885011,
primary_210_median_HR_o,True,0.919788658505178,0.919788658505178,
primary_210_bias_logHR_c,True,-0.08283886560160837,-0.0828388656016084,
primary_210_median_HR_percent_error_c,True,-7.930397886156415,-7.930397886156415,
primary_210_empirical_SE,True,0.025507760009514067,0.025507760009514,
primary_210_avg_robust_SE,True,0.02569968573267042,0.0256996857326704,
primary_210_avg_model_SE,True,0.036292513100780244,0.0362925131007802,
primary_210_rmse_c,True,0.08667524532387517,0.0866752453238752,
primary_210_coverage_c,True,0.1085,0.1085,
primary_210_coverage_naive,True,0.1125,0.1125,
primary_210_median_interval_width_log,True,0.10072671802112679,0.1007267180211268,
primary_210_directional_signal_rate,True,0.956,0.956,
primary_210_median_cross_ratio,True,1.0000828981713688,1.0000828981713688,
primary_210_max_abs_score_residual_sum,True,9.309282233971316e-10,9.309282233971316e-10,
primary_211_successful,True,2000,2000,
primary_211_failed,True,0,0,
primary_211_median_HR_c,True,0.8123052094646133,0.8123052094646133,
primary_211_median_HR_naive,True,0.812675781949123,0.812675781949123,
primary_211_median_HR_o,True,0.9205994309273818,0.9205994309273816,
primary_211_bias_logHR_c,True,-0.04548763614985576,-0.0454876361498558,
primary_211_median_HR_percent_error_c,True,-4.434681239457261,-4.434681239457261,
primary_211_empirical_SE,True,0.026646195602705605,0.0266461956027056,
primary_211_avg_robust_SE,True,0.026704621817707917,0.0267046218177079,
primary_211_avg_model_SE,True,0.037608749278923624,0.0376087492789236,
primary_211_rmse_c,True,0.05271422742229334,0.0527142274222933,
primary_211_coverage_c,True,0.6015,0.6015,
primary_211_coverage_naive,True,0.6045,0.6045,
primary_211_median_interval_width_log,True,0.10465003301384282,0.1046500330138429,
primary_211_directional_signal_rate,True,0.9475,0.9475,
primary_211_median_cross_ratio,True,0.881080844383108,0.881080844383108,
primary_211_max_abs_score_residual_sum,True,9.225864516793079e-10,9.225864516793079e-10,
primary_212_successful,True,2000,2000,
primary_212_failed,True,0,0,
primary_212_median_HR_c,True,0.8847087707171493,0.8847087707171493,
primary_212_median_HR_naive,True,0.8870641244574577,0.8870641244574577,
primary_212_median_HR_o,True,0.8848259440770393,0.8848259440770393,
primary_212_bias_logHR_c,True,-0.12272663083140292,-0.1227266308314029,
primary_212_median_HR_percent_error_c,True,-11.529122928285073,-11.529122928285071,
primary_212_empirical_SE,True,0.025825381413286438,0.0258253814132864,
primary_212_avg_robust_SE,True,0.02657594628490752,0.0265759462849075,
primary_212_avg_model_SE,True,0.03750098039507792,0.0375009803950779,
primary_212_rmse_c,True,0.12541308849241617,0.1254130884924162,
primary_212_coverage_c,True,0.0045,0.0045,
primary_212_coverage_naive,True,0.005,0.005,
primary_212_median_interval_width_log,True,0.10418273750696982,0.10418273750697,
primary_212_directional_signal_rate,True,0.9995,0.9995,
primary_212_median_cross_ratio,True,1.0005519493421202,1.0005519493421202,
primary_212_max_abs_score_residual_sum,True,9.121450261773133e-10,9.121450261773133e-10,
primary_213_successful,True,2000,2000,
primary_213_failed,True,0,0,
primary_213_median_HR_c,True,0.7809601928626786,0.7809601928626786,
primary_213_median_HR_naive,True,0.7820596773180323,0.7820596773180323,
primary_213_median_HR_o,True,0.8871040508502144,0.8871040508502144,
primary_213_bias_logHR_c,True,-0.08399155310864256,-0.0839915531086426,
primary_213_median_HR_percent_error_c,True,-8.122330251449576,-8.122330251449576,
primary_213_empirical_SE,True,0.026969119096592886,0.0269691190965928,
primary_213_avg_robust_SE,True,0.027619162860573768,0.0276191628605738,
primary_213_avg_model_SE,True,0.03886572856773586,0.0388657285677359,
primary_213_rmse_c,True,0.0882130983003982,0.0882130983003982,
primary_213_coverage_c,True,0.1435,0.1435,
primary_213_coverage_naive,True,0.147,0.147,
primary_213_median_interval_width_log,True,0.10824276662442589,0.1082427666244259,
primary_213_directional_signal_rate,True,0.9975,0.9975,
primary_213_median_cross_ratio,True,0.8806362213334198,0.8806362213334198,
primary_213_max_abs_score_residual_sum,True,8.84512019183603e-10,8.84512019183603e-10,
primary_214_successful,True,2000,2000,
primary_214_failed,True,0,0,
primary_214_median_HR_c,True,0.9990909868675906,0.9990909868675906,
primary_214_median_HR_naive,True,0.9989086230595775,0.9989086230595774,
primary_214_median_HR_o,True,1.0007607902179951,1.0007607902179951,
primary_214_bias_logHR_c,True,-0.0006630746219513233,-0.0006630746219513,
primary_214_median_HR_percent_error_c,True,-0.09090131324094308,-0.090901313240943,
primary_214_empirical_SE,True,0.024406316015617796,0.0244063160156178,
primary_214_avg_robust_SE,True,0.02406060591563255,0.0240606059156326,
primary_214_avg_model_SE,True,0.03402783624220162,0.0340278362422016,
primary_214_rmse_c,True,0.024409221521338006,0.024409221521338,
primary_214_coverage_c,True,0.9425,0.9425,
primary_214_coverage_naive,True,0.941,0.941,
primary_214_median_interval_width_log,True,0.09431459242247885,0.0943145924224791,
primary_214_directional_signal_rate,True,0.026,0.026,
primary_214_median_cross_ratio,True,0.9980271019005302,0.9980271019005302,
primary_214_max_abs_score_residual_sum,True,9.44945455216839e-10,9.44945455216839e-10,
primary_215_successful,True,2000,2000,
primary_215_failed,True,0,0,
primary_215_median_HR_c,True,0.907868535169327,0.9078685351693272,
primary_215_median_HR_naive,True,0.9059329073665392,0.9059329073665392,
primary_215_median_HR_o,True,1.0002621632061826,1.0002621632061823,
primary_215_bias_logHR_c,True,0.06537085732335372,0.0653708573233536,
primary_215_median_HR_percent_error_c,True,6.808062961097295,6.808062961097307,
primary_215_empirical_SE,True,0.02439779356923395,0.0243977935692339,
primary_215_avg_robust_SE,True,0.02501481106498924,0.0250148110649892,
primary_215_avg_model_SE,True,0.03524803952890558,0.0352480395289056,
primary_215_rmse_c,True,0.06977323048327129,0.0697732304832712,
primary_215_coverage_c,True,0.2545,0.2545,
primary_215_coverage_naive,True,0.269,0.269,
primary_215_median_interval_width_log,True,0.09806735978127462,0.0980673597812749,
primary_215_directional_signal_rate,True,0.031,0.031,
primary_215_median_cross_ratio,True,0.9080307279398709,0.9080307279398708,
primary_215_max_abs_score_residual_sum,True,9.21964726785518e-10,9.21964726785518e-10,
primary_216_successful,True,2000,2000,
primary_216_failed,True,0,0,
primary_216_median_HR_c,True,0.9388052138415002,0.9388052138415002,
primary_216_median_HR_naive,True,0.939632270321014,0.9396322703210142,
primary_216_median_HR_o,True,0.9392252420539866,0.9392252420539866,
primary_216_bias_logHR_c,True,-0.06368187404842329,-0.0636818740484233,
primary_216_median_HR_percent_error_c,True,-6.1194786158499825,-6.119478615849983,
primary_216_empirical_SE,True,0.02571352747203145,0.0257135274720314,
primary_216_avg_robust_SE,True,0.025868955620040688,0.0258689556200407,
primary_216_avg_model_SE,True,0.03651084614065257,0.0365108461406526,
primary_216_rmse_c,True,0.06867485700477749,0.0686748570047775,
primary_216_coverage_c,True,0.3145,0.3145,
primary_216_coverage_naive,True,0.319,0.319,
primary_216_median_interval_width_log,True,0.10141058764353922,0.1014105876435393,
primary_216_directional_signal_rate,True,0.7645,0.7645,
primary_216_median_cross_ratio,True,0.9990955714870435,0.9990955714870436,
primary_216_max_abs_score_residual_sum,True,8.597176304192543e-10,8.597176304192543e-10,
primary_217_successful,True,2000,2000,
primary_217_failed,True,0,0,
primary_217_median_HR_c,True,0.8527832364240008,0.8527832364240008,
primary_217_median_HR_naive,True,0.8510882595097456,0.8510882595097456,
primary_217_median_HR_o,True,0.9393365064324252,0.9393365064324252,
primary_217_bias_logHR_c,True,0.0029125438599009864,0.0029125438599009,
primary_217_median_HR_percent_error_c,True,0.3274395792942119,0.3274395792942119,
primary_217_empirical_SE,True,0.026278816429034565,0.0262788164290345,
primary_217_avg_robust_SE,True,0.02691129588774052,0.0269112958877405,
primary_217_avg_model_SE,True,0.03783934650164622,0.0378393465016462,
primary_217_rmse_c,True,0.026433195352629776,0.0264331953526297,
primary_217_coverage_c,True,0.95,0.95,
primary_217_coverage_naive,True,0.9515,0.9515,
primary_217_median_interval_width_log,True,0.1054675945340351,0.1054675945340352,
primary_217_directional_signal_rate,True,0.7685,0.7685,
primary_217_median_cross_ratio,True,0.9071051640241281,0.907105164024128,
primary_217_max_abs_score_residual_sum,True,8.019789277113887e-10,8.019789277113887e-10,
primary_218_successful,True,2000,2000,
primary_218_failed,True,0,0,
primary_218_median_HR_c,True,0.9111513383297989,0.9111513383297988,
primary_218_median_HR_naive,True,0.9120735139791041,0.912073513979104,
primary_218_median_HR_o,True,0.9121630886456186,0.9121630886456186,
primary_218_bias_logHR_c,True,-0.09351975238040687,-0.0935197523804069,
primary_218_median_HR_percent_error_c,True,-8.88486616702011,-8.88486616702011,
primary_218_empirical_SE,True,0.027061914561181497,0.0270619145611814,
primary_218_avg_robust_SE,True,0.02675804438892444,0.0267580443889244,
primary_218_avg_model_SE,True,0.037724714778602196,0.0377247147786022,
primary_218_rmse_c,True,0.09735463590091355,0.0973546359009135,
primary_218_coverage_c,True,0.063,0.063,
primary_218_coverage_naive,True,0.068,0.068,
primary_218_median_interval_width_log,True,0.10489514642939374,0.104895146429394,
primary_218_directional_signal_rate,True,0.9795,0.9795,
primary_218_median_cross_ratio,True,0.9992077788264893,0.9992077788264891,
primary_218_max_abs_score_residual_sum,True,8.126974648803297e-10,8.126974648803297e-10,
primary_219_successful,True,2000,2000,
primary_219_failed,True,0,0,
primary_219_median_HR_c,True,0.8306026827912028,0.8306026827912028,
primary_219_median_HR_naive,True,0.8290825807074605,0.8290825807074605,
primary_219_median_HR_o,True,0.9125072166748496,0.9125072166748496,
primary_219_bias_logHR_c,True,-0.024027358149916685,-0.0240273581499167,
primary_219_median_HR_percent_error_c,True,-2.282037318682027,-2.282037318682027,
primary_219_empirical_SE,True,0.028570529412526326,0.0285705294125263,
primary_219_avg_robust_SE,True,0.027817789331858044,0.027817789331858,
primary_219_avg_model_SE,True,0.03907581083425012,0.0390758108342501,
primary_219_rmse_c,True,0.037325339288490654,0.0373253392884906,
primary_219_coverage_c,True,0.8515,0.8515,
primary_219_coverage_naive,True,0.842,0.842,
primary_219_median_interval_width_log,True,0.10903077724770971,0.1090307772477099,
primary_219_directional_signal_rate,True,0.9695,0.9695,
primary_219_median_cross_ratio,True,0.9081844562592707,0.9081844562592708,
primary_219_max_abs_score_residual_sum,True,7.725100559241581e-10,7.725100559241581e-10,
primary_total_successful,True,252000,252000,
primary_total_failed,True,0,0,
primary_score_residual_max_below_1e-8,True,3.3791422993090237e-09,<1e-8,
h2_scenario_rows,True,7,7,
h2_901_successful,True,2000,2000,
h2_901_failed,True,0,0,
h2_901_median_hr_o,True,0.9185079726974876,0.9185079726974876,
h2_901_two_sided_detection,True,1.0,1.0,
h2_901_protective_direction_signal,True,1.0,1.0,
h2_901_harmful_direction_signal,True,0.0,0.0,
h2_902_successful,True,2000,2000,
h2_902_failed,True,0,0,
h2_902_median_hr_o,True,1.1763652887150116,1.1763652887150116,
h2_902_two_sided_detection,True,1.0,1.0,
h2_902_protective_direction_signal,True,0.0,0.0,
h2_902_harmful_direction_signal,True,1.0,1.0,
h2_903_successful,True,2000,2000,
h2_903_failed,True,0,0,
h2_903_median_hr_o,True,1.246232113807899,1.246232113807899,
h2_903_two_sided_detection,True,1.0,1.0,
h2_903_protective_direction_signal,True,0.0,0.0,
h2_903_harmful_direction_signal,True,1.0,1.0,
h2_904_successful,True,2000,2000,
h2_904_failed,True,0,0,
h2_904_median_hr_o,True,0.7418957317565973,0.7418957317565973,
h2_904_two_sided_detection,True,1.0,1.0,
h2_904_protective_direction_signal,True,1.0,1.0,
h2_904_harmful_direction_signal,True,0.0,0.0,
h2_905_successful,True,2000,2000,
h2_905_failed,True,0,0,
h2_905_median_hr_o,True,0.6801535555124418,0.6801535555124418,
h2_905_two_sided_detection,True,1.0,1.0,
h2_905_protective_direction_signal,True,1.0,1.0,
h2_905_harmful_direction_signal,True,0.0,0.0,
h2_906_successful,True,2000,2000,
h2_906_failed,True,0,0,
h2_906_median_hr_o,True,0.9802448407274,0.9802448407274,
h2_906_two_sided_detection,True,0.0965,0.0965,
h2_906_protective_direction_signal,True,0.093,0.093,
h2_906_harmful_direction_signal,True,0.0035,0.0035,
h2_907_successful,True,2000,2000,
h2_907_failed,True,0,0,
h2_907_median_hr_o,True,0.9998668463053191,0.9998668463053192,
h2_907_two_sided_detection,True,0.0495,0.0495,
h2_907_protective_direction_signal,True,0.023,0.023,
h2_907_harmful_direction_signal,True,0.0265,0.0265,
qba_summary_rows,True,36,36,
qba_per_replicate_rows,True,180000,180000,
qba_301_global_mechanism_prior_bias_loghr,True,0.05950523593748569,0.0595052359374856,
qba_301_global_mechanism_prior_rmse_loghr,True,0.07190435499179998,0.0719043549917999,
qba_301_global_mechanism_prior_coverage,True,0.819,0.819,
qba_301_global_mechanism_prior_width_ratio,True,1.204357843662357,1.204357843662358,
qba_301_global_mechanism_prior_n_eval,True,5000,5000,
qba_301_oracle_cell_specific_bias_loghr,True,-0.0001945445041864206,-0.0001945445041864,
qba_301_oracle_cell_specific_rmse_loghr,True,0.04036583964660046,0.0403658396466004,
qba_301_oracle_cell_specific_coverage,True,0.953,0.953,
qba_301_oracle_cell_specific_width_ratio,True,1.0023108050264995,1.0023108050265006,
qba_301_oracle_cell_specific_n_eval,True,5000,5000,
qba_301_oracle_mean_x1.25_bias_loghr,True,-0.0001948368088353027,-0.0001948368088353,
qba_301_oracle_mean_x1.25_rmse_loghr,True,0.04036584105643076,0.0403658410564307,
qba_301_oracle_mean_x1.25_coverage,True,0.953,0.953,
qba_301_oracle_mean_x1.25_width_ratio,True,1.0023108050264995,1.0023108050265006,
qba_301_oracle_mean_x1.25_n_eval,True,5000,5000,
qba_301_oracle_mean_x1.50_bias_loghr,True,-0.0001951291134841264,-0.0001951291134841,
qba_301_oracle_mean_x1.50_rmse_loghr,True,0.04036584246837766,0.0403658424683776,
qba_301_oracle_mean_x1.50_coverage,True,0.953,0.953,
qba_301_oracle_mean_x1.50_width_ratio,True,1.0023108050264995,1.0023108050265006,
qba_301_oracle_mean_x1.50_n_eval,True,5000,5000,
qba_302_global_mechanism_prior_bias_loghr,True,-0.04871391241613311,-0.0487139124161331,
qba_302_global_mechanism_prior_rmse_loghr,True,0.06369394366509748,0.0636939436650975,
qba_302_global_mechanism_prior_coverage,True,0.8784,0.8784,
qba_302_global_mechanism_prior_width_ratio,True,1.1993382864938023,1.1993382864938034,
qba_302_global_mechanism_prior_n_eval,True,5000,5000,
qba_302_oracle_cell_specific_bias_loghr,True,-0.0002833432621732332,-0.0002833432621732,
qba_302_oracle_cell_specific_rmse_loghr,True,0.04103600224351955,0.0410360022435195,
qba_302_oracle_cell_specific_coverage,True,0.9548,0.9548,
qba_302_oracle_cell_specific_width_ratio,True,1.0040563589636073,1.0040563589636085,
qba_302_oracle_cell_specific_n_eval,True,5000,5000,
qba_302_oracle_mean_x1.25_bias_loghr,True,0.026748951832085872,0.0267489518320858,
qba_302_oracle_mean_x1.25_rmse_loghr,True,0.04898346272816135,0.0489834627281613,
qba_302_oracle_mean_x1.25_coverage,True,0.902,0.902,
qba_302_oracle_mean_x1.25_width_ratio,True,1.0040563589636073,1.0040563589636085,
qba_302_oracle_mean_x1.25_n_eval,True,5000,5000,
qba_302_oracle_mean_x1.50_bias_loghr,True,0.053781246926345,0.0537812469263449,
qba_302_oracle_mean_x1.50_rmse_loghr,True,0.06764832383495113,0.067648323834951,
qba_302_oracle_mean_x1.50_coverage,True,0.7484,0.7484,
qba_302_oracle_mean_x1.50_width_ratio,True,1.0040563589636073,1.0040563589636085,
qba_302_oracle_mean_x1.50_n_eval,True,5000,5000,
qba_303_global_mechanism_prior_bias_loghr,True,-0.0960461797487113,-0.0960461797487113,
qba_303_global_mechanism_prior_rmse_loghr,True,0.10471608960578964,0.1047160896057896,
qba_303_global_mechanism_prior_coverage,True,0.5116,0.5116,
qba_303_global_mechanism_prior_width_ratio,True,1.195237205164839,1.19523720516484,
qba_303_global_mechanism_prior_n_eval,True,5000,5000,
qba_303_oracle_cell_specific_bias_loghr,True,0.0005961079369522098,0.0005961079369521,
qba_303_oracle_cell_specific_rmse_loghr,True,0.041724646465590376,0.0417246464655903,
qba_303_oracle_cell_specific_coverage,True,0.9474,0.9474,
qba_303_oracle_cell_specific_width_ratio,True,1.0022562567457138,1.002256256745715,
qba_303_oracle_cell_specific_n_eval,True,5000,5000,
qba_303_oracle_mean_x1.25_bias_loghr,True,0.03968133266413723,0.0396813326641372,
qba_303_oracle_mean_x1.25_rmse_loghr,True,0.057577764284556326,0.0575777642845563,
qba_303_oracle_mean_x1.25_coverage,True,0.8422,0.8422,
qba_303_oracle_mean_x1.25_width_ratio,True,1.0022562567457138,1.002256256745715,
qba_303_oracle_mean_x1.25_n_eval,True,5000,5000,
qba_303_oracle_mean_x1.50_bias_loghr,True,0.0787665573913223,0.0787665573913222,
qba_303_oracle_mean_x1.50_rmse_loghr,True,0.08913339072023724,0.0891333907202372,
qba_303_oracle_mean_x1.50_coverage,True,0.5388,0.5388,
qba_303_oracle_mean_x1.50_width_ratio,True,1.0022562567457138,1.002256256745715,
qba_303_oracle_mean_x1.50_n_eval,True,5000,5000,
qba_304_global_mechanism_prior_bias_loghr,True,0.09469382331907229,0.0946938233190722,
qba_304_global_mechanism_prior_rmse_loghr,True,0.10273734070935651,0.1027373407093565,
qba_304_global_mechanism_prior_coverage,True,0.508,0.508,
qba_304_global_mechanism_prior_width_ratio,True,1.2087872087855231,1.2087872087855245,
qba_304_global_mechanism_prior_n_eval,True,5000,5000,
qba_304_oracle_cell_specific_bias_loghr,True,0.0002929697948841941,0.0002929697948841,
qba_304_oracle_cell_specific_rmse_loghr,True,0.03985130904433929,0.0398513090443392,
qba_304_oracle_cell_specific_coverage,True,0.9562,0.9562,
qba_304_oracle_cell_specific_width_ratio,True,1.0028400550881764,1.0028400550881778,
qba_304_oracle_cell_specific_n_eval,True,5000,5000,
qba_304_oracle_mean_x1.25_bias_loghr,True,-0.00838259078039368,-0.0083825907803937,
qba_304_oracle_mean_x1.25_rmse_loghr,True,0.040722338211825054,0.040722338211825,
qba_304_oracle_mean_x1.25_coverage,True,0.9502,0.9502,
qba_304_oracle_mean_x1.25_width_ratio,True,1.0028400550881764,1.0028400550881778,
qba_304_oracle_mean_x1.25_n_eval,True,5000,5000,
qba_304_oracle_mean_x1.50_bias_loghr,True,-0.01705815135567151,-0.0170581513556715,
qba_304_oracle_mean_x1.50_rmse_loghr,True,0.04334768193248311,0.0433476819324831,
qba_304_oracle_mean_x1.50_coverage,True,0.9352,0.9352,
qba_304_oracle_mean_x1.50_width_ratio,True,1.0028400550881764,1.0028400550881778,
qba_304_oracle_mean_x1.50_n_eval,True,5000,5000,
qba_305_global_mechanism_prior_bias_loghr,True,0.009740974161372463,0.0097409741613724,
qba_305_global_mechanism_prior_rmse_loghr,True,0.04178851326223702,0.041788513262237,
qba_305_global_mechanism_prior_coverage,True,0.98,0.98,
qba_305_global_mechanism_prior_width_ratio,True,1.2041482284091567,1.2041482284091578,
qba_305_global_mechanism_prior_n_eval,True,5000,5000,
qba_305_oracle_cell_specific_bias_loghr,True,-0.00025647972038949144,-0.0002564797203895,
qba_305_oracle_cell_specific_rmse_loghr,True,0.040638147655898446,0.0406381476558984,
qba_305_oracle_cell_specific_coverage,True,0.9516,0.9516,
qba_305_oracle_cell_specific_width_ratio,True,1.002331712561145,1.0023317125611462,
qba_305_oracle_cell_specific_n_eval,True,5000,5000,
qba_305_oracle_mean_x1.25_bias_loghr,True,0.012168809614939156,0.0121688096149391,
qba_305_oracle_mean_x1.25_rmse_loghr,True,0.04242019790736801,0.0424201979073679,
qba_305_oracle_mean_x1.25_coverage,True,0.9384,0.9384,
qba_305_oracle_mean_x1.25_width_ratio,True,1.002331712561145,1.0023317125611462,
qba_305_oracle_mean_x1.25_n_eval,True,5000,5000,
qba_305_oracle_mean_x1.50_bias_loghr,True,0.024594098950267852,0.0245940989502677,
qba_305_oracle_mean_x1.50_rmse_loghr,True,0.047500136486448116,0.047500136486448,
qba_305_oracle_mean_x1.50_coverage,True,0.9046,0.9046,
qba_305_oracle_mean_x1.50_width_ratio,True,1.002331712561145,1.0023317125611462,
qba_305_oracle_mean_x1.50_n_eval,True,5000,5000,
qba_306_global_mechanism_prior_bias_loghr,True,-0.028325041308311552,-0.0283250413083115,
qba_306_global_mechanism_prior_rmse_loghr,True,0.04959680060886852,0.0495968006088685,
qba_306_global_mechanism_prior_coverage,True,0.9528,0.9528,
qba_306_global_mechanism_prior_width_ratio,True,1.2002668839301,1.2002668839301012,
qba_306_global_mechanism_prior_n_eval,True,5000,5000,
qba_306_oracle_cell_specific_bias_loghr,True,-0.0008742084688517646,-0.0008742084688518,
qba_306_oracle_cell_specific_rmse_loghr,True,0.04072221636852934,0.0407222163685293,
qba_306_oracle_cell_specific_coverage,True,0.9542,0.9542,
qba_306_oracle_cell_specific_width_ratio,True,1.0029031798159431,1.0029031798159442,
qba_306_oracle_cell_specific_n_eval,True,5000,5000,
qba_306_oracle_mean_x1.25_bias_loghr,True,0.020913152546782336,0.0209131525467822,
qba_306_oracle_mean_x1.25_rmse_loghr,True,0.04577001873457443,0.0457700187345744,
qba_306_oracle_mean_x1.25_coverage,True,0.923,0.923,
qba_306_oracle_mean_x1.25_width_ratio,True,1.0029031798159431,1.0029031798159442,
qba_306_oracle_mean_x1.25_n_eval,True,5000,5000,
qba_306_oracle_mean_x1.50_bias_loghr,True,0.04270051356241643,0.0427005135624163,
qba_306_oracle_mean_x1.50_rmse_loghr,True,0.05899888578619444,0.0589988857861943,
qba_306_oracle_mean_x1.50_coverage,True,0.8276,0.8276,
qba_306_oracle_mean_x1.50_width_ratio,True,1.0029031798159431,1.0029031798159442,
qba_306_oracle_mean_x1.50_n_eval,True,5000,5000,
qba_307_global_mechanism_prior_bias_loghr,True,0.12493831311765644,0.1249383131176564,
qba_307_global_mechanism_prior_rmse_loghr,True,0.13152723668603014,0.1315272366860301,
qba_307_global_mechanism_prior_coverage,True,0.2446,0.2446,
qba_307_global_mechanism_prior_width_ratio,True,1.2063717142238273,1.2063717142238286,
qba_307_global_mechanism_prior_n_eval,True,5000,5000,
qba_307_oracle_cell_specific_bias_loghr,True,0.00011216235612485846,0.0001121623561247,
qba_307_oracle_cell_specific_rmse_loghr,True,0.04110771808275863,0.0411077180827586,
qba_307_oracle_cell_specific_coverage,True,0.95,0.95,
qba_307_oracle_cell_specific_width_ratio,True,1.0028726042566638,1.002872604256665,
qba_307_oracle_cell_specific_n_eval,True,5000,5000,
qba_307_oracle_mean_x1.25_bias_loghr,True,-0.016169722528488934,-0.0161697225284889,
qba_307_oracle_mean_x1.25_rmse_loghr,True,0.044173429029516736,0.0441734290295167,
qba_307_oracle_mean_x1.25_coverage,True,0.9282,0.9282,
qba_307_oracle_mean_x1.25_width_ratio,True,1.0028726042566638,1.002872604256665,
qba_307_oracle_mean_x1.25_n_eval,True,5000,5000,
qba_307_oracle_mean_x1.50_bias_loghr,True,-0.03245160741310274,-0.0324516074131027,
qba_307_oracle_mean_x1.50_rmse_loghr,True,0.05237307255901236,0.0523730725590123,
qba_307_oracle_mean_x1.50_coverage,True,0.87,0.87,
qba_307_oracle_mean_x1.50_width_ratio,True,1.0028726042566638,1.002872604256665,
qba_307_oracle_mean_x1.50_n_eval,True,5000,5000,
qba_308_global_mechanism_prior_bias_loghr,True,0.06176200813256896,0.0617620081325689,
qba_308_global_mechanism_prior_rmse_loghr,True,0.07410522064660433,0.0741052206466043,
qba_308_global_mechanism_prior_coverage,True,0.8038,0.8038,
qba_308_global_mechanism_prior_width_ratio,True,1.2020797274210184,1.2020797274210198,
qba_308_global_mechanism_prior_n_eval,True,5000,5000,
qba_308_oracle_cell_specific_bias_loghr,True,0.00012215964471322448,0.0001221596447131,
qba_308_oracle_cell_specific_rmse_loghr,True,0.04095183758383978,0.0409518375838397,
qba_308_oracle_cell_specific_coverage,True,0.9504,0.9504,
qba_308_oracle_cell_specific_width_ratio,True,1.0024953942932209,1.0024953942932218,
qba_308_oracle_cell_specific_n_eval,True,5000,5000,
qba_308_oracle_mean_x1.25_bias_loghr,True,-0.00036314967148160415,-0.0003631496714816,
qba_308_oracle_mean_x1.25_rmse_loghr,True,0.04095326551324442,0.0409532655132444,
qba_308_oracle_mean_x1.25_coverage,True,0.9502,0.9502,
qba_308_oracle_mean_x1.25_width_ratio,True,1.0024953942932209,1.0024953942932218,
qba_308_oracle_mean_x1.25_n_eval,True,5000,5000,
qba_308_oracle_mean_x1.50_bias_loghr,True,-0.0008484589876764241,-0.0008484589876764,
qba_308_oracle_mean_x1.50_rmse_loghr,True,0.040960443859511184,0.0409604438595111,
qba_308_oracle_mean_x1.50_coverage,True,0.95,0.95,
qba_308_oracle_mean_x1.50_width_ratio,True,1.0024953942932209,1.0024953942932218,
qba_308_oracle_mean_x1.50_n_eval,True,5000,5000,
qba_309_global_mechanism_prior_bias_loghr,True,0.03346907439273386,0.0334690743927338,
qba_309_global_mechanism_prior_rmse_loghr,True,0.052950597345000065,0.052950597345,
qba_309_global_mechanism_prior_coverage,True,0.9366,0.9366,
qba_309_global_mechanism_prior_width_ratio,True,1.1983712701494558,1.198371270149457,
qba_309_global_mechanism_prior_n_eval,True,5000,5000,
qba_309_oracle_cell_specific_bias_loghr,True,2.715524270424956e-05,2.715524270418259e-05,
qba_309_oracle_cell_specific_rmse_loghr,True,0.041031543425676546,0.0410315434256765,
qba_309_oracle_cell_specific_coverage,True,0.9522,0.9522,
qba_309_oracle_cell_specific_width_ratio,True,1.0026746119287482,1.0026746119287493,
qba_309_oracle_cell_specific_n_eval,True,5000,5000,
qba_309_oracle_mean_x1.25_bias_loghr,True,0.006591328260965951,0.0065913282609659,
qba_309_oracle_mean_x1.25_rmse_loghr,True,0.04155757965437571,0.0415575796543757,
qba_309_oracle_mean_x1.25_coverage,True,0.9456,0.9456,
qba_309_oracle_mean_x1.25_width_ratio,True,1.0026746119287482,1.0026746119287493,
qba_309_oracle_mean_x1.25_n_eval,True,5000,5000,
qba_309_oracle_mean_x1.50_bias_loghr,True,0.013155501279227693,0.0131555012792276,
qba_309_oracle_mean_x1.50_rmse_loghr,True,0.04308890846138639,0.0430889084613863,
qba_309_oracle_mean_x1.50_coverage,True,0.9394,0.9394,
qba_309_oracle_mean_x1.50_width_ratio,True,1.0026746119287482,1.0026746119287493,
qba_309_oracle_mean_x1.50_n_eval,True,5000,5000,
qba_calibration_301_mu_B,True,1.1692185955110247e-06,1.169218595514221e-06,
qba_calibration_301_sd_B,True,0.002770307443986306,0.0027703074439863,
qba_calibration_301_successful,True,100,100,
qba_calibration_302_mu_B,True,-0.10812918037703645,-0.1081291803770364,
qba_calibration_302_sd_B,True,0.0037221930200524705,0.0037221930200524,
qba_calibration_302_successful,True,100,100,
qba_calibration_303_mu_B,True,-0.15634089890874003,-0.1563408989087401,
qba_calibration_303_sd_B,True,0.0028063961087198843,0.0028063961087198,
qba_calibration_303_successful,True,100,100,
qba_calibration_304_mu_B,True,0.03470224230111146,0.0347022423011115,
qba_calibration_304_sd_B,True,0.003035816053187598,0.0030358160531876,
qba_calibration_304_successful,True,100,100,
qba_calibration_305_mu_B,True,-0.049701157341314584,-0.0497011573413146,
qba_calibration_305_sd_B,True,0.002784389170457616,0.0027843891704576,
qba_calibration_305_successful,True,100,100,
qba_calibration_306_mu_B,True,-0.08714944406253629,-0.0871494440625363,
qba_calibration_306_sd_B,True,0.003140091157155907,0.0031400911571559,
qba_calibration_306_successful,True,100,100,
qba_calibration_307_mu_B,True,0.06512753953845501,0.065127539538455,
qba_calibration_307_sd_B,True,0.0030726822722282024,0.0030726822722281,
qba_calibration_307_successful,True,100,100,
qba_calibration_308_mu_B,True,0.001941237264779168,0.0019412372647791,
qba_calibration_308_sd_B,True,0.0028966422571824616,0.0028966422571824,
qba_calibration_308_successful,True,100,100,
qba_calibration_309_mu_B,True,-0.026256692073046883,-0.0262566920730469,
qba_calibration_309_sd_B,True,0.00302944385824246,0.0030294438582424,
qba_calibration_309_successful,True,100,100,
qba_global_mu_B,True,-0.059698611223076535,-0.05969861122307659,
qba_global_sd_B,True,0.027335204418235934,0.027335204418235934,
qba_global_successful,True,200,200,
qba_global_uhr_bounds,True,"[0.1654597148313981, 0.6405097588154018]","[0.15, 0.80]",
rmst_scenario_rows,True,12,12,
rmst_truth_rows,True,6,6,
rmst_core_truth_invariant_to_se_sp,True,"{0.33: 1, 0.5: 1, 1.0: 1}",1 per uHR,
rmst_dense_quadrature_agreement,True,2.220446049250313e-15,<=3e-14 years,
rmst_bootstrap_count,True,1000,1000,
rmst_core_coverage_range,True,"[0.75, 0.956]","[0.75, 0.956]",
cox_validation_fits,True,1200,1200,
cox_validation_max_beta_difference,True,2.5468119471960815e-06,<3e-6,
cox_validation_max_robust_se_difference,True,2.684514899958801e-08,<3e-8,
cox_validation_score_residual_sum,True,9.887912710837553e-11,<1e-8,
seer_CRC_cancer_hr,True,"(54035, 0.642, 0.578, 0.713)","(54035, 0.642, 0.578, 0.713)",
seer_Bladder_cancer_hr,True,"(36500, 0.962, 0.845, 1.096)","(36500, 0.962, 0.845, 1.096)",
seer_flow_available,True,20,>0,
seer_diagnostics_available,True,2,>0,
