scenario_id,family_strict,anchor_strict,se_strict,sp_strict,uhr_strict,eff_strict,n_strict,eta_c0_strict,eta_o0_strict,planned_reps_strict,master_seed_strict,scenario_seed_strict,median_HR_c_strict,median_HR_naive_strict,median_HR_o_strict,bias_logHR_c_strict,median_HR_percent_error_c_strict,empirical_SE_strict,avg_robust_SE,avg_model_SE_strict,rmse_c_strict,coverage_c_strict,coverage_naive_strict,median_interval_width_log_strict,directional_signal_rate_strict,median_cross_ratio_strict,mcse_bias_strict,mcse_coverage_strict,mcse_signal_strict,successful_strict,failed_strict,failure_rate_strict,convergence_warnings_strict,max_abs_score_residual_sum,computational_time_s,cache_status,family_v2,module,anchor_v2,se_v2,sp_v2,uhr_v2,eff_v2,n_v2,eta_c0_v2,eta_o0_v2,estimand,method,planned_reps_v2,master_seed_v2,scenario_seed_v2,median_HR_c_v2,median_HR_naive_v2,median_HR_o_v2,bias_logHR_c_v2,median_HR_percent_error_c_v2,empirical_SE_v2,avg_model_SE_v2,rmse_c_v2,coverage_c_v2,coverage_naive_v2,median_interval_width_log_v2,directional_signal_rate_v2,median_cross_ratio_v2,mcse_bias_v2,mcse_coverage_v2,mcse_signal_v2,successful_v2,failed_v2,failure_rate_v2,convergence_warnings_v2,delta_median_HR_c,delta_bias_logHR_c,delta_coverage_c,delta_directional_signal_rate,delta_avg_model_SE
1,main_hi,,1.0,1.0,1.0,1.0,5000,-0.8,-0.5,5000,20260817,1269503018,0.9994560202656726,0.9997411817265192,1.0008532046444434,-5.408446005615128e-05,-0.05439797343274044,0.039503215154732096,0.03978339985937477,0.056306331798549346,0.03949930166329986,0.9514,0.9536,0.15593467428988217,0.021,0.9982757377843476,0.0005586598262916451,0.003040987997345599,0.002027757381937001,5000,0,0.0,0,3.620570510065591e-11,0.0,reused complete strict rerun,main_hi,primary,,1.0,1.0,1.0,1.0,5000,-0.8,-0.5,logHR_cancer_overlap,overlap_weighted_cox,5000,20260817,1269503018,0.999456020265673,0.9997411817265136,1.0008532046444425,-5.408446005616709e-05,-0.054397973432696,0.0395032151547321,0.0398028195355826,0.0394993016632998,0.9512,0.9536,0.1559813499826967,0.0208,0.9982757377843472,0.0005586598262916,0.00304691844328,0.0020182844199963,5000,0,0.0,0,-4.440892098500626e-16,1.580902292755426e-17,0.00019999999999997797,0.00020000000000000226,0.016503512262966744
2,main_hi,,1.0,1.0,1.0,1.0,50000,-0.8,-0.5,5000,20260817,3405241100,1.000450083766688,1.0003194726933926,0.9999475021178443,0.00014687521263477365,0.04500837666880919,0.012370857278436072,0.012577836765947956,0.017789912966903233,0.012370492088415907,0.9526,0.9522,0.049303593915431716,0.0276,1.0003168585636102,0.0001749503414134621,0.0030051036587778464,0.0023168185082133646,5000,0,0.0,0,3.11519343654254e-09,0.0,reused complete strict rerun,main_hi,primary,,1.0,1.0,1.0,1.0,50000,-0.8,-0.5,logHR_cancer_overlap,overlap_weighted_cox,5000,20260817,3405241100,1.0004500837666788,1.0003194726932487,0.9999475021178444,0.0001468752126347,0.0450083766678766,0.0123708572784361,0.0125789830985552,0.0123704920884159,0.9528,0.9522,0.0493073966457598,0.0276,1.000316858563595,0.0001749503414134,0.0029990718564249,0.0023168185082133,5000,0,0.0,0,9.325873406851315e-15,7.364443256607789e-17,-0.00019999999999997797,0.0,0.005210929868348032
3,main_hi,,1.0,1.0,1.0,0.85,5000,-0.8,-0.5,5000,20260817,1705465395,0.8498846030881858,0.8499860723483408,1.0007524773845704,-0.0001933752855909202,-0.013576107272255241,0.0403694079796952,0.040728368123716205,0.05750694246527696,0.04036583402844576,0.9526,0.9506,0.15963021286350598,0.0224,0.849565397956035,0.000570909642698576,0.0030051036587778464,0.002092760855903034,5000,0,0.0,0,3.381472879482317e-11,0.0,reused complete strict rerun,main_hi,primary,,1.0,1.0,1.0,0.85,5000,-0.8,-0.5,logHR_cancer_overlap,overlap_weighted_cox,5000,20260817,1705465395,0.8498846030881859,0.8499860723483408,1.0007524773845706,-0.0001933752855909,-0.0135761072722421,0.0403694079796952,0.0407458670073305,0.0403658340284457,0.9528,0.9508,0.1596936655159583,0.0224,0.8495653979560349,0.0005709096426985,0.0029990718564249,0.002092760855903,5000,0,0.0,0,-1.1102230246251565e-16,-2.019326546254252e-17,-0.00019999999999997797,0.0,0.01676107545794646
4,main_hi,,1.0,1.0,1.0,0.85,50000,-0.8,-0.5,5000,20260817,1479637334,0.8499989417697341,0.8501238440814567,1.000040047572843,4.049435193886717e-05,-0.0001244976783364895,0.012937947189607894,0.012872862543782719,0.018166060273833235,0.012936716707809812,0.9486,0.9496,0.05046217752619083,0.0274,0.8498490241457678,0.0001829702038481035,0.0031227564746550444,0.002308646356634121,5000,0,0.0,0,3.2691289675312873e-09,0.0,reused complete strict rerun,main_hi,primary,,1.0,1.0,1.0,0.85,50000,-0.8,-0.5,logHR_cancer_overlap,overlap_weighted_cox,5000,20260817,1479637334,0.8499989417697298,0.8501238440814567,1.000040047572843,4.049435193855475e-05,-0.0001244976788458,0.0129379471896079,0.0128739593573135,0.0129367167078098,0.9486,0.9498,0.050464833496884,0.0274,0.849849024145769,0.0001829702038481,0.003122756474655,0.0023086463566341,5000,0,0.0,0,4.3298697960381105e-15,3.1241963226527614e-16,0.0,0.0,0.005292100916519734
5,main_hi,,1.0,1.0,0.5,1.0,5000,-0.8,-0.5,5000,20260817,2852892794,0.8901681220840405,0.8943695847437441,0.8901452569905344,-0.11588007859410368,-10.983187791595949,0.041032756420942,0.04024883015810449,0.05692627430738686,0.12292901600946826,0.1824,0.1958,0.15774566800389042,0.7066,1.000942825646188,0.0005802908063204787,0.0054613229166567325,0.006439199329109171,5000,0,0.0,0,3.707789630880143e-11,0.0,reused complete strict rerun,main_hi,primary,,1.0,1.0,0.5,1.0,5000,-0.8,-0.5,logHR_cancer_overlap,overlap_weighted_cox,5000,20260817,2852892794,0.8901681220840421,0.8943695847437452,0.8901452569905337,-0.1158800785941036,-10.983187791595794,0.041032756420942,0.0402572683689564,0.1229290160094682,0.1818,0.1956,0.1577760402952131,0.7056,1.0009428256461863,0.0005802908063204,0.0054543333231477,0.0064455975673322,5000,0,0.0,0,-1.5543122344752192e-15,-8.326672684688674e-17,0.0006000000000000172,0.0010000000000000009,0.01666900593843046
6,main_hi,,1.0,1.0,0.5,1.0,50000,-0.8,-0.5,5000,20260817,128509959,0.8905841130470635,0.8940972240517189,0.8901193312378111,-0.11572395551126842,-10.941588695293646,0.012734354558620828,0.012722607508622124,0.017983519320499592,0.11642235709880425,0.0,0.0,0.04987061010151035,1.0,1.0004572443972615,0.00018009096924869223,0.0,0.0,5000,0,0.0,0,3.342449872434372e-09,0.0,reused complete strict rerun,main_hi,primary,,1.0,1.0,0.5,1.0,50000,-0.8,-0.5,logHR_cancer_overlap,overlap_weighted_cox,5000,20260817,128509959,0.8905841130470648,0.8940972240520919,0.8901193312378105,-0.1157239555112684,-10.941588695293524,0.0127343545586207,0.0127193858551441,0.1164223570988042,0.0,0.0,0.0498600847506365,1.0,1.0004572443972637,0.0001800909692486,0.0,0.0,5000,0,0.0,0,-1.2212453270876722e-15,-1.3877787807814457e-17,0.0,0.0,0.005264133465355493
7,main_hi,,1.0,1.0,0.5,0.85,5000,-0.8,-0.5,5000,20260817,4190124856,0.7626768950689065,0.7655325824679811,0.8969550059293496,-0.10841252363920974,-10.27330646248159,0.04103912814295242,0.04128508375285535,0.0582485363385661,0.11591871496246035,0.2452,0.2682,0.1618105122742603,0.6624,0.8513150572783265,0.0005803809160773068,0.006084027613349565,0.006687693772893613,5000,0,0.0,0,3.11857206725108e-11,0.0,reused complete strict rerun,main_hi,primary,,1.0,1.0,0.5,0.85,5000,-0.8,-0.5,logHR_cancer_overlap,overlap_weighted_cox,5000,20260817,4190124856,0.7626768950689076,0.7655325824679811,0.8969550059293491,-0.1084125236392097,-10.27330646248146,0.0410391281429523,0.0412745956624142,0.1159187149624603,0.2454,0.2678,0.1617651975470245,0.6618,0.8513150572783311,0.0005803809160773,0.0060857019315769,0.0066906017666574,5000,0,0.0,0,-1.1102230246251565e-15,-4.163336342344337e-17,-0.00020000000000000573,0.0005999999999999339,0.016973940676151905
8,main_hi,,1.0,1.0,0.5,0.85,50000,-0.8,-0.5,5000,20260817,1363535968,0.7630906655143962,0.7661340702020769,0.8972039273145366,-0.10798297803257347,-10.224627586541622,0.012778368962722757,0.01305138740121931,0.01840308076532819,0.10873627545942546,0.0,0.0,0.051160352936681516,1.0,0.8503375806477018,0.00018071342692089942,0.0,0.0,5000,0,0.0,0,3.2411264783149822e-09,0.0,reused complete strict rerun,main_hi,primary,,1.0,1.0,0.5,0.85,50000,-0.8,-0.5,logHR_cancer_overlap,overlap_weighted_cox,5000,20260817,1363535968,0.7630906655144019,0.7661340702020769,0.8972039273145338,-0.1079829780325734,-10.224627586540956,0.0127783689627226,0.0130423909121767,0.1087362754594254,0.0,0.0,0.051124121451847,1.0,0.8503375806477091,0.0001807134269208,0.0,0.0,5000,0,0.0,0,-5.662137425588298e-15,-6.938893903907228e-17,0.0,0.0,0.005360689853151489
9,main_hi,,1.0,1.0,0.33,1.0,5000,-0.8,-0.5,5000,20260817,2605238670,0.8420887018705114,0.8472549645713873,0.8417074269306601,-0.17176360207079583,-15.791129812948856,0.04063699392606291,0.04068657428573541,0.05748779567787942,0.1765043058925943,0.0112,0.0136,0.15947695824914426,0.9494,1.0002686775033613,0.0005746938794431126,0.001488258042141886,0.0030996657884359074,5000,0,0.0,0,3.326583453144849e-11,0.0,reused complete strict rerun,main_hi,primary,,1.0,1.0,0.33,1.0,5000,-0.8,-0.5,logHR_cancer_overlap,overlap_weighted_cox,5000,20260817,2605238670,0.8420887018705123,0.8472549645713681,0.8417074269306606,-0.1717636020707958,-15.791129812948768,0.0406369939260629,0.0406488027339401,0.1765043058925943,0.0112,0.0132,0.1593155469824096,0.9498,1.0002686775033625,0.0005746938794431,0.0014882580421418,0.0030880401551793,5000,0,0.0,0,-8.881784197001252e-16,-2.7755575615628914e-17,0.0,-0.00039999999999995595,0.01683899294393932
10,main_hi,,1.0,1.0,0.33,1.0,50000,-0.8,-0.5,5000,20260817,956976107,0.8425307965980458,0.8475718349736457,0.8419991510600835,-0.17181525117682486,-15.746920340195425,0.013060049381836494,0.012862993405642845,0.018164696719409092,0.17231079859902415,0.0,0.0,0.05042373159543734,1.0,1.0004509716158745,0.00018469698961055524,0.0,0.0,5000,0,0.0,0,3.272020876465831e-09,0.0,reused complete strict rerun,main_hi,primary,,1.0,1.0,0.33,1.0,50000,-0.8,-0.5,logHR_cancer_overlap,overlap_weighted_cox,5000,20260817,956976107,0.8425307965980497,0.8475718349737346,0.8419991510600932,-0.1718152511768247,-15.746920340195024,0.0130600493818364,0.0128467104406636,0.172310798599024,0.0,0.0,0.0503581025132395,1.0,1.000450971615877,0.0001846969896105,0.0,0.0,5000,0,0.0,0,-3.9968028886505635e-15,-1.6653345369377348e-16,0.0,0.0,0.005317986278745492
11,main_hi,,1.0,1.0,0.33,0.85,5000,-0.8,-0.5,5000,20260817,1710890882,0.7269665093969675,0.7314169054187332,0.8552607911190144,-0.1557447909717879,-14.474528306239115,0.04172456070229099,0.04175545054145626,0.05886052644931989,0.16123594727247367,0.0416,0.0504,0.16363484268365058,0.9272,0.850186163240898,0.0005900743962923939,0.002823807358868519,0.0036742389688206177,5000,0,0.0,0,3.012345928254945e-11,0.0,reused complete strict rerun,main_hi,primary,,1.0,1.0,0.33,0.85,5000,-0.8,-0.5,logHR_cancer_overlap,overlap_weighted_cox,5000,20260817,1710890882,0.7269665093969674,0.7314169054187332,0.8552607911190115,-0.1557447909717878,-14.474528306239128,0.041724560702291,0.0416884822550028,0.1612359472724736,0.0414,0.0498,0.1634225810075351,0.927,0.8501861632409016,0.0005900743962923,0.0028173050952994,0.003678885700861,5000,0,0.0,0,1.1102230246251565e-16,-8.326672684688674e-17,0.0001999999999999988,0.00019999999999997797,0.017172044194317088
12,main_hi,,1.0,1.0,0.33,0.85,50000,-0.8,-0.5,5000,20260817,1319130456,0.7270595141569868,0.7316534359353644,0.855133572895336,-0.15620682359223523,-14.46358656976626,0.01325141489185397,0.013200288345745334,0.01859558699593247,0.15676777925776847,0.0,0.0,0.05174313880617165,1.0,0.8499262922715016,0.00018740330660692685,0.0,0.0,5000,0,0.0,0,3.079833277297439e-09,0.0,reused complete strict rerun,main_hi,primary,,1.0,1.0,0.33,0.85,50000,-0.8,-0.5,logHR_cancer_overlap,overlap_weighted_cox,5000,20260817,1319130456,0.7270595141569868,0.7316534359353644,0.8551335728953404,-0.1562068235922352,-14.46358656976626,0.0132514148918539,0.0131730132915945,0.1567677792577684,0.0,0.0,0.0516373084651167,1.0,0.8499262922715065,0.0001874033066069,0.0,0.0,5000,0,0.0,0,0.0,-2.7755575615628914e-17,0.0,0.0,0.00542257370433797
13,main_hi,,0.9,0.9,1.0,1.0,5000,-0.8,-0.5,5000,20260817,972130327,0.9998177504133294,1.000163154279571,0.999986321498704,-7.387856943603596e-05,-0.018224958667056868,0.039383221575194464,0.03942701485402921,0.055800297337949584,0.039379352356984705,0.9492,0.9492,0.15456395898805625,0.0246,0.9997183276037653,0.000556962860815847,0.003105458420265838,0.0021906546966603386,5000,0,0.0,0,3.779554447191913e-11,0.0,reused complete strict rerun,main_hi,primary,,0.9,0.9,1.0,1.0,5000,-0.8,-0.5,logHR_cancer_overlap,overlap_weighted_cox,5000,20260817,972130327,0.9998177504133288,1.000163154279583,0.999986321498704,-7.387856943601791e-05,-0.0182249586671234,0.0393832215751944,0.0394473529606304,0.0393793523569846,0.9492,0.949,0.1546248029153347,0.0246,0.999718327603765,0.0005569628608158,0.0031054584202658,0.0021906546966603,5000,0,0.0,0,6.661338147750939e-16,-1.805196617188365e-17,0.0,0.0,0.016352944377319184
14,main_hi,,0.9,0.9,1.0,1.0,50000,-0.8,-0.5,5000,20260817,300294571,1.0000720308022848,1.000034975621738,0.999923964513852,-8.409016756081813e-05,0.007203080228479486,0.012285394249452575,0.012461958652999462,0.017625586793042117,0.012284453461118647,0.9514,0.9484,0.048849934630821476,0.0242,1.0000957400293364,0.00017374171166676262,0.003040987997345599,0.0021732169703000204,5000,0,0.0,0,3.1637910069548525e-09,383.5027377605438,newly computed,main_hi,primary,,0.9,0.9,1.0,1.0,50000,-0.8,-0.5,logHR_cancer_overlap,overlap_weighted_cox,5000,20260817,300294571,1.0000720308022846,1.000034975621738,0.999923964513852,-8.409016756090592e-05,0.0072030802284572,0.0122853942494525,0.012462871968788,0.0122844534611185,0.9516,0.9484,0.0488551502033919,0.0242,1.0000957400293382,0.0001737417116667,0.0030350433275325,0.0021732169703,5000,0,0.0,0,2.220446049250313e-16,8.779327091701372e-17,-0.00019999999999997797,0.0,0.005162714824254117
15,main_hi,,0.9,0.9,1.0,0.85,5000,-0.8,-0.5,5000,20260817,184379484,0.8800513299258623,0.8787174288774615,0.9990855998616202,0.03499521209599569,3.5354505795132174,0.03985421775648495,0.040253476264897455,0.05688399535385722,0.053034949522842455,0.8574,0.8652,0.1577627263460077,0.0228,0.8811257507224329,0.0005636237526899163,0.004945002325580847,0.00211093154791907,5000,0,0.0,0,3.6751490739561625e-11,0.0,reused complete strict rerun,main_hi,primary,,0.9,0.9,1.0,0.85,5000,-0.8,-0.5,logHR_cancer_overlap,overlap_weighted_cox,5000,20260817,184379484,0.8800513299258625,0.8787174288774151,0.999085599861621,0.0349952120959956,3.535450579513244,0.0398542177564849,0.0402744670910119,0.0530349495228424,0.8574,0.8648,0.1578659164208198,0.0224,0.8811257507224339,0.0005636237526899,0.0049450023255808,0.002092760855903,5000,0,0.0,0,-2.220446049250313e-16,9.020562075079397e-17,0.0,0.00040000000000000105,0.01660952826284532
16,main_hi,,0.9,0.9,1.0,0.85,50000,-0.8,-0.5,5000,20260817,2636532921,0.8803434329654954,0.878857287487352,1.0004934390714653,0.03512054286135831,3.5698156429994667,0.012506431352852771,0.012724974395714633,0.017970993989012807,0.03728045163212334,0.2042,0.2316,0.049882798873304005,0.0224,0.8800343624278546,0.00017686764836092483,0.005700918522483899,0.002092760855903034,5000,0,0.0,0,3.3118965347966878e-09,400.6821172237396,newly computed,main_hi,primary,,0.9,0.9,1.0,0.85,50000,-0.8,-0.5,logHR_cancer_overlap,overlap_weighted_cox,5000,20260817,2636532921,0.8803434329654918,0.8788572874875842,1.0004934390714693,0.0351205428613583,3.5698156429990355,0.0125064313528528,0.0127263616211531,0.0372804516321233,0.2044,0.2316,0.0498867980462767,0.0222,0.8800343624278534,0.0001768676483609,0.00570299289847,0.0020836103282523,5000,0,0.0,0,3.6637359812630166e-15,6.938893903907228e-18,-0.00020000000000000573,0.0001999999999999988,0.005244632367859707
17,main_hi,,0.9,0.9,0.5,1.0,5000,-0.8,-0.5,5000,20260817,2612745165,0.9116658040011433,0.9138713595049259,0.9135379242871358,-0.09196056044554375,-8.833419599885673,0.040338998416341164,0.039841670911963556,0.05635946474241656,0.10041739900900358,0.363,0.369,0.1561762884976447,0.4978,0.9977968536394539,0.0005704795865293647,0.006800455867072442,0.007070999363597765,5000,0,0.0,0,3.6962433114240405e-11,0.0,reused complete strict rerun,main_hi,primary,,0.9,0.9,0.5,1.0,5000,-0.8,-0.5,logHR_cancer_overlap,overlap_weighted_cox,5000,20260817,2612745165,0.9116658040011434,0.9138713595048928,0.9135379242871348,-0.0919605604455437,-8.833419599885662,0.0403389984163411,0.0398527110135354,0.1004173990090036,0.3634,0.369,0.1562025212652014,0.4978,0.997796853639454,0.0005704795865293,0.0068020649805775,0.0070709993635977,5000,0,0.0,0,-1.1102230246251565e-16,-5.551115123125783e-17,-0.00040000000000001146,0.0,0.016506753728881156
18,main_hi,,0.9,0.9,0.5,1.0,50000,-0.8,-0.5,5000,20260817,3692586629,0.9129801362675034,0.9149899847631955,0.9127674533772215,-0.09088514287626319,-8.70198637324966,0.012533851238234887,0.012595486813208693,0.01780755580414958,0.09174516446666604,0.0,0.0,0.04937515788073409,1.0,1.0002216268005895,0.00017725542409878587,0.0,0.0,5000,0,0.0,0,3.3396290177734045e-09,404.20753288269043,newly computed,main_hi,primary,,0.9,0.9,0.5,1.0,50000,-0.8,-0.5,logHR_cancer_overlap,overlap_weighted_cox,5000,20260817,3692586629,0.9129801362675034,0.9149899847632488,0.9127674533772216,-0.0908851428762631,-8.70198637324966,0.0125338512382349,0.0125940891517958,0.091745164466666,0.0,0.0,0.0493706080000436,1.0,1.0002216268005848,0.0001772554240987,0.0,0.0,5000,0,0.0,0,0.0,-8.326672684688674e-17,0.0,0.0,0.00521346665235378
19,main_hi,,0.9,0.9,0.5,0.85,5000,-0.8,-0.5,5000,20260817,2268338296,0.8086135659715863,0.809623186732688,0.9196557355034811,-0.04995763706170415,-4.868992238636905,0.04064140263053416,0.04075113682675808,0.05754948207004562,0.06439843758853617,0.7682,0.7692,0.15972003122874537,0.4576,0.8797256105143103,0.0005747562279396699,0.005967725865017594,0.0070455977744972075,5000,0,0.0,0,3.3586022851750386e-11,0.0,reused complete strict rerun,main_hi,primary,,0.9,0.9,0.5,0.85,5000,-0.8,-0.5,logHR_cancer_overlap,overlap_weighted_cox,5000,20260817,2268338296,0.8086135659715848,0.8096231867326569,0.9196557355034822,-0.0499576370617041,-4.868992238637074,0.0406414026305341,0.040752217178397,0.0643984375885361,0.7684,0.7686,0.1597458629268225,0.4568,0.8797256105143116,0.0005747562279396,0.0059659272539983,0.007044625753012,5000,0,0.0,0,1.4432899320127035e-15,-4.85722573273506e-17,-0.00019999999999997797,0.0008000000000000229,0.016797264891648622
20,main_hi,,0.9,0.9,0.5,0.85,50000,-0.8,-0.5,5000,20260817,3352976826,0.8087277784657437,0.8091595327176164,0.9186319711474884,-0.04961322332432542,-4.855555474618383,0.012996112220936676,0.01288170488855449,0.01818082245435832,0.05128681196664495,0.0304,0.0294,0.050495200374185194,1.0,0.8803671126251656,0.00018379278160971372,0.002427996705104848,0.0,5000,0,0.0,0,3.3791422993090237e-09,421.4250371456146,newly computed,main_hi,primary,,0.9,0.9,0.5,0.85,50000,-0.8,-0.5,logHR_cancer_overlap,overlap_weighted_cox,5000,20260817,3352976826,0.808727778465746,0.8091595327175851,0.9186319711474844,-0.0496132233243254,-4.855555474618121,0.0129961122209367,0.0128761201232039,0.0512868119666449,0.03,0.0294,0.0504738971681768,1.0,0.8803671126251644,0.0001837927816097,0.0024124676163629,0.0,5000,0,0.0,0,-2.220446049250313e-15,-2.0816681711721685e-17,0.00040000000000000105,0.0,0.005304702331154421
21,main_hi,,0.9,0.9,0.33,1.0,5000,-0.8,-0.5,5000,20260817,666658930,0.873898633587542,0.8764595692821271,0.8735410177286635,-0.13496897922910417,-12.610136641245795,0.040109707610392974,0.04024373360882265,0.05689642602830454,0.14080160596033217,0.0828,0.091,0.15774106520863584,0.825,0.9992401527409058,0.0005672369248543709,0.0038972852089627723,0.00537354631505117,5000,0,0.0,0,3.62003760301377e-11,0.0,reused complete strict rerun,main_hi,primary,,0.9,0.9,0.33,1.0,5000,-0.8,-0.5,logHR_cancer_overlap,overlap_weighted_cox,5000,20260817,666658930,0.8738986335875416,0.8764595692821384,0.873541017728662,-0.1349689792291041,-12.61013664124584,0.0401097076103929,0.0402333812235883,0.1408016059603321,0.0832,0.091,0.1576992387871308,0.8246,0.999240152740903,0.0005672369248543,0.0039058356340225,0.0053783796816513,5000,0,0.0,0,4.440892098500626e-16,-5.551115123125783e-17,-0.0003999999999999976,0.00039999999999995595,0.01666304480471624
22,main_hi,,0.9,0.9,0.33,1.0,50000,-0.8,-0.5,5000,20260817,2744545753,0.8740191850806425,0.8765965150535167,0.8737258248679884,-0.13470016328421733,-12.598081491935753,0.012820629843788029,0.01272124232839334,0.01797391787267546,0.1353087937448129,0.0,0.0,0.04986768375379767,1.0,1.0001873440468882,0.00018131108603250284,0.0,0.0,5000,0,0.0,0,3.3469973459432367e-09,411.24054884910583,newly computed,main_hi,primary,,0.9,0.9,0.33,1.0,50000,-0.8,-0.5,logHR_cancer_overlap,overlap_weighted_cox,5000,20260817,2744545753,0.8740191850806462,0.876596515053257,0.873725824867984,-0.1347001632842172,-12.598081491935377,0.012820629843788,0.0127115847144452,0.1353087937448128,0.0,0.0,0.0498296512108934,1.0,1.000187344046868,0.0001813110860325,0.0,0.0,5000,0,0.0,0,-3.774758283725532e-15,-1.3877787807814457e-16,0.0,0.0,0.005262333158230258
23,main_hi,,0.9,0.9,0.33,0.85,5000,-0.8,-0.5,5000,20260817,1390767563,0.7782142346916558,0.7797652562059878,0.8856194274155234,-0.08802365253138815,-8.445384153922838,0.04071690359993082,0.0411804513729635,0.05811455995096665,0.09698297825126254,0.4292,0.4336,0.16140882253072375,0.757,0.8791801613947855,0.0005758239728886006,0.006999819426242366,0.0060654925603779285,5000,0,0.0,0,3.290878680672904e-11,0.0,reused complete strict rerun,main_hi,primary,,0.9,0.9,0.33,0.85,5000,-0.8,-0.5,logHR_cancer_overlap,overlap_weighted_cox,5000,20260817,1390767563,0.7782142346916578,0.7797652562059683,0.8856194274155231,-0.0880236525313881,-8.445384153922605,0.0407169035999307,0.0411429438688471,0.0969829782512625,0.4284,0.433,0.161249624663653,0.758,0.8791801613947889,0.0005758239728885,0.0069981917664493,0.0060569959550919,5000,0,0.0,0,-1.9984014443252818e-15,-5.551115123125783e-17,0.0008000000000000229,-0.0010000000000000009,0.01697161608211955
24,main_hi,,0.9,0.9,0.33,0.85,50000,-0.8,-0.5,5000,20260817,1851916202,0.7789046389065193,0.7801519912272095,0.8845173867392686,-0.08734936934263936,-8.364160128644787,0.012874122360220668,0.013017304235676567,0.018360301309801784,0.08829282078684227,0.0,0.0,0.05103012340970228,1.0,0.8807670365475653,0.00018206758445474787,0.0,0.0,5000,0,0.0,0,3.3264484500250546e-09,417.1547644138336,newly computed,main_hi,primary,,0.9,0.9,0.33,0.85,50000,-0.8,-0.5,logHR_cancer_overlap,overlap_weighted_cox,5000,20260817,1851916202,0.7789046389065166,0.7801519912272095,0.8845173867392663,-0.0873493693426394,-8.3641601286451,0.0128741223602207,0.013000203836517,0.0882928207868423,0.0,0.0,0.0509604581297181,1.0,0.8807670365475649,0.0001820675844547,0.0,0.0,5000,0,0.0,0,2.6645352591003757e-15,4.163336342344337e-17,0.0,0.0,0.005360097473284784
25,main_hi,,0.75,0.85,1.0,1.0,5000,-0.8,-0.5,5000,20260817,2088437592,0.9990894670433459,0.9988964646600165,0.9994127978736032,-0.0006287589144117442,-0.09105329566541087,0.040159112625105645,0.039647067687831904,0.05611010150154143,0.04016001884639753,0.948,0.947,0.15539809596189208,0.0256,1.0000382716921026,0.0005679356172729299,0.00313993630508646,0.002233590830926739,5000,0,0.0,0,3.495426170729843e-11,22.397810459136963,newly computed,main_hi,primary,,0.75,0.85,1.0,1.0,5000,-0.8,-0.5,logHR_cancer_overlap,overlap_weighted_cox,5000,20260817,2088437592,0.9990894670433418,0.998896464660014,0.9994127978735984,-0.0006287589144117,-0.0910532956658216,0.0401591126251055,0.0396672823655476,0.0401600188463974,0.9486,0.9474,0.1554690002470848,0.0256,1.0000382716921017,0.0005679356172729,0.003122756474655,0.0022335908309267,5000,0,0.0,0,4.107825191113079e-15,-4.423544863740858e-17,-0.0006000000000000449,0.0,0.01644281913599383
26,main_hi,,0.75,0.85,1.0,1.0,50000,-0.8,-0.5,5000,20260817,770843387,0.9997592237719997,0.999860668157937,0.999627429127937,-0.0001662423972549073,-0.024077622800033893,0.01255581306253719,0.012534119415198431,0.01772796342695253,0.012555658027665947,0.9468,0.9468,0.04913532471789337,0.028,1.0001457123672295,0.00017756601119661358,0.003173948959892078,0.0023330666514268295,5000,0,0.0,0,3.034333673213041e-09,322.8489933013916,newly computed,main_hi,primary,,0.75,0.85,1.0,1.0,50000,-0.8,-0.5,logHR_cancer_overlap,overlap_weighted_cox,5000,20260817,770843387,0.9997592237719962,0.99986066815804,0.999627429127926,-0.0001662423972546,-0.024077622800378,0.0125558130625369,0.0125351510827084,0.0125556580276657,0.9468,0.9468,0.0491384759163857,0.028,1.000145712367226,0.0001775660111966,0.003173948959892,0.0023330666514268,5000,0,0.0,0,3.4416913763379853e-15,-3.0731710579101623e-16,0.0,0.0,0.005192812344244131
27,main_hi,,0.75,0.85,1.0,0.85,5000,-0.8,-0.5,5000,20260817,730609205,0.9069250900654211,0.9048599859925344,1.0002514382968442,0.06523970189457982,6.697069419461308,0.041111676438274104,0.04051059957652561,0.057213901426701144,0.07711063875284052,0.6436,0.6554,0.15876524711379375,0.024,0.9071804488295825,0.0005814069039090166,0.006773168239457809,0.002164439881354989,5000,0,0.0,0,3.1590730031894054e-11,18.80655574798584,newly computed,main_hi,primary,,0.75,0.85,1.0,0.85,5000,-0.8,-0.5,logHR_cancer_overlap,overlap_weighted_cox,5000,20260817,730609205,0.906925090065421,0.904859985992545,1.0002514382968446,0.0652397018945798,6.697069419461296,0.041111676438274,0.040530509709687,0.0771106387528405,0.6434,0.6562,0.1588448074373905,0.024,0.9071804488295852,0.000581406903909,0.006774015648048,0.0021644398813549,5000,0,0.0,0,1.1102230246251565e-16,2.7755575615628914e-17,0.00019999999999997797,0.0,0.01668339171701414
28,main_hi,,0.75,0.85,1.0,0.85,50000,-0.8,-0.5,5000,20260817,3314776866,0.9076564186000597,0.9058052126260778,1.0005377873950947,0.06576269624221454,6.783108070595266,0.012654335992882569,0.012807305694963739,0.018077140115915647,0.06696889136026263,0.0004,0.001,0.050201497558451366,0.0232,0.906984275053267,0.00017895933583960533,0.00028278613827413816,0.0021289321266775977,5000,0,0.0,0,3.0415776564041153e-09,351.7871537208557,newly computed,main_hi,primary,,0.75,0.85,1.0,0.85,50000,-0.8,-0.5,logHR_cancer_overlap,overlap_weighted_cox,5000,20260817,3314776866,0.9076564186000596,0.9058052126260858,1.000537787395093,0.0657626962422146,6.783108070595254,0.0126543359928825,0.0128079643101436,0.0669688913602626,0.0004,0.001,0.0502065324266762,0.0232,0.9069842750532672,0.0001789593358396,0.0002827861382741,0.0021289321266775,5000,0,0.0,0,1.1102230246251565e-16,-6.938893903907228e-17,0.0,0.0,0.005269175805772047
29,main_hi,,0.75,0.85,0.5,1.0,5000,-0.8,-0.5,5000,20260817,2284446999,0.9330911113567939,0.9339135651998421,0.9325269542371047,-0.0688425456554507,-6.69088886432061,0.039330445448754546,0.040065618940846065,0.05667291811064076,0.07928348286202133,0.597,0.601,0.1570458470155163,0.3172,1.0012408664663843,0.0005562164936780384,0.006936728335461898,0.0065815524004599404,5000,0,0.0,0,3.26458859944978e-11,18.06606888771057,newly computed,main_hi,primary,,0.75,0.85,0.5,1.0,5000,-0.8,-0.5,logHR_cancer_overlap,overlap_weighted_cox,5000,20260817,2284446999,0.933091111356794,0.9339135651998374,0.9325269542371049,-0.0688425456554506,-6.690888864320588,0.0393304454487545,0.0400775484344159,0.0792834828620212,0.5972,0.6018,0.1570972117172736,0.317,1.0012408664663848,0.000556216493678,0.0069361683947262,0.0065804407147242,5000,0,0.0,0,-1.1102230246251565e-16,-9.71445146547012e-17,-0.00019999999999997797,0.00019999999999997797,0.016595369676224866
30,main_hi,,0.75,0.85,0.5,1.0,50000,-0.8,-0.5,5000,20260817,4164126655,0.9338193968333769,0.9346636304626887,0.9334038344743547,-0.06870579521264135,-6.61806031666231,0.012712940137569182,0.012664393660810609,0.01790394660558623,0.06987183136982629,0.0002,0.0002,0.04964471176500746,0.9968,1.0002164763481252,0.0001797881236018762,0.00019997999899989998,0.0007987189743583135,5000,0,0.0,0,3.049741792437999e-09,345.43901109695435,newly computed,main_hi,primary,,0.75,0.85,0.5,1.0,50000,-0.8,-0.5,logHR_cancer_overlap,overlap_weighted_cox,5000,20260817,4164126655,0.9338193968333772,0.9346636304623124,0.9334038344743548,-0.0687057952126413,-6.618060316662278,0.0127129401375691,0.0126630071709538,0.0698718313698262,0.0002,0.0002,0.049639344653703,0.9968,1.000216476348125,0.0001797881236018,0.0001999799989998,0.0007987189743583,5000,0,0.0,0,-3.3306690738754696e-16,-5.551115123125783e-17,0.0,0.0,0.005240939434632431
31,main_hi,,0.75,0.85,0.5,0.85,5000,-0.8,-0.5,5000,20260817,3042424778,0.8512491600559449,0.8502401337852166,0.9373643222370565,0.0020633969094923234,0.1469600065817514,0.04095575116177265,0.04097846457331498,0.057842532196279106,0.041003605759987724,0.951,0.9494,0.1605851633197644,0.2906,0.907963567805373,0.0005792017875015653,0.0030528347482299146,0.0064210846435785295,5000,0,0.0,0,2.964384293591138e-11,19.227581024169922,newly computed,main_hi,primary,,0.75,0.85,0.5,0.85,5000,-0.8,-0.5,logHR_cancer_overlap,overlap_weighted_cox,5000,20260817,3042424778,0.8512491600559451,0.8502401337852166,0.9373643222370552,0.0020633969094923,0.1469600065817775,0.0409557511617726,0.0409858668052585,0.0410036057599877,0.9512,0.9496,0.1606200765186591,0.29,0.907963567805375,0.0005792017875015,0.00304691844328,0.0064171644828537,5000,0,0.0,0,-2.220446049250313e-16,2.3418766925686896e-17,-0.000200000000000089,0.0006000000000000449,0.016856665391020605
32,main_hi,,0.75,0.85,0.5,0.85,50000,-0.8,-0.5,5000,20260817,2356173794,0.8517994073565551,0.850669257267018,0.9376832107352038,0.0020426889046641188,0.21169498312413523,0.013145859201612372,0.012953538137309721,0.018273594308747147,0.01330231669247973,0.942,0.9418,0.05077743283178933,0.9934,0.9084749275760058,0.00018591052371967363,0.003305631558416638,0.0011451148414023853,5000,0,0.0,0,3.007464499660273e-09,384.12764024734497,newly computed,main_hi,primary,,0.75,0.85,0.5,0.85,50000,-0.8,-0.5,logHR_cancer_overlap,overlap_weighted_cox,5000,20260817,2356173794,0.8517994073565578,0.850669257267018,0.937683210735204,0.0020426889046641,0.2116949831244487,0.0131458592016123,0.0129498086887838,0.0133023166924797,0.9422,0.9418,0.0507619754886676,0.9934,0.908474927576008,0.0001859105237196,0.0033002775640845,0.0011451148414023,5000,0,0.0,0,-2.6645352591003757e-15,1.8648277366750676e-17,-0.000200000000000089,0.0,0.005323785619963347
33,main_hi,,0.75,0.85,0.33,1.0,5000,-0.8,-0.5,5000,20260817,1778130748,0.9037247839417626,0.9049682179881505,0.9025466195838395,-0.10182853048188271,-9.627521605823741,0.0400100483057141,0.04044067275373728,0.05718638784176519,0.10940536287007237,0.2872,0.2932,0.15853863030417661,0.587,1.0010114308545313,0.0005658275294514355,0.006398689865902238,0.006963203285844813,5000,0,0.0,0,3.270628212703741e-11,22.87490677833557,newly computed,main_hi,primary,,0.75,0.85,0.33,1.0,5000,-0.8,-0.5,logHR_cancer_overlap,overlap_weighted_cox,5000,20260817,1778130748,0.9037247839417624,0.9049682179881476,0.902546619583838,-0.1018285304818827,-9.627521605823752,0.0400100483057141,0.0404456511547143,0.1094053628700723,0.2874,0.293,0.1585498743086867,0.5876,1.001011430854532,0.0005658275294514,0.0064000193749706,0.006961698643291,5000,0,0.0,0,2.220446049250313e-16,-1.3877787807814457e-17,-0.00019999999999997797,-0.0006000000000000449,0.016740736687050888
34,main_hi,,0.75,0.85,0.33,1.0,50000,-0.8,-0.5,5000,20260817,2069790541,0.903361215602515,0.9045853583079431,0.903230624596358,-0.10165426794049688,-9.663878439748498,0.012679721118738517,0.012783499237599878,0.01806596190966744,0.10244185357119319,0.0,0.0,0.05010906617444349,1.0,0.9998351270855061,0.00017931833573228565,0.0,0.0,5000,0,0.0,0,3.1108982057048706e-09,385.00547909736633,newly computed,main_hi,primary,,0.75,0.85,0.33,1.0,50000,-0.8,-0.5,logHR_cancer_overlap,overlap_weighted_cox,5000,20260817,2069790541,0.9033612156025153,0.9045853583080018,0.9032306245963576,-0.1016542679404968,-9.663878439748474,0.0126797211187384,0.0127793045260246,0.1024418535711931,0.0,0.0,0.0500923864998588,1.0,0.999835127085506,0.0001793183357322,0.0,0.0,5000,0,0.0,0,-2.220446049250313e-16,-8.326672684688674e-17,0.0,0.0,0.00528665738364284
35,main_hi,,0.75,0.85,0.33,0.85,5000,-0.8,-0.5,5000,20260817,3567053798,0.827939790527348,0.8275007959142444,0.9108988562759803,-0.02622953683034279,-2.595318761488467,0.04103563820883763,0.04139465936108855,0.05840583229105573,0.048698823608176435,0.9064,0.9052,0.16226394090150031,0.5286,0.909142815511979,0.0005803315609557375,0.004119199922315012,0.007059490633183105,5000,0,0.0,0,3.04840597209477e-11,37.32463812828064,newly computed,main_hi,primary,,0.75,0.85,0.33,0.85,5000,-0.8,-0.5,logHR_cancer_overlap,overlap_weighted_cox,5000,20260817,3567053798,0.8279397905273462,0.8275007959142444,0.9108988562759815,-0.0262295368303427,-2.5953187614886764,0.0410356382088375,0.0413855502593505,0.0486988236081763,0.9066,0.9048,0.1622127581053141,0.5286,0.909142815511978,0.0005803315609557,0.0041152506606523,0.0070594906331831,5000,0,0.0,0,1.7763568394002505e-15,-9.020562075079397e-17,-0.00019999999999997797,0.0,0.017020282031705233
36,main_hi,,0.75,0.85,0.33,0.85,50000,-0.8,-0.5,5000,20260817,3333225663,0.8284209355876645,0.8279790116296757,0.9114507182193763,-0.025965862441645414,-2.5387134602747623,0.012998336678021472,0.013080770348701589,0.018446782602779918,0.029037027695381825,0.4974,0.4774,0.05127850302730498,1.0,0.9087039662342009,0.00018382424018349608,0.007070972210382389,0.0,5000,0,0.0,0,2.973735035993741e-09,406.15673184394836,newly computed,main_hi,primary,,0.75,0.85,0.33,0.85,50000,-0.8,-0.5,logHR_cancer_overlap,overlap_weighted_cox,5000,20260817,3333225663,0.828420935587658,0.8279790116296757,0.9114507182193814,-0.0259658624416453,-2.538713460275533,0.0129983366780215,0.0130729086833514,0.0290370276953817,0.4974,0.4772,0.0512449903676226,1.0,0.908703966234194,0.0001838242401834,0.0070709722103823,0.0,5000,0,0.0,0,6.5503158452884236e-15,-1.1449174941446927e-16,0.0,0.0,0.005373873919428519
102,low_crc,low_crc,1.0,1.0,1.0,1.0,50000,4.2074,3.1726,2000,20260817,1410448036,0.9998391623893421,1.000067954621222,0.9990486604570872,-0.0007407873343805443,-0.016083761065788238,0.04858649935884707,0.047152996900733456,0.06668857999022354,0.048579999607472744,0.9445,0.942,0.18480712101247448,0.0265,1.001481993456415,0.00108642715355132,0.005119558086397692,0.0035915003828483716,2000,0,0.0,0,2.895919060108554e-10,116.2896785736084,newly computed,low_crc,primary,low_crc,1.0,1.0,1.0,1.0,50000,4.2074,3.1726,logHR_cancer_overlap,overlap_weighted_cox,2000,20260817,1410448036,0.9998391623893425,1.0000679546212343,0.9990486604570912,-0.0007407873343805,-0.016083761065766,0.0485864993588471,0.0471542590292047,0.0485799996074728,0.9445,0.942,0.1848001617855916,0.0265,1.0014819934564136,0.0010864271535513,0.0051195580863976,0.0035915003828483,2000,0,0.0,0,-3.3306690738754696e-16,-4.434386885465713e-17,0.0,0.0,0.019534320961018842
103,low_crc,low_crc,1.0,1.0,1.0,0.85,50000,4.2074,3.1726,2000,20260817,3444109857,0.850832611723311,0.8499720973974285,0.9999892656025964,0.0005782599279695,0.09795432038953657,0.04939724660400871,0.049372915668265537,0.06951561631743726,0.049388281126351394,0.9495,0.952,0.19347291456445545,0.028,0.8509027939168593,0.001104556013078841,0.0048964145045124596,0.0036889022757454555,2000,0,0.0,0,2.8392665996079813e-10,133.6680290699005,newly computed,low_crc,primary,low_crc,1.0,1.0,1.0,0.85,50000,4.2074,3.1726,logHR_cancer_overlap,overlap_weighted_cox,2000,20260817,3444109857,0.8508326117233086,0.8499720973974285,0.9999892656025962,0.0005782599279698,0.0979543203892492,0.0493972466040084,0.0493742641449809,0.0493882811263511,0.9495,0.952,0.193465869963552,0.028,0.8509027939168645,0.0011045560130788,0.0048964145045124,0.0036889022757454,2000,0,0.0,0,2.4424906541753444e-15,-2.999987411267391e-16,0.0,0.0,0.020141352172456356
104,low_crc,low_crc,1.0,1.0,0.5,1.0,50000,4.2074,3.1726,2000,20260817,3195999652,0.9056665940183102,0.9085648739110838,0.9017135514067944,-0.10109600662342169,-9.433340598168982,0.05050793581771197,0.05122214570981639,0.0722662105834226,0.11300521496806575,0.5085,0.5235,0.20074769588208952,0.9295,1.0035753879413394,0.001129391778916004,0.01117872421164419,0.005724061058374553,2000,0,0.0,0,2.660272002685815e-10,132.31064987182617,newly computed,low_crc,primary,low_crc,1.0,1.0,0.5,1.0,50000,4.2074,3.1726,logHR_cancer_overlap,overlap_weighted_cox,2000,20260817,3195999652,0.9056665940183164,0.9085648739110066,0.9017135514067948,-0.1010960066234214,-9.43334059816836,0.050507935817712,0.0512232671579199,0.1130052149680655,0.5085,0.5235,0.2007399973890897,0.9295,1.0035753879413412,0.001129391778916,0.0111787242116441,0.0057240610583745,2000,0,0.0,0,-6.217248937900877e-15,-2.914335439641036e-16,0.0,0.0,0.021042943425502697
105,low_crc,low_crc,1.0,1.0,0.5,0.85,50000,4.2074,3.1726,2000,20260817,2201598800,0.7660313387399604,0.7685230933746954,0.9013755838274407,-0.10229044895481926,-9.878666030592889,0.05420242076949872,0.05371231206673299,0.0754391383644352,0.11575737304139047,0.511,0.522,0.21053408757108888,0.9295,0.8519790888435625,0.001212002973856456,0.01117763391778421,0.005724061058374553,2000,0,0.0,0,2.4569857259848504e-10,120.57194423675537,newly computed,low_crc,primary,low_crc,1.0,1.0,0.5,0.85,50000,4.2074,3.1726,logHR_cancer_overlap,overlap_weighted_cox,2000,20260817,2201598800,0.7660313387399484,0.7685230933746954,0.901375583827439,-0.1022904489548192,-9.8786660305943,0.0542024207694986,0.0537131418393554,0.1157573730413904,0.511,0.522,0.2105438073539861,0.9295,0.8519790888435705,0.0012120029738564,0.0111776339177842,0.0057240610583745,2000,0,0.0,0,1.199040866595169e-14,-5.551115123125783e-17,0.0,0.0,0.021725996525079797
106,low_crc,low_crc,1.0,1.0,0.33,1.0,50000,4.2074,3.1726,2000,20260817,3924282224,0.8630440240551505,0.8670809834662613,0.8623700232124504,-0.14778119465077919,-13.695597594484955,0.052471109542077926,0.05301709181373086,0.07471684318710256,0.15681556753179812,0.196,0.2175,0.20781290161539911,0.998,1.0009382031602323,0.001173289677909241,0.00887648579112252,0.0009989994994993746,2000,0,0.0,0,2.5759705479799777e-10,122.48333740234375,newly computed,low_crc,primary,low_crc,1.0,1.0,0.33,1.0,50000,4.2074,3.1726,logHR_cancer_overlap,overlap_weighted_cox,2000,20260817,3924282224,0.8630440240551447,0.8670809834662613,0.8623700232124518,-0.147781194650779,-13.69559759448553,0.0524711095420777,0.0530174369614974,0.1568155675317978,0.196,0.2175,0.2078177967213548,0.998,1.000938203160235,0.0011732896779092,0.0088764857911225,0.0009989994994993,2000,0,0.0,0,5.773159728050814e-15,-1.942890293094024e-16,0.0,0.0,0.021699406225605164
107,low_crc,low_crc,1.0,1.0,0.33,0.85,50000,4.2074,3.1726,2000,20260817,646947979,0.7334816237009836,0.737335433771457,0.8626384604697825,-0.1475688763469705,-13.708044270472518,0.05371380086070209,0.05564456449932943,0.07808848805618653,0.15703599295387405,0.229,0.246,0.21805081504201668,0.998,0.8500028028480555,0.001201077100544166,0.009395717109406818,0.0009989994994993746,2000,0,0.0,0,2.2886581518832827e-10,114.55515193939209,newly computed,low_crc,primary,low_crc,1.0,1.0,0.33,0.85,50000,4.2074,3.1726,logHR_cancer_overlap,overlap_weighted_cox,2000,20260817,646947979,0.7334816237009837,0.737335433771457,0.8626384604697899,-0.1475688763469703,-13.708044270472504,0.0537138008607022,0.0556449228550977,0.1570359929538739,0.2295,0.246,0.218046409655286,0.998,0.8500028028480555,0.0012010771005441,0.0094029184299344,0.0009989994994993,2000,0,0.0,0,-1.1102230246251565e-16,-1.942890293094024e-16,-0.0005000000000000004,0.0,0.022443565201088825
108,low_crc,low_crc,0.9,0.9,1.0,1.0,50000,4.2074,3.1726,2000,20260817,893802542,0.9997076338953752,1.0003676934745207,1.0003307932250924,-0.0002865289640566074,-0.029236610462479717,0.04758808611977124,0.046730120941736175,0.06609169754448277,0.04757705041739911,0.9495,0.946,0.18312175695856242,0.026,0.9998471127621069,0.001064101954829227,0.0048964145045124596,0.003558370413546066,2000,0,0.0,0,2.985158786827924e-10,113.66233205795288,newly computed,low_crc,primary,low_crc,0.9,0.9,1.0,1.0,50000,4.2074,3.1726,logHR_cancer_overlap,overlap_weighted_cox,2000,20260817,893802542,0.9997076338953692,1.0003676934745451,1.00033079322509,-0.0002865289640564,-0.0292366104630792,0.0475880861197713,0.0467311857977704,0.0475770504173992,0.9495,0.946,0.1831306308790831,0.026,0.9998471127621108,0.0010641019548292,0.0048964145045124,0.003558370413546,2000,0,0.0,0,5.995204332975845e-15,-2.07407875596477e-16,0.0,0.0,0.01936051174671237
109,low_crc,low_crc,0.9,0.9,1.0,0.85,50000,4.2074,3.1726,2000,20260817,362952551,0.8805685780505147,0.8792966382679075,0.9996637296941592,0.03591995824846921,3.596303300060555,0.04976650214190054,0.048662320230051646,0.06861914356394985,0.06136537935712483,0.8785,0.8825,0.19072120843121448,0.027,0.8819116995631856,0.0011128128179167848,0.007305400399704318,0.0036242930345103167,2000,0,0.0,0,2.9053115468968826e-10,118.8868842124939,newly computed,low_crc,primary,low_crc,0.9,0.9,1.0,0.85,50000,4.2074,3.1726,logHR_cancer_overlap,overlap_weighted_cox,2000,20260817,362952551,0.8805685780505164,0.8792966382679854,0.999663729694162,0.0359199582484694,3.5963033000607507,0.0497665021419006,0.0486635409030782,0.061365379357125,0.878,0.8815,0.1907252623656376,0.027,0.8819116995631846,0.0011128128179167,0.0073183331435512,0.0036242930345103,2000,0,0.0,0,-1.6653345369377348e-15,-1.8735013540549517e-16,0.0004999999999999449,0.0,0.019955602660871652
110,low_crc,low_crc,0.9,0.9,0.5,1.0,50000,4.2074,3.1726,2000,20260817,1431445839,0.9233867397696159,0.9252743261616694,0.923943508118579,-0.08020271024771591,-7.661326023038406,0.04867924836444664,0.050627783034555764,0.07148150119077683,0.09381342717221182,0.658,0.6575,0.19841417999904742,0.7535,0.9982319453643023,0.0010885010843649813,0.010607450211997226,0.009636849848368502,2000,0,0.0,0,2.6406699049630333e-10,124.45412111282349,newly computed,low_crc,primary,low_crc,0.9,0.9,0.5,1.0,50000,4.2074,3.1726,logHR_cancer_overlap,overlap_weighted_cox,2000,20260817,1431445839,0.923386739769616,0.9252743261615493,0.9239435081185794,-0.0802027102477156,-7.661326023038395,0.0486792483644466,0.0506290728472162,0.0938134271722116,0.658,0.6575,0.1984147694051146,0.7535,0.998231945364302,0.0010885010843649,0.0106074502119972,0.0096368498483685,2000,0,0.0,0,-1.1102230246251565e-16,-3.191891195797325e-16,0.0,0.0,0.02085242834356063
111,low_crc,low_crc,0.9,0.9,0.5,0.85,50000,4.2074,3.1726,2000,20260817,4181054558,0.8130017932075909,0.8125655754606618,0.9237578256404324,-0.04619256427507751,-4.352730210871655,0.05198933964334196,0.05278207602123471,0.07430132618658324,0.0695362710039851,0.863,0.8595,0.20686031727205914,0.752,0.8796107815052423,0.001162516975478373,0.007688660481514319,0.009656500401284102,2000,0,0.0,0,2.5288215965701966e-10,144.90640711784363,newly computed,low_crc,primary,low_crc,0.9,0.9,0.5,0.85,50000,4.2074,3.1726,logHR_cancer_overlap,overlap_weighted_cox,2000,20260817,4181054558,0.8130017932075854,0.8125655754606618,0.9237578256404324,-0.0461925642750773,-4.352730210872307,0.0519893396433418,0.0527835626685852,0.0695362710039849,0.863,0.86,0.2068700397636339,0.752,0.879610781505236,0.0011625169754783,0.0076886604815143,0.0096565004012841,2000,0,0.0,0,5.551115123125783e-15,-2.0816681711721685e-16,0.0,0.0,0.021517763517998036
112,low_crc,low_crc,0.9,0.9,0.33,1.0,50000,4.2074,3.1726,2000,20260817,656974555,0.8915284415565188,0.8936079136702704,0.8918605502502327,-0.11620588643270509,-10.847155844348123,0.0545284419422461,0.052336641112027474,0.07384409320575462,0.12835759559437582,0.3965,0.4045,0.20520997922348197,0.953,0.9982482578252958,0.0012192930289001292,0.01093818426431005,0.004732388403332932,2000,0,0.0,0,2.5088198185585497e-10,143.9602987766266,newly computed,low_crc,primary,low_crc,0.9,0.9,0.33,1.0,50000,4.2074,3.1726,logHR_cancer_overlap,overlap_weighted_cox,2000,20260817,656974555,0.8915284415565086,0.8936079136702815,0.8918605502502295,-0.116205886432705,-10.847155844349142,0.0545284419422461,0.0523377511193879,0.1283575955943758,0.397,0.4045,0.2052081042083665,0.953,0.998248257825296,0.0012192930289001,0.010940543862167,0.0047323884033329,2000,0,0.0,0,1.021405182655144e-14,-8.326672684688674e-17,-0.0005000000000000004,0.0,0.021506342086366724
113,low_crc,low_crc,0.9,0.9,0.33,0.85,50000,4.2074,3.1726,2000,20260817,2811051671,0.7844444960564084,0.7851124047813658,0.8900520049828355,-0.08072702990956304,-7.71241222865783,0.05437438596656147,0.05460246654678124,0.07680095762701487,0.09732393806425768,0.7,0.694,0.2138940748326379,0.9595,0.8813748552709986,0.0012158482325604204,0.010246950765959599,0.004407933189148855,2000,0,0.0,0,2.4639934537162844e-10,139.98943614959717,newly computed,low_crc,primary,low_crc,0.9,0.9,0.33,0.85,50000,4.2074,3.1726,logHR_cancer_overlap,overlap_weighted_cox,2000,20260817,2811051671,0.7844444960564074,0.7851124047813658,0.8900520049828302,-0.0807270299095631,-7.712412228657947,0.0543743859665612,0.0546038259368377,0.0973239380642576,0.7005,0.694,0.2139031389427569,0.9595,0.8813748552710072,0.0012158482325604,0.0102420640009716,0.0044079331891488,2000,0,0.0,0,9.992007221626409e-16,5.551115123125783e-17,-0.000500000000000056,0.0,0.022197131690177174
114,low_crc,low_crc,0.75,0.85,1.0,1.0,50000,4.2074,3.1726,2000,20260817,2910272290,1.0007894525838568,1.0009468375796016,1.001993240076776,0.0005485447415022419,0.07894525838567645,0.04654623343976591,0.04698754548751326,0.06645167164565555,0.04653782840699486,0.9525,0.953,0.18419649402687896,0.025,0.9997229141790602,0.0010408054206789044,0.00475624589355933,0.0034910600109422352,2000,0,0.0,0,2.8184121703134224e-10,138.70097732543945,newly computed,low_crc,primary,low_crc,0.75,0.85,1.0,1.0,50000,4.2074,3.1726,logHR_cancer_overlap,overlap_weighted_cox,2000,20260817,2910272290,1.0007894525838557,1.000946837579926,1.0019932400767844,0.0005485447415023,0.0789452583855654,0.0465462334397658,0.0469888959089726,0.0465378284069947,0.9525,0.953,0.1842069150640107,0.025,0.99972291417906,0.0010408054206789,0.0047562458935593,0.0034910600109422,2000,0,0.0,0,1.1102230246251565e-15,-5.811323644522304e-17,0.0,0.0,0.019462775736682945
115,low_crc,low_crc,0.75,0.85,1.0,0.85,50000,4.2074,3.1726,2000,20260817,1899656472,0.9088954898965858,0.907277968278362,1.0000366789880175,0.06696685213226923,6.928881164304208,0.04823109514593658,0.04901654712239048,0.06904653802721553,0.08252051080920496,0.7345,0.747,0.1920977327761194,0.0305,0.9089497821596764,0.0010784800737557432,0.009874455681200862,0.0038451105315712316,2000,0,0.0,0,2.623732342499352e-10,138.8444595336914,newly computed,low_crc,primary,low_crc,0.75,0.85,1.0,0.85,50000,4.2074,3.1726,logHR_cancer_overlap,overlap_weighted_cox,2000,20260817,1899656472,0.9088954898965892,0.9072779682783956,1.0000366789880175,0.0669668521322691,6.9288811643046015,0.0482310951459367,0.0490179583393032,0.082520510809205,0.7345,0.747,0.1921104030373103,0.0305,0.908949782159676,0.0010784800737557,0.0098744556812008,0.0038451105315712,2000,0,0.0,0,-3.4416913763379853e-15,1.249000902703301e-16,0.0,0.0,0.02002857968791233
116,low_crc,low_crc,0.75,0.85,0.5,1.0,50000,4.2074,3.1726,2000,20260817,1284729337,0.9417452328692062,0.9424867426843926,0.9417497847641149,-0.060044135054760375,-5.8254767130793805,0.05093849185224801,0.05095580702818138,0.07190430412427401,0.07873201852918385,0.778,0.7785,0.19965331476881099,0.5055,1.0014227143291252,0.0011390193045294572,0.009292900515985306,0.011179663456473097,2000,0,0.0,0,2.4093438355521357e-10,143.99661540985107,newly computed,low_crc,primary,low_crc,0.75,0.85,0.5,1.0,50000,4.2074,3.1726,logHR_cancer_overlap,overlap_weighted_cox,2000,20260817,1284729337,0.941745232869206,0.942486742684598,0.9417497847641148,-0.0600441350547602,-5.825476713079403,0.0509384918522481,0.0509569110898601,0.0787320185291838,0.778,0.779,0.199655970345354,0.5055,1.001422714329126,0.0011390193045294,0.0092929005159853,0.011179663456473,2000,0,0.0,0,2.220446049250313e-16,-1.734723475976807e-16,0.0,0.0,0.02094739303441391
117,low_crc,low_crc,0.75,0.85,0.5,0.85,50000,4.2074,3.1726,2000,20260817,4038332883,0.857125413521639,0.8556698153726108,0.9411226615983628,0.007819469377353566,0.8382839437222328,0.05419586740381492,0.053131729343977765,0.0746786882181372,0.05474365304739384,0.9425,0.942,0.20828187454152947,0.5185,0.9104667706898049,0.001211856436144952,0.005205465877325487,0.01117268432383194,2000,0,0.0,0,2.2824231393769878e-10,142.06789684295654,newly computed,low_crc,primary,low_crc,0.75,0.85,0.5,0.85,50000,4.2074,3.1726,logHR_cancer_overlap,overlap_weighted_cox,2000,20260817,4038332883,0.8571254135216453,0.8556698153726108,0.9411226615983626,0.0078194693773534,0.8382839437229773,0.054195867403815,0.0531324914625813,0.0547436530473939,0.9425,0.942,0.208278504160593,0.5185,0.9104667706898244,0.0012118564361449,0.0052054658773254,0.0111726843238319,2000,0,0.0,0,-6.328271240363392e-15,1.6653345369377348e-16,0.0,0.0,0.0215461967555559
118,low_crc,low_crc,0.75,0.85,0.33,1.0,50000,4.2074,3.1726,2000,20260817,3840724176,0.9175404499959572,0.9188650533424663,0.9154394546691107,-0.08727600798086899,-8.245955000404281,0.05188603169924562,0.05270206744102572,0.07429244733312808,0.10152790638257583,0.6335,0.633,0.20645428009599798,0.8085,1.0008697903404489,0.0011602069396222212,0.010774454742584426,0.00879851549978745,2000,0,0.0,0,2.289954892376045e-10,139.27171730995178,newly computed,low_crc,primary,low_crc,0.75,0.85,0.33,1.0,50000,4.2074,3.1726,logHR_cancer_overlap,overlap_weighted_cox,2000,20260817,3840724176,0.9175404499959572,0.918865053342778,0.9154394546691108,-0.0872760079808689,-8.245955000404281,0.0518860316992457,0.0527028988868523,0.1015279063825758,0.6335,0.6335,0.206453864013415,0.8085,1.0008697903404429,0.0011602069396222,0.0107744547425844,0.0087985154997874,2000,0,0.0,0,0.0,-8.326672684688674e-17,0.0,0.0,0.02158954844627578
119,low_crc,low_crc,0.75,0.85,0.33,0.85,50000,4.2074,3.1726,2000,20260817,568380708,0.8301788324454809,0.8289818706280297,0.9167669116557395,-0.02245317470951674,-2.331902065237544,0.05556613241451083,0.05497907286569162,0.07718467775749477,0.05991824704134193,0.93,0.9295,0.21544248270729294,0.7895,0.9072072006475581,0.0012424964932560073,0.005705260730238364,0.009115639034099584,2000,0,0.0,0,2.1969626118334418e-10,134.24258661270142,newly computed,low_crc,primary,low_crc,0.75,0.85,0.33,0.85,50000,4.2074,3.1726,logHR_cancer_overlap,overlap_weighted_cox,2000,20260817,568380708,0.8301788324454771,0.8289818706280297,0.9167669116557392,-0.0224531747095164,-2.3319020652379883,0.0555661324145108,0.0549801537841466,0.0599182470413418,0.93,0.9295,0.2154429519028285,0.7895,0.9072072006475576,0.001242496493256,0.0057052607302383,0.0091156390340995,2000,0,0.0,0,3.774758283725532e-15,-3.400058012914542e-16,0.0,0.0,0.02220452397334817
202,low_bladder,low_bladder,1.0,1.0,1.0,1.0,50000,2.6917,2.4908,2000,20260817,3720922161,1.0005481610989815,1.0004117904378353,1.0005256699426242,0.0004069428185638585,0.05481610989814811,0.024011662165723095,0.024149420917423142,0.03415475489914739,0.024009107489834314,0.957,0.954,0.09467069855537771,0.024,0.9989935450922895,0.0005369170885531666,0.004536022486716751,0.00342227994179319,2000,0,0.0,0,9.988365690105638e-10,130.88485765457153,newly computed,low_bladder,primary,low_bladder,1.0,1.0,1.0,1.0,50000,2.6917,2.4908,logHR_cancer_overlap,overlap_weighted_cox,2000,20260817,3720922161,1.000548161098971,1.0004117904380152,1.0005256699426262,0.0004069428185637,0.0548161098971045,0.024011662165723,0.0241499896596159,0.0240091074898342,0.957,0.954,0.094677206253227,0.024,0.9989935450922895,0.0005369170885531,0.0045360224867167,0.0034222799417931,2000,0,0.0,0,1.0436096431476471e-14,1.5851035761738075e-16,0.0,0.0,0.01000476523953149
203,low_bladder,low_bladder,1.0,1.0,1.0,0.85,50000,2.6917,2.4908,2000,20260817,3349977807,0.8487539065039913,0.8487053853996704,1.000336745158696,-0.0012186856942218917,-0.14659923482455087,0.0252014550240645,0.02517705618165938,0.03546070961545496,0.025224610472385535,0.948,0.9465,0.09868235858911546,0.0195,0.8481649020743589,0.0005635216656571182,0.0049646752159632785,0.0030919047527373806,2000,0,0.0,0,9.903970976665732e-10,138.76753520965576,newly computed,low_bladder,primary,low_bladder,1.0,1.0,1.0,0.85,50000,2.6917,2.4908,logHR_cancer_overlap,overlap_weighted_cox,2000,20260817,3349977807,0.8487539065039849,0.8487053853996704,1.0003367451586984,-0.0012186856942218,-0.1465992348253084,0.0252014550240643,0.0251777941619048,0.0252246104723854,0.948,0.9465,0.0986864810346794,0.0195,0.8481649020743571,0.0005635216656571,0.0049646752159632,0.0030919047527373,2000,0,0.0,0,6.439293542825908e-15,-9.172350379227368e-17,0.0,0.0,0.01028291545355016
204,low_bladder,low_bladder,1.0,1.0,0.5,1.0,50000,2.6917,2.4908,2000,20260817,3714012747,0.8999406853575028,0.9031069514305652,0.8985832711182862,-0.10553972160039429,-10.005931464249718,0.02664016211107316,0.025985015074226812,0.03666773573005236,0.10884840937594972,0.0235,0.0265,0.10185816839890323,0.993,1.0009680635720852,0.0005956921341197388,0.0033873108803297047,0.0018642692938521525,2000,0,0.0,0,9.191296612698352e-10,146.99811935424805,newly computed,low_bladder,primary,low_bladder,1.0,1.0,0.5,1.0,50000,2.6917,2.4908,logHR_cancer_overlap,overlap_weighted_cox,2000,20260817,3714012747,0.8999406853575028,0.90310695143049,0.8985832711182896,-0.1055397216003942,-10.005931464249718,0.0266401621110731,0.0259841061937925,0.1088484093759496,0.0235,0.026,0.1018463782937345,0.993,1.0009680635720888,0.0005956921341197,0.0033873108803297,0.0018642692938521,2000,0,0.0,0,0.0,-9.71445146547012e-17,0.0,0.0,0.01068362953625986
205,low_bladder,low_bladder,1.0,1.0,0.5,0.85,50000,2.6917,2.4908,2000,20260817,4176465823,0.7647122855385348,0.7679538570914417,0.9009220813843895,-0.10543436498648517,-10.03384876017238,0.02685888595280252,0.027156698492921565,0.03816433024247527,0.10880002010501519,0.028,0.0315,0.10643500521918832,0.994,0.8490516941898456,0.0006005829479038064,0.0036889022757454555,0.0017268468374467964,2000,0,0.0,0,8.799219131105929e-10,144.10661101341248,newly computed,low_bladder,primary,low_bladder,1.0,1.0,0.5,0.85,50000,2.6917,2.4908,logHR_cancer_overlap,overlap_weighted_cox,2000,20260817,4176465823,0.7647122855385289,0.7679538570914417,0.9009220813843896,-0.105434364986485,-10.03384876017307,0.0268588859528027,0.0271558381626847,0.108800020105015,0.028,0.0315,0.1064500605050625,0.994,0.8490516941898506,0.0006005829479038,0.0036889022757454,0.0017268468374467,2000,0,0.0,0,5.88418203051333e-15,-1.8041124150158794e-16,0.0,0.0,0.011008492079790572
206,low_bladder,low_bladder,1.0,1.0,0.33,1.0,50000,2.6917,2.4908,2000,20260817,2485604009,0.8551749619476087,0.8597028480241306,0.8552301076240609,-0.15630508525146403,-14.482503805239133,0.02682619552413678,0.026907829153283217,0.03792717231313128,0.15858929541234335,0.0,0.0,0.1054889364777088,1.0,1.0010774999906793,0.0005998519676967043,0.0,0.0,2000,0,0.0,0,8.842206966619415e-10,135.1405065059662,newly computed,low_bladder,primary,low_bladder,1.0,1.0,0.33,1.0,50000,2.6917,2.4908,logHR_cancer_overlap,overlap_weighted_cox,2000,20260817,2485604009,0.8551749619476072,0.8597028480241306,0.8552301076240697,-0.1563050852514641,-14.482503805239276,0.0268261955241367,0.0269061790366846,0.1585892954123434,0.0,0.0,0.1054857881113579,1.0,1.0010774999906746,0.0005998519676967,0.0,0.0,2000,0,0.0,0,1.4432899320127035e-15,8.326672684688674e-17,0.0,0.0,0.011020993276446681
207,low_bladder,low_bladder,1.0,1.0,0.33,0.85,50000,2.6917,2.4908,2000,20260817,2162306441,0.7293318310254391,0.733080027797832,0.8576432321979868,-0.15334587388554313,-14.196255173477752,0.027174473953839966,0.028134437727465295,0.03949425389816689,0.15573387507659178,0.0,0.0,0.11028844406112606,1.0,0.850267237834133,0.0006076397101358364,0.0,0.0,2000,0,0.0,0,8.106155746645527e-10,141.28109312057495,newly computed,low_bladder,primary,low_bladder,1.0,1.0,0.33,0.85,50000,2.6917,2.4908,logHR_cancer_overlap,overlap_weighted_cox,2000,20260817,2162306441,0.729331831025439,0.733080027797832,0.8576432321979868,-0.153345873885543,-14.196255173477764,0.02717447395384,0.0281326651919603,0.1557338750765916,0.0,0.0,0.110280957688465,1.0,0.8502672378341327,0.0006076397101358,0.0,0.0,2000,0,0.0,0,1.1102230246251565e-16,-1.3877787807814457e-16,0.0,0.0,0.011361588706206589
208,low_bladder,low_bladder,0.9,0.9,1.0,1.0,50000,2.6917,2.4908,2000,20260817,3675167189,1.0003977380118683,1.000355078784062,0.9995236220541199,0.000164189248876977,0.039773801186826496,0.023191007257325487,0.02392875151725191,0.0338427534715601,0.023185790137710764,0.9605,0.962,0.0938079849001528,0.024,1.0001058492901704,0.0005185666869407075,0.004355441998236229,0.00342227994179319,2000,0,0.0,0,1.011341232981522e-09,135.2235987186432,newly computed,low_bladder,primary,low_bladder,0.9,0.9,1.0,1.0,50000,2.6917,2.4908,logHR_cancer_overlap,overlap_weighted_cox,2000,20260817,3675167189,1.0003977380118614,1.0003550787836808,0.9995236220541148,0.0001641892488768,0.0397738011861381,0.0231910072573254,0.023929440313355,0.0231857901377107,0.9605,0.9625,0.0938113199270514,0.0235,1.000105849290169,0.0005185666869407,0.0043554419982362,0.0033873108803297,2000,0,0.0,0,6.8833827526759706e-15,1.769960046582586e-16,0.0,0.0005000000000000004,0.009913313158205098
209,low_bladder,low_bladder,0.9,0.9,1.0,0.85,50000,2.6917,2.4908,2000,20260817,3035760677,0.8811751008344404,0.87930150956137,0.9993390939995037,0.03506899650482506,3.6676589216988726,0.024331928951920507,0.02483758131307003,0.03503155741451191,0.04267998665643511,0.713,0.7355,0.09736136707937085,0.028,0.8814798157973418,0.0005440784716018946,0.010115112456122274,0.0036889022757454555,2000,0,0.0,0,9.905853914915497e-10,140.56350326538086,newly computed,low_bladder,primary,low_bladder,0.9,0.9,1.0,0.85,50000,2.6917,2.4908,logHR_cancer_overlap,overlap_weighted_cox,2000,20260817,3035760677,0.8811751008344382,0.8793015095616586,0.999339093999503,0.0350689965048248,3.667658921698612,0.0243319289519206,0.0248388464288773,0.042679986656435,0.713,0.7355,0.0973624081353938,0.028,0.8814798157973448,0.0005440784716018,0.0101151124561222,0.0036889022757454,2000,0,0.0,0,2.220446049250313e-15,2.636779683484747e-16,0.0,0.0,0.01019271098563461
210,low_bladder,low_bladder,0.9,0.9,0.5,1.0,50000,2.6917,2.4908,2000,20260817,3872802752,0.9206960211384358,0.9224083454885011,0.919788658505178,-0.0828388656016084,-7.930397886156415,0.02550776000951406,0.02569968573267047,0.036292513100780285,0.08667524532387522,0.1085,0.1125,0.10072671802112687,0.956,1.0000828981713688,0.0005703708533502412,0.006954414065900879,0.004586065852122058,2000,0,0.0,0,9.309282233971317e-10,142.37148880958557,newly computed,low_bladder,primary,low_bladder,0.9,0.9,0.5,1.0,50000,2.6917,2.4908,logHR_cancer_overlap,overlap_weighted_cox,2000,20260817,3872802752,0.920696021138436,0.922408345488662,0.9197886585051782,-0.0828388656016083,-7.930397886156393,0.0255077600095141,0.0256998772518093,0.0866752453238752,0.1085,0.1125,0.1007349425303766,0.956,1.0000828981713692,0.0005703708533502,0.0069544140659008,0.004586065852122,2000,0,0.0,0,-1.1102230246251565e-16,-9.71445146547012e-17,0.0,0.0,0.010592635848970987
211,low_bladder,low_bladder,0.9,0.9,0.5,0.85,50000,2.6917,2.4908,2000,20260817,236242957,0.8123052094646133,0.812675781949123,0.9205994309273817,-0.0454876361498558,-4.434681239457261,0.026646195602705605,0.026704621817707965,0.037608749278923666,0.052714227422293376,0.6015,0.6045,0.10465003301384296,0.9475,0.881080844383108,0.0005958270470940571,0.010947551096021428,0.004987171041783106,2000,0,0.0,0,9.225864516793081e-10,144.63477897644043,newly computed,low_bladder,primary,low_bladder,0.9,0.9,0.5,0.85,50000,2.6917,2.4908,logHR_cancer_overlap,overlap_weighted_cox,2000,20260817,236242957,0.8123052094646155,0.812675781949123,0.9205994309273818,-0.0454876361498554,-4.434681239456999,0.0266461956027056,0.0267053262113398,0.0527142274222931,0.6015,0.6045,0.1046548574038357,0.9475,0.88108084438311,0.000595827047094,0.0109475510960214,0.0049871710417831,2000,0,0.0,0,-2.220446049250313e-15,-4.0245584642661925e-16,0.0,0.0,0.010903423067583864
212,low_bladder,low_bladder,0.9,0.9,0.33,1.0,50000,2.6917,2.4908,2000,20260817,927949605,0.8847087707171493,0.8870641244574577,0.8848259440770393,-0.12272663083140296,-11.529122928285073,0.025825381413286434,0.026575946284907566,0.03750098039507796,0.1254130884924162,0.0045,0.005,0.10418273750697005,0.9995,1.0005519493421202,0.0005774730838496806,0.0014966211945579282,0.000499874984371065,2000,0,0.0,0,9.121450261773134e-10,132.16016626358032,newly computed,low_bladder,primary,low_bladder,0.9,0.9,0.33,1.0,50000,2.6917,2.4908,logHR_cancer_overlap,overlap_weighted_cox,2000,20260817,927949605,0.8847087707171508,0.8870641244575388,0.8848259440770395,-0.1227266308314027,-11.529122928284918,0.0258253814132861,0.0265753454583664,0.1254130884924159,0.0045,0.005,0.1041729904580958,0.9995,1.0005519493421202,0.0005774730838496,0.0014966211945579,0.000499874984371,2000,0,0.0,0,-1.5543122344752192e-15,-2.636779683484747e-16,0.0,0.0,0.010925634936711559
213,low_bladder,low_bladder,0.9,0.9,0.33,0.85,50000,2.6917,2.4908,2000,20260817,292075571,0.7809601928626786,0.7820596773180323,0.8871040508502144,-0.0839915531086426,-8.122330251449576,0.026969119096592883,0.027619162860573816,0.0388657285677359,0.08821309830039822,0.1435,0.147,0.10824276662442599,0.9975,0.8806362213334198,0.0006030478359326939,0.007839252196478947,0.001116635571706353,2000,0,0.0,0,8.845120191836031e-10,140.5463593006134,newly computed,low_bladder,primary,low_bladder,0.9,0.9,0.33,0.85,50000,2.6917,2.4908,logHR_cancer_overlap,overlap_weighted_cox,2000,20260817,292075571,0.7809601928626887,0.7820596773180323,0.8871040508502145,-0.0839915531086423,-8.122330251448385,0.0269691190965927,0.0276190630229452,0.0882130983003979,0.1435,0.147,0.1082490907503321,0.9975,0.8806362213334209,0.0006030478359326,0.0078392521964789,0.0011166355717063,2000,0,0.0,0,-1.0103029524088925e-14,-3.0531133177191805e-16,0.0,0.0,0.011246665544790702
214,low_bladder,low_bladder,0.75,0.85,1.0,1.0,50000,2.6917,2.4908,2000,20260817,2112728210,0.9990909868675906,0.9989086230595774,1.0007607902179951,-0.0006630746219513245,-0.09090131324094308,0.024406316015617834,0.0240606059156326,0.034027836242201674,0.024409221521338044,0.9425,0.941,0.09431459242247914,0.026,0.9980271019005302,0.0005457418169126329,0.005205465877325487,0.003558370413546066,2000,0,0.0,0,9.44945455216839e-10,132.86648774147034,newly computed,low_bladder,primary,low_bladder,0.75,0.85,1.0,1.0,50000,2.6917,2.4908,logHR_cancer_overlap,overlap_weighted_cox,2000,20260817,2112728210,0.9990909868675952,0.9989086230597488,1.0007607902179991,-0.0006630746219513,-0.0909013132404767,0.0244063160156178,0.0240612386224078,0.024409221521338,0.9425,0.941,0.094318570341299,0.026,0.9980271019005306,0.0005457418169126,0.0052054658773254,0.003558370413546,2000,0,0.0,0,-4.6629367034256575e-15,-2.45029690981724e-17,0.0,0.0,0.009966597619793873
215,low_bladder,low_bladder,0.75,0.85,1.0,0.85,50000,2.6917,2.4908,2000,20260817,3698441187,0.9078685351693271,0.9059329073665392,1.0002621632061823,0.06537085732335368,6.808062961097307,0.02439779356923395,0.025014811064989293,0.03524803952890563,0.06977323048327126,0.2545,0.269,0.09806735978127493,0.031,0.9080307279398708,0.0005455512492181433,0.009739860111931793,0.003875499967746097,2000,0,0.0,0,9.21964726785518e-10,134.16605019569397,newly computed,low_bladder,primary,low_bladder,0.75,0.85,1.0,0.85,50000,2.6917,2.4908,logHR_cancer_overlap,overlap_weighted_cox,2000,20260817,3698441187,0.9078685351693272,0.905932907366597,1.0002621632061828,0.0653708573233534,6.808062961097307,0.0243977935692341,0.0250154760728816,0.0697732304832711,0.2545,0.269,0.0980681214718365,0.031,0.9080307279398718,0.0005455512492181,0.0097398601119317,0.003875499967746,2000,0,0.0,0,-1.1102230246251565e-16,2.7755575615628914e-16,0.0,0.0,0.010232563456024031
216,low_bladder,low_bladder,0.75,0.85,0.5,1.0,50000,2.6917,2.4908,2000,20260817,3727077063,0.9388052138415002,0.9396322703210142,0.9392252420539866,-0.06368187404842332,-6.1194786158499825,0.025713527472031445,0.025868955620040737,0.036510846140652614,0.06867485700477753,0.3145,0.319,0.10141058764353936,0.7645,0.9990955714870435,0.0005749719536877064,0.010382431073693675,0.009487880427155478,2000,0,0.0,0,8.597176304192544e-10,139.5300531387329,newly computed,low_bladder,primary,low_bladder,0.75,0.85,0.5,1.0,50000,2.6917,2.4908,logHR_cancer_overlap,overlap_weighted_cox,2000,20260817,3727077063,0.9388052138414988,0.9396322703208968,0.939225242053987,-0.0636818740484232,-6.119478615850116,0.0257135274720314,0.0258688600643818,0.0686748570047775,0.314,0.319,0.1014038697152954,0.7645,0.9990955714870436,0.0005749719536877,0.0103779574098181,0.0094878804271554,2000,0,0.0,0,1.3322676295501878e-15,-1.249000902703301e-16,0.0005000000000000004,0.0,0.010641986076270815
217,low_bladder,low_bladder,0.75,0.85,0.5,0.85,50000,2.6917,2.4908,2000,20260817,3548325325,0.8527832364240008,0.8510882595097456,0.9393365064324253,0.0029125438599009496,0.3274395792942119,0.02627881642903456,0.026911295887740563,0.03783934650164627,0.026433195352629772,0.95,0.9515,0.10546759453403526,0.7685,0.9071051640241281,0.0005876121990355956,0.004873397172404485,0.009431536195127495,2000,0,0.0,0,8.019789277113887e-10,129.2269103527069,newly computed,low_bladder,primary,low_bladder,0.75,0.85,0.5,0.85,50000,2.6917,2.4908,logHR_cancer_overlap,overlap_weighted_cox,2000,20260817,3548325325,0.8527832364239996,0.8510882595097456,0.9393365064324252,0.0029125438599006,0.3274395792940682,0.0262788164290345,0.0269115533352001,0.0264331953526296,0.95,0.9515,0.1054672389081925,0.7685,0.9071051640241276,0.0005876121990355,0.0048733971724044,0.0094315361951274,2000,0,0.0,0,1.2212453270876722e-15,3.4954678040932663e-16,0.0,0.0,0.010927793166446167
218,low_bladder,low_bladder,0.75,0.85,0.33,1.0,50000,2.6917,2.4908,2000,20260817,1422390879,0.9111513383297989,0.912073513979104,0.9121630886456186,-0.09351975238040691,-8.88486616702011,0.027061914561181497,0.026758044388924488,0.037724714778602245,0.09735463590091359,0.063,0.068,0.10489514642939402,0.9795,0.9992077788264893,0.0006051228056009321,0.005432816948876522,0.0031685761786644775,2000,0,0.0,0,8.126974648803298e-10,129.18038988113403,newly computed,low_bladder,primary,low_bladder,0.75,0.85,0.33,1.0,50000,2.6917,2.4908,logHR_cancer_overlap,overlap_weighted_cox,2000,20260817,1422390879,0.911151338329799,0.912073513978898,0.9121630886456183,-0.0935197523804069,-8.8848661670201,0.0270619145611816,0.0267574231581239,0.0973546359009136,0.063,0.068,0.1048967607000277,0.9795,0.9992077788264891,0.0006051228056009,0.0054328169488765,0.0031685761786644,2000,0,0.0,0,-1.1102230246251565e-16,-1.3877787807814457e-17,0.0,0.0,0.010967291620478346
219,low_bladder,low_bladder,0.75,0.85,0.33,0.85,50000,2.6917,2.4908,2000,20260817,1333923205,0.8306026827912028,0.8290825807074605,0.9125072166748496,-0.02402735814991673,-2.282037318682027,0.028570529412526326,0.027817789331858096,0.039075810834250164,0.037325339288490675,0.8515,0.842,0.10903077724770996,0.9695,0.9081844562592707,0.0006388564591956599,0.007951344225978397,0.0038451105315712303,2000,0,0.0,0,7.725100559241582e-10,132.52785468101501,newly computed,low_bladder,primary,low_bladder,0.75,0.85,0.33,0.85,50000,2.6917,2.4908,logHR_cancer_overlap,overlap_weighted_cox,2000,20260817,1333923205,0.8306026827911949,0.8290825807074605,0.9125072166748496,-0.0240273581499165,-2.282037318682954,0.0285705294125265,0.0278176321146096,0.0373253392884907,0.851,0.842,0.1090388026586706,0.9695,0.9081844562592816,0.0006388564591956,0.0079623802973733,0.0038451105315712,2000,0,0.0,0,7.882583474838611e-15,-2.2898349882893854e-16,0.000500000000000056,0.0,0.011258178719640563
