scenario_id,family,anchor,se,sp,uhr,eff,n,eta_c0,eta_o0,planned_reps,master_seed,scenario_seed,median_HR_c,median_HR_naive,median_HR_o,bias_logHR_c,median_HR_percent_error_c,empirical_SE,avg_robust_SE,avg_model_SE,rmse_c,coverage_c,coverage_naive,median_interval_width_log,directional_signal_rate,median_cross_ratio,mcse_bias,mcse_coverage,mcse_signal,successful,failed,failure_rate,convergence_warnings,max_abs_score_residual_sum,computational_time_s,cache_status
1,main_hi,,1.0,1.0,1.0,1.0,5000,-0.8,-0.5,5000,20260817,1269503018,0.9994560202656726,0.9997411817265192,1.0008532046444434,-5.408446005615128e-05,-0.0543979734327404,0.039503215154732,0.0397833998593747,0.0563063317985493,0.0394993016632998,0.9514,0.9536,0.1559346742898821,0.021,0.9982757377843476,0.0005586598262916,0.0030409879973455,0.002027757381937,5000,0,0.0,0,3.620570510065591e-11,0.0,reused complete strict rerun
2,main_hi,,1.0,1.0,1.0,1.0,50000,-0.8,-0.5,5000,20260817,3405241100,1.000450083766688,1.0003194726933926,0.9999475021178444,0.0001468752126347,0.0450083766688091,0.012370857278436,0.0125778367659479,0.0177899129669032,0.0123704920884159,0.9526,0.9522,0.0493035939154317,0.0276,1.0003168585636102,0.0001749503414134,0.0030051036587778,0.0023168185082133,5000,0,0.0,0,3.1151934365425404e-09,0.0,reused complete strict rerun
3,main_hi,,1.0,1.0,1.0,0.85,5000,-0.8,-0.5,5000,20260817,1705465395,0.8498846030881858,0.8499860723483408,1.0007524773845704,-0.0001933752855909,-0.0135761072722552,0.0403694079796952,0.0407283681237162,0.0575069424652769,0.0403658340284457,0.9526,0.9506,0.1596302128635059,0.0224,0.849565397956035,0.0005709096426985,0.0030051036587778,0.002092760855903,5000,0,0.0,0,3.381472879482317e-11,0.0,reused complete strict rerun
4,main_hi,,1.0,1.0,1.0,0.85,50000,-0.8,-0.5,5000,20260817,1479637334,0.8499989417697341,0.8501238440814567,1.000040047572843,4.049435193886717e-05,-0.0001244976783364,0.0129379471896078,0.0128728625437827,0.0181660602738332,0.0129367167078098,0.9486,0.9496,0.0504621775261908,0.0274,0.8498490241457678,0.0001829702038481,0.003122756474655,0.0023086463566341,5000,0,0.0,0,3.2691289675312873e-09,0.0,reused complete strict rerun
5,main_hi,,1.0,1.0,0.5,1.0,5000,-0.8,-0.5,5000,20260817,2852892794,0.8901681220840405,0.8943695847437441,0.8901452569905344,-0.1158800785941036,-10.983187791595949,0.041032756420942,0.0402488301581044,0.0569262743073868,0.1229290160094682,0.1824,0.1958,0.1577456680038904,0.7066,1.000942825646188,0.0005802908063204,0.0054613229166567,0.0064391993291091,5000,0,0.0,0,3.707789630880143e-11,0.0,reused complete strict rerun
6,main_hi,,1.0,1.0,0.5,1.0,50000,-0.8,-0.5,5000,20260817,128509959,0.8905841130470635,0.8940972240517189,0.8901193312378111,-0.1157239555112684,-10.941588695293646,0.0127343545586208,0.0127226075086221,0.0179835193204995,0.1164223570988042,0.0,0.0,0.0498706101015103,1.0,1.0004572443972617,0.0001800909692486,0.0,0.0,5000,0,0.0,0,3.342449872434372e-09,0.0,reused complete strict rerun
7,main_hi,,1.0,1.0,0.5,0.85,5000,-0.8,-0.5,5000,20260817,4190124856,0.7626768950689065,0.7655325824679811,0.8969550059293496,-0.1084125236392097,-10.27330646248159,0.0410391281429524,0.0412850837528553,0.0582485363385661,0.1159187149624603,0.2452,0.2682,0.1618105122742603,0.6624,0.8513150572783265,0.0005803809160773,0.0060840276133495,0.0066876937728936,5000,0,0.0,0,3.11857206725108e-11,0.0,reused complete strict rerun
8,main_hi,,1.0,1.0,0.5,0.85,50000,-0.8,-0.5,5000,20260817,1363535968,0.7630906655143962,0.7661340702020769,0.8972039273145366,-0.1079829780325734,-10.224627586541622,0.0127783689627227,0.0130513874012193,0.0184030807653281,0.1087362754594254,0.0,0.0,0.0511603529366815,1.0,0.8503375806477018,0.0001807134269208,0.0,0.0,5000,0,0.0,0,3.2411264783149822e-09,0.0,reused complete strict rerun
9,main_hi,,1.0,1.0,0.33,1.0,5000,-0.8,-0.5,5000,20260817,2605238670,0.8420887018705114,0.8472549645713873,0.8417074269306601,-0.1717636020707958,-15.791129812948856,0.0406369939260629,0.0406865742857354,0.0574877956778794,0.1765043058925943,0.0112,0.0136,0.1594769582491442,0.9494,1.0002686775033611,0.0005746938794431,0.0014882580421418,0.0030996657884359,5000,0,0.0,0,3.326583453144849e-11,0.0,reused complete strict rerun
10,main_hi,,1.0,1.0,0.33,1.0,50000,-0.8,-0.5,5000,20260817,956976107,0.8425307965980458,0.8475718349736457,0.8419991510600835,-0.1718152511768248,-15.746920340195423,0.0130600493818364,0.0128629934056428,0.018164696719409,0.1723107985990241,0.0,0.0,0.0504237315954373,1.0,1.0004509716158745,0.0001846969896105,0.0,0.0,5000,0,0.0,0,3.272020876465831e-09,0.0,reused complete strict rerun
11,main_hi,,1.0,1.0,0.33,0.85,5000,-0.8,-0.5,5000,20260817,1710890882,0.7269665093969675,0.7314169054187332,0.8552607911190144,-0.1557447909717879,-14.474528306239115,0.0417245607022909,0.0417554505414562,0.0588605264493198,0.1612359472724736,0.0416,0.0504,0.1636348426836505,0.9272,0.850186163240898,0.0005900743962923,0.0028238073588685,0.0036742389688206,5000,0,0.0,0,3.012345928254945e-11,0.0,reused complete strict rerun
12,main_hi,,1.0,1.0,0.33,0.85,50000,-0.8,-0.5,5000,20260817,1319130456,0.7270595141569868,0.7316534359353644,0.855133572895336,-0.1562068235922352,-14.46358656976626,0.0132514148918539,0.0132002883457453,0.0185955869959324,0.1567677792577684,0.0,0.0,0.0517431388061716,1.0,0.8499262922715016,0.0001874033066069,0.0,0.0,5000,0,0.0,0,3.079833277297439e-09,0.0,reused complete strict rerun
13,main_hi,,0.9,0.9,1.0,1.0,5000,-0.8,-0.5,5000,20260817,972130327,0.9998177504133294,1.000163154279571,0.999986321498704,-7.387856943603596e-05,-0.0182249586670568,0.0393832215751944,0.0394270148540292,0.0558002973379495,0.0393793523569847,0.9492,0.9492,0.1545639589880562,0.0246,0.9997183276037652,0.0005569628608158,0.0031054584202658,0.0021906546966603,5000,0,0.0,0,3.779554447191913e-11,0.0,reused complete strict rerun
14,main_hi,,0.9,0.9,1.0,1.0,50000,-0.8,-0.5,5000,20260817,300294571,1.0000720308022848,1.000034975621738,0.999923964513852,-8.409016756081813e-05,0.0072030802284794,0.0122853942494525,0.0124619586529994,0.0176255867930421,0.0122844534611186,0.9514,0.9484,0.0488499346308214,0.0242,1.0000957400293364,0.0001737417116667,0.0030409879973455,0.0021732169703,5000,0,0.0,0,3.163791006954852e-09,383.5027377605438,newly computed
15,main_hi,,0.9,0.9,1.0,0.85,5000,-0.8,-0.5,5000,20260817,184379484,0.8800513299258623,0.8787174288774615,0.9990855998616202,0.0349952120959956,3.5354505795132174,0.0398542177564849,0.0402534762648974,0.0568839953538572,0.0530349495228424,0.8574,0.8652,0.1577627263460077,0.0228,0.8811257507224329,0.0005636237526899,0.0049450023255808,0.002110931547919,5000,0,0.0,0,3.6751490739561625e-11,0.0,reused complete strict rerun
16,main_hi,,0.9,0.9,1.0,0.85,50000,-0.8,-0.5,5000,20260817,2636532921,0.8803434329654954,0.878857287487352,1.0004934390714653,0.0351205428613583,3.5698156429994667,0.0125064313528527,0.0127249743957146,0.0179709939890128,0.0372804516321233,0.2042,0.2316,0.049882798873304,0.0224,0.8800343624278546,0.0001768676483609,0.0057009185224838,0.002092760855903,5000,0,0.0,0,3.3118965347966878e-09,400.6821172237396,newly computed
17,main_hi,,0.9,0.9,0.5,1.0,5000,-0.8,-0.5,5000,20260817,2612745165,0.9116658040011432,0.913871359504926,0.9135379242871358,-0.0919605604455437,-8.833419599885673,0.0403389984163411,0.0398416709119635,0.0563594647424165,0.1004173990090035,0.363,0.369,0.1561762884976447,0.4978,0.997796853639454,0.0005704795865293,0.0068004558670724,0.0070709993635977,5000,0,0.0,0,3.6962433114240405e-11,0.0,reused complete strict rerun
18,main_hi,,0.9,0.9,0.5,1.0,50000,-0.8,-0.5,5000,20260817,3692586629,0.9129801362675034,0.9149899847631956,0.9127674533772216,-0.0908851428762631,-8.70198637324966,0.0125338512382348,0.0125954868132086,0.0178075558041495,0.091745164466666,0.0,0.0,0.049375157880734,1.0,1.0002216268005897,0.0001772554240987,0.0,0.0,5000,0,0.0,0,3.339629017773404e-09,404.2075328826904,newly computed
19,main_hi,,0.9,0.9,0.5,0.85,5000,-0.8,-0.5,5000,20260817,2268338296,0.8086135659715863,0.809623186732688,0.9196557355034812,-0.0499576370617041,-4.868992238636905,0.0406414026305341,0.040751136826758,0.0575494820700456,0.0643984375885361,0.7682,0.7692,0.1597200312287453,0.4576,0.8797256105143103,0.0005747562279396,0.0059677258650175,0.0070455977744972,5000,0,0.0,0,3.3586022851750386e-11,0.0,reused complete strict rerun
20,main_hi,,0.9,0.9,0.5,0.85,50000,-0.8,-0.5,5000,20260817,3352976826,0.8087277784657437,0.8091595327176164,0.9186319711474884,-0.0496132233243254,-4.855555474618383,0.0129961122209366,0.0128817048885544,0.0181808224543583,0.0512868119666449,0.0304,0.0294,0.0504952003741851,1.0,0.8803671126251656,0.0001837927816097,0.0024279967051048,0.0,5000,0,0.0,0,3.3791422993090237e-09,421.4250371456146,newly computed
21,main_hi,,0.9,0.9,0.33,1.0,5000,-0.8,-0.5,5000,20260817,666658930,0.873898633587542,0.8764595692821271,0.8735410177286635,-0.1349689792291041,-12.610136641245797,0.0401097076103929,0.0402437336088226,0.0568964260283045,0.1408016059603321,0.0828,0.091,0.1577410652086358,0.825,0.9992401527409058,0.0005672369248543,0.0038972852089627,0.0053735463150511,5000,0,0.0,0,3.62003760301377e-11,0.0,reused complete strict rerun
22,main_hi,,0.9,0.9,0.33,1.0,50000,-0.8,-0.5,5000,20260817,2744545753,0.8740191850806425,0.8765965150535167,0.8737258248679884,-0.1347001632842173,-12.598081491935751,0.012820629843788,0.0127212423283933,0.0179739178726754,0.1353087937448129,0.0,0.0,0.0498676837537976,1.0,1.0001873440468882,0.0001813110860325,0.0,0.0,5000,0,0.0,0,3.3469973459432363e-09,411.2405488491058,newly computed
23,main_hi,,0.9,0.9,0.33,0.85,5000,-0.8,-0.5,5000,20260817,1390767563,0.7782142346916558,0.7797652562059878,0.8856194274155234,-0.0880236525313881,-8.445384153922838,0.0407169035999308,0.0411804513729635,0.0581145599509666,0.0969829782512625,0.4292,0.4336,0.1614088225307237,0.757,0.8791801613947855,0.0005758239728886,0.0069998194262423,0.0060654925603779,5000,0,0.0,0,3.290878680672904e-11,0.0,reused complete strict rerun
24,main_hi,,0.9,0.9,0.33,0.85,50000,-0.8,-0.5,5000,20260817,1851916202,0.7789046389065193,0.7801519912272095,0.8845173867392686,-0.0873493693426393,-8.364160128644787,0.0128741223602206,0.0130173042356765,0.0183603013098017,0.0882928207868422,0.0,0.0,0.0510301234097022,1.0,0.8807670365475653,0.0001820675844547,0.0,0.0,5000,0,0.0,0,3.3264484500250542e-09,417.1547644138336,newly computed
25,main_hi,,0.75,0.85,1.0,1.0,5000,-0.8,-0.5,5000,20260817,2088437592,0.999089467043346,0.9988964646600164,0.9994127978736032,-0.0006287589144117,-0.0910532956654108,0.0401591126251056,0.0396470676878319,0.0561101015015414,0.0401600188463975,0.948,0.947,0.155398095961892,0.0256,1.0000382716921026,0.0005679356172729,0.0031399363050864,0.0022335908309267,5000,0,0.0,0,3.495426170729843e-11,22.397810459136963,newly computed
26,main_hi,,0.75,0.85,1.0,1.0,50000,-0.8,-0.5,5000,20260817,770843387,0.9997592237719996,0.999860668157937,0.999627429127937,-0.0001662423972549,-0.0240776228000338,0.0125558130625371,0.0125341194151984,0.0177279634269525,0.0125556580276659,0.9468,0.9468,0.0491353247178933,0.028,1.0001457123672295,0.0001775660111966,0.003173948959892,0.0023330666514268,5000,0,0.0,0,3.034333673213041e-09,322.8489933013916,newly computed
27,main_hi,,0.75,0.85,1.0,0.85,5000,-0.8,-0.5,5000,20260817,730609205,0.9069250900654212,0.9048599859925344,1.0002514382968442,0.0652397018945798,6.697069419461308,0.0411116764382741,0.0405105995765256,0.0572139014267011,0.0771106387528405,0.6436,0.6554,0.1587652471137937,0.024,0.9071804488295824,0.000581406903909,0.0067731682394578,0.0021644398813549,5000,0,0.0,0,3.1590730031894054e-11,18.80655574798584,newly computed
28,main_hi,,0.75,0.85,1.0,0.85,50000,-0.8,-0.5,5000,20260817,3314776866,0.9076564186000596,0.9058052126260778,1.0005377873950947,0.0657626962422145,6.783108070595266,0.0126543359928825,0.0128073056949637,0.0180771401159156,0.0669688913602626,0.0004,0.001,0.0502014975584513,0.0232,0.906984275053267,0.0001789593358396,0.0002827861382741,0.0021289321266775,5000,0,0.0,0,3.0415776564041153e-09,351.7871537208557,newly computed
29,main_hi,,0.75,0.85,0.5,1.0,5000,-0.8,-0.5,5000,20260817,2284446999,0.933091111356794,0.933913565199842,0.9325269542371049,-0.0688425456554507,-6.69088886432061,0.0393304454487545,0.040065618940846,0.0566729181106407,0.0792834828620213,0.597,0.601,0.1570458470155163,0.3172,1.0012408664663843,0.000556216493678,0.0069367283354618,0.0065815524004599,5000,0,0.0,0,3.2645885994497797e-11,18.06606888771057,newly computed
30,main_hi,,0.75,0.85,0.5,1.0,50000,-0.8,-0.5,5000,20260817,4164126655,0.9338193968333768,0.9346636304626889,0.9334038344743548,-0.0687057952126413,-6.61806031666231,0.0127129401375691,0.0126643936608106,0.0179039466055862,0.0698718313698262,0.0002,0.0002,0.0496447117650074,0.9968,1.0002164763481252,0.0001797881236018,0.0001999799989998,0.0007987189743583,5000,0,0.0,0,3.0497417924379992e-09,345.43901109695435,newly computed
31,main_hi,,0.75,0.85,0.5,0.85,5000,-0.8,-0.5,5000,20260817,3042424778,0.8512491600559449,0.8502401337852166,0.9373643222370563,0.0020633969094923,0.1469600065817514,0.0409557511617726,0.0409784645733149,0.0578425321962791,0.0410036057599877,0.951,0.9494,0.1605851633197644,0.2906,0.907963567805373,0.0005792017875015,0.0030528347482299,0.0064210846435785,5000,0,0.0,0,2.964384293591138e-11,19.22758102416992,newly computed
32,main_hi,,0.75,0.85,0.5,0.85,50000,-0.8,-0.5,5000,20260817,2356173794,0.8517994073565551,0.850669257267018,0.9376832107352038,0.0020426889046641,0.2116949831241352,0.0131458592016123,0.0129535381373097,0.0182735943087471,0.0133023166924797,0.942,0.9418,0.0507774328317893,0.9934,0.9084749275760058,0.0001859105237196,0.0033056315584166,0.0011451148414023,5000,0,0.0,0,3.007464499660273e-09,384.12764024734497,newly computed
33,main_hi,,0.75,0.85,0.33,1.0,5000,-0.8,-0.5,5000,20260817,1778130748,0.9037247839417626,0.9049682179881504,0.9025466195838396,-0.1018285304818827,-9.62752160582374,0.0400100483057141,0.0404406727537372,0.0571863878417651,0.1094053628700723,0.2872,0.2932,0.1585386303041766,0.587,1.0010114308545313,0.0005658275294514,0.0063986898659022,0.0069632032858448,5000,0,0.0,0,3.270628212703741e-11,22.87490677833557,newly computed
34,main_hi,,0.75,0.85,0.33,1.0,50000,-0.8,-0.5,5000,20260817,2069790541,0.903361215602515,0.9045853583079432,0.903230624596358,-0.1016542679404968,-9.663878439748498,0.0126797211187385,0.0127834992375998,0.0180659619096674,0.1024418535711931,0.0,0.0,0.0501090661744434,1.0,0.999835127085506,0.0001793183357322,0.0,0.0,5000,0,0.0,0,3.1108982057048702e-09,385.00547909736633,newly computed
35,main_hi,,0.75,0.85,0.33,0.85,5000,-0.8,-0.5,5000,20260817,3567053798,0.827939790527348,0.8275007959142444,0.9108988562759804,-0.0262295368303427,-2.595318761488467,0.0410356382088376,0.0413946593610885,0.0584058322910557,0.0486988236081764,0.9064,0.9052,0.1622639409015003,0.5286,0.909142815511979,0.0005803315609557,0.004119199922315,0.0070594906331831,5000,0,0.0,0,3.04840597209477e-11,37.32463812828064,newly computed
36,main_hi,,0.75,0.85,0.33,0.85,50000,-0.8,-0.5,5000,20260817,3333225663,0.8284209355876645,0.8279790116296757,0.9114507182193764,-0.0259658624416454,-2.5387134602747623,0.0129983366780214,0.0130807703487015,0.0184467826027799,0.0290370276953818,0.4974,0.4774,0.0512785030273049,1.0,0.9087039662342008,0.0001838242401834,0.0070709722103823,0.0,5000,0,0.0,0,2.973735035993741e-09,406.1567318439484,newly computed
