scenario_id,module,family,anchor,se,sp,uhr,eff,n,eta_c0,eta_o0,repetitions,bootstrap_B,tag,cut_years,m1,m2,estimator_or_operation,final_evidence_status,source_artifact
1,primary Cox,main_hi,,1.0,1.0,1.0,1.0,5000,-0.8,-0.5,5000,,proportional hazards,,,,overlap-weighted cause-specific Cox; full individual score-residual sandwich,strict rerun completed,.\analysis\strict_cox_rerun\strict_primary_summary_72_rows.csv
2,primary Cox,main_hi,,1.0,1.0,1.0,1.0,50000,-0.8,-0.5,5000,,proportional hazards,,,,overlap-weighted cause-specific Cox; full individual score-residual sandwich,strict rerun completed,.\analysis\strict_cox_rerun\strict_primary_summary_72_rows.csv
3,primary Cox,main_hi,,1.0,1.0,1.0,0.85,5000,-0.8,-0.5,5000,,proportional hazards,,,,overlap-weighted cause-specific Cox; full individual score-residual sandwich,strict rerun completed,.\analysis\strict_cox_rerun\strict_primary_summary_72_rows.csv
4,primary Cox,main_hi,,1.0,1.0,1.0,0.85,50000,-0.8,-0.5,5000,,proportional hazards,,,,overlap-weighted cause-specific Cox; full individual score-residual sandwich,strict rerun completed,.\analysis\strict_cox_rerun\strict_primary_summary_72_rows.csv
5,primary Cox,main_hi,,1.0,1.0,0.5,1.0,5000,-0.8,-0.5,5000,,proportional hazards,,,,overlap-weighted cause-specific Cox; full individual score-residual sandwich,strict rerun completed,.\analysis\strict_cox_rerun\strict_primary_summary_72_rows.csv
6,primary Cox,main_hi,,1.0,1.0,0.5,1.0,50000,-0.8,-0.5,5000,,proportional hazards,,,,overlap-weighted cause-specific Cox; full individual score-residual sandwich,strict rerun completed,.\analysis\strict_cox_rerun\strict_primary_summary_72_rows.csv
7,primary Cox,main_hi,,1.0,1.0,0.5,0.85,5000,-0.8,-0.5,5000,,proportional hazards,,,,overlap-weighted cause-specific Cox; full individual score-residual sandwich,strict rerun completed,.\analysis\strict_cox_rerun\strict_primary_summary_72_rows.csv
8,primary Cox,main_hi,,1.0,1.0,0.5,0.85,50000,-0.8,-0.5,5000,,proportional hazards,,,,overlap-weighted cause-specific Cox; full individual score-residual sandwich,strict rerun completed,.\analysis\strict_cox_rerun\strict_primary_summary_72_rows.csv
9,primary Cox,main_hi,,1.0,1.0,0.33,1.0,5000,-0.8,-0.5,5000,,proportional hazards,,,,overlap-weighted cause-specific Cox; full individual score-residual sandwich,strict rerun completed,.\analysis\strict_cox_rerun\strict_primary_summary_72_rows.csv
10,primary Cox,main_hi,,1.0,1.0,0.33,1.0,50000,-0.8,-0.5,5000,,proportional hazards,,,,overlap-weighted cause-specific Cox; full individual score-residual sandwich,strict rerun completed,.\analysis\strict_cox_rerun\strict_primary_summary_72_rows.csv
11,primary Cox,main_hi,,1.0,1.0,0.33,0.85,5000,-0.8,-0.5,5000,,proportional hazards,,,,overlap-weighted cause-specific Cox; full individual score-residual sandwich,strict rerun completed,.\analysis\strict_cox_rerun\strict_primary_summary_72_rows.csv
12,primary Cox,main_hi,,1.0,1.0,0.33,0.85,50000,-0.8,-0.5,5000,,proportional hazards,,,,overlap-weighted cause-specific Cox; full individual score-residual sandwich,strict rerun completed,.\analysis\strict_cox_rerun\strict_primary_summary_72_rows.csv
13,primary Cox,main_hi,,0.9,0.9,1.0,1.0,5000,-0.8,-0.5,5000,,proportional hazards,,,,overlap-weighted cause-specific Cox; full individual score-residual sandwich,strict rerun completed,.\analysis\strict_cox_rerun\strict_primary_summary_72_rows.csv
14,primary Cox,main_hi,,0.9,0.9,1.0,1.0,50000,-0.8,-0.5,5000,,proportional hazards,,,,overlap-weighted cause-specific Cox; full individual score-residual sandwich,strict rerun completed,.\analysis\strict_cox_rerun\strict_primary_summary_72_rows.csv
15,primary Cox,main_hi,,0.9,0.9,1.0,0.85,5000,-0.8,-0.5,5000,,proportional hazards,,,,overlap-weighted cause-specific Cox; full individual score-residual sandwich,strict rerun completed,.\analysis\strict_cox_rerun\strict_primary_summary_72_rows.csv
16,primary Cox,main_hi,,0.9,0.9,1.0,0.85,50000,-0.8,-0.5,5000,,proportional hazards,,,,overlap-weighted cause-specific Cox; full individual score-residual sandwich,strict rerun completed,.\analysis\strict_cox_rerun\strict_primary_summary_72_rows.csv
17,primary Cox,main_hi,,0.9,0.9,0.5,1.0,5000,-0.8,-0.5,5000,,proportional hazards,,,,overlap-weighted cause-specific Cox; full individual score-residual sandwich,strict rerun completed,.\analysis\strict_cox_rerun\strict_primary_summary_72_rows.csv
18,primary Cox,main_hi,,0.9,0.9,0.5,1.0,50000,-0.8,-0.5,5000,,proportional hazards,,,,overlap-weighted cause-specific Cox; full individual score-residual sandwich,strict rerun completed,.\analysis\strict_cox_rerun\strict_primary_summary_72_rows.csv
19,primary Cox,main_hi,,0.9,0.9,0.5,0.85,5000,-0.8,-0.5,5000,,proportional hazards,,,,overlap-weighted cause-specific Cox; full individual score-residual sandwich,strict rerun completed,.\analysis\strict_cox_rerun\strict_primary_summary_72_rows.csv
20,primary Cox,main_hi,,0.9,0.9,0.5,0.85,50000,-0.8,-0.5,5000,,proportional hazards,,,,overlap-weighted cause-specific Cox; full individual score-residual sandwich,strict rerun completed,.\analysis\strict_cox_rerun\strict_primary_summary_72_rows.csv
21,primary Cox,main_hi,,0.9,0.9,0.33,1.0,5000,-0.8,-0.5,5000,,proportional hazards,,,,overlap-weighted cause-specific Cox; full individual score-residual sandwich,strict rerun completed,.\analysis\strict_cox_rerun\strict_primary_summary_72_rows.csv
22,primary Cox,main_hi,,0.9,0.9,0.33,1.0,50000,-0.8,-0.5,5000,,proportional hazards,,,,overlap-weighted cause-specific Cox; full individual score-residual sandwich,strict rerun completed,.\analysis\strict_cox_rerun\strict_primary_summary_72_rows.csv
23,primary Cox,main_hi,,0.9,0.9,0.33,0.85,5000,-0.8,-0.5,5000,,proportional hazards,,,,overlap-weighted cause-specific Cox; full individual score-residual sandwich,strict rerun completed,.\analysis\strict_cox_rerun\strict_primary_summary_72_rows.csv
24,primary Cox,main_hi,,0.9,0.9,0.33,0.85,50000,-0.8,-0.5,5000,,proportional hazards,,,,overlap-weighted cause-specific Cox; full individual score-residual sandwich,strict rerun completed,.\analysis\strict_cox_rerun\strict_primary_summary_72_rows.csv
25,primary Cox,main_hi,,0.75,0.85,1.0,1.0,5000,-0.8,-0.5,5000,,proportional hazards,,,,overlap-weighted cause-specific Cox; full individual score-residual sandwich,strict rerun completed,.\analysis\strict_cox_rerun\strict_primary_summary_72_rows.csv
26,primary Cox,main_hi,,0.75,0.85,1.0,1.0,50000,-0.8,-0.5,5000,,proportional hazards,,,,overlap-weighted cause-specific Cox; full individual score-residual sandwich,strict rerun completed,.\analysis\strict_cox_rerun\strict_primary_summary_72_rows.csv
27,primary Cox,main_hi,,0.75,0.85,1.0,0.85,5000,-0.8,-0.5,5000,,proportional hazards,,,,overlap-weighted cause-specific Cox; full individual score-residual sandwich,strict rerun completed,.\analysis\strict_cox_rerun\strict_primary_summary_72_rows.csv
28,primary Cox,main_hi,,0.75,0.85,1.0,0.85,50000,-0.8,-0.5,5000,,proportional hazards,,,,overlap-weighted cause-specific Cox; full individual score-residual sandwich,strict rerun completed,.\analysis\strict_cox_rerun\strict_primary_summary_72_rows.csv
29,primary Cox,main_hi,,0.75,0.85,0.5,1.0,5000,-0.8,-0.5,5000,,proportional hazards,,,,overlap-weighted cause-specific Cox; full individual score-residual sandwich,strict rerun completed,.\analysis\strict_cox_rerun\strict_primary_summary_72_rows.csv
30,primary Cox,main_hi,,0.75,0.85,0.5,1.0,50000,-0.8,-0.5,5000,,proportional hazards,,,,overlap-weighted cause-specific Cox; full individual score-residual sandwich,strict rerun completed,.\analysis\strict_cox_rerun\strict_primary_summary_72_rows.csv
31,primary Cox,main_hi,,0.75,0.85,0.5,0.85,5000,-0.8,-0.5,5000,,proportional hazards,,,,overlap-weighted cause-specific Cox; full individual score-residual sandwich,strict rerun completed,.\analysis\strict_cox_rerun\strict_primary_summary_72_rows.csv
32,primary Cox,main_hi,,0.75,0.85,0.5,0.85,50000,-0.8,-0.5,5000,,proportional hazards,,,,overlap-weighted cause-specific Cox; full individual score-residual sandwich,strict rerun completed,.\analysis\strict_cox_rerun\strict_primary_summary_72_rows.csv
33,primary Cox,main_hi,,0.75,0.85,0.33,1.0,5000,-0.8,-0.5,5000,,proportional hazards,,,,overlap-weighted cause-specific Cox; full individual score-residual sandwich,strict rerun completed,.\analysis\strict_cox_rerun\strict_primary_summary_72_rows.csv
34,primary Cox,main_hi,,0.75,0.85,0.33,1.0,50000,-0.8,-0.5,5000,,proportional hazards,,,,overlap-weighted cause-specific Cox; full individual score-residual sandwich,strict rerun completed,.\analysis\strict_cox_rerun\strict_primary_summary_72_rows.csv
35,primary Cox,main_hi,,0.75,0.85,0.33,0.85,5000,-0.8,-0.5,5000,,proportional hazards,,,,overlap-weighted cause-specific Cox; full individual score-residual sandwich,strict rerun completed,.\analysis\strict_cox_rerun\strict_primary_summary_72_rows.csv
36,primary Cox,main_hi,,0.75,0.85,0.33,0.85,50000,-0.8,-0.5,5000,,proportional hazards,,,,overlap-weighted cause-specific Cox; full individual score-residual sandwich,strict rerun completed,.\analysis\strict_cox_rerun\strict_primary_summary_72_rows.csv
102,primary Cox,low_crc,low_crc,1.0,1.0,1.0,1.0,50000,4.2074,3.1726,2000,,proportional hazards,,,,overlap-weighted cause-specific Cox; full individual score-residual sandwich,strict rerun completed,.\analysis\strict_cox_rerun\strict_primary_summary_72_rows.csv
103,primary Cox,low_crc,low_crc,1.0,1.0,1.0,0.85,50000,4.2074,3.1726,2000,,proportional hazards,,,,overlap-weighted cause-specific Cox; full individual score-residual sandwich,strict rerun completed,.\analysis\strict_cox_rerun\strict_primary_summary_72_rows.csv
104,primary Cox,low_crc,low_crc,1.0,1.0,0.5,1.0,50000,4.2074,3.1726,2000,,proportional hazards,,,,overlap-weighted cause-specific Cox; full individual score-residual sandwich,strict rerun completed,.\analysis\strict_cox_rerun\strict_primary_summary_72_rows.csv
105,primary Cox,low_crc,low_crc,1.0,1.0,0.5,0.85,50000,4.2074,3.1726,2000,,proportional hazards,,,,overlap-weighted cause-specific Cox; full individual score-residual sandwich,strict rerun completed,.\analysis\strict_cox_rerun\strict_primary_summary_72_rows.csv
106,primary Cox,low_crc,low_crc,1.0,1.0,0.33,1.0,50000,4.2074,3.1726,2000,,proportional hazards,,,,overlap-weighted cause-specific Cox; full individual score-residual sandwich,strict rerun completed,.\analysis\strict_cox_rerun\strict_primary_summary_72_rows.csv
107,primary Cox,low_crc,low_crc,1.0,1.0,0.33,0.85,50000,4.2074,3.1726,2000,,proportional hazards,,,,overlap-weighted cause-specific Cox; full individual score-residual sandwich,strict rerun completed,.\analysis\strict_cox_rerun\strict_primary_summary_72_rows.csv
108,primary Cox,low_crc,low_crc,0.9,0.9,1.0,1.0,50000,4.2074,3.1726,2000,,proportional hazards,,,,overlap-weighted cause-specific Cox; full individual score-residual sandwich,strict rerun completed,.\analysis\strict_cox_rerun\strict_primary_summary_72_rows.csv
109,primary Cox,low_crc,low_crc,0.9,0.9,1.0,0.85,50000,4.2074,3.1726,2000,,proportional hazards,,,,overlap-weighted cause-specific Cox; full individual score-residual sandwich,strict rerun completed,.\analysis\strict_cox_rerun\strict_primary_summary_72_rows.csv
110,primary Cox,low_crc,low_crc,0.9,0.9,0.5,1.0,50000,4.2074,3.1726,2000,,proportional hazards,,,,overlap-weighted cause-specific Cox; full individual score-residual sandwich,strict rerun completed,.\analysis\strict_cox_rerun\strict_primary_summary_72_rows.csv
111,primary Cox,low_crc,low_crc,0.9,0.9,0.5,0.85,50000,4.2074,3.1726,2000,,proportional hazards,,,,overlap-weighted cause-specific Cox; full individual score-residual sandwich,strict rerun completed,.\analysis\strict_cox_rerun\strict_primary_summary_72_rows.csv
112,primary Cox,low_crc,low_crc,0.9,0.9,0.33,1.0,50000,4.2074,3.1726,2000,,proportional hazards,,,,overlap-weighted cause-specific Cox; full individual score-residual sandwich,strict rerun completed,.\analysis\strict_cox_rerun\strict_primary_summary_72_rows.csv
113,primary Cox,low_crc,low_crc,0.9,0.9,0.33,0.85,50000,4.2074,3.1726,2000,,proportional hazards,,,,overlap-weighted cause-specific Cox; full individual score-residual sandwich,strict rerun completed,.\analysis\strict_cox_rerun\strict_primary_summary_72_rows.csv
114,primary Cox,low_crc,low_crc,0.75,0.85,1.0,1.0,50000,4.2074,3.1726,2000,,proportional hazards,,,,overlap-weighted cause-specific Cox; full individual score-residual sandwich,strict rerun completed,.\analysis\strict_cox_rerun\strict_primary_summary_72_rows.csv
115,primary Cox,low_crc,low_crc,0.75,0.85,1.0,0.85,50000,4.2074,3.1726,2000,,proportional hazards,,,,overlap-weighted cause-specific Cox; full individual score-residual sandwich,strict rerun completed,.\analysis\strict_cox_rerun\strict_primary_summary_72_rows.csv
116,primary Cox,low_crc,low_crc,0.75,0.85,0.5,1.0,50000,4.2074,3.1726,2000,,proportional hazards,,,,overlap-weighted cause-specific Cox; full individual score-residual sandwich,strict rerun completed,.\analysis\strict_cox_rerun\strict_primary_summary_72_rows.csv
117,primary Cox,low_crc,low_crc,0.75,0.85,0.5,0.85,50000,4.2074,3.1726,2000,,proportional hazards,,,,overlap-weighted cause-specific Cox; full individual score-residual sandwich,strict rerun completed,.\analysis\strict_cox_rerun\strict_primary_summary_72_rows.csv
118,primary Cox,low_crc,low_crc,0.75,0.85,0.33,1.0,50000,4.2074,3.1726,2000,,proportional hazards,,,,overlap-weighted cause-specific Cox; full individual score-residual sandwich,strict rerun completed,.\analysis\strict_cox_rerun\strict_primary_summary_72_rows.csv
119,primary Cox,low_crc,low_crc,0.75,0.85,0.33,0.85,50000,4.2074,3.1726,2000,,proportional hazards,,,,overlap-weighted cause-specific Cox; full individual score-residual sandwich,strict rerun completed,.\analysis\strict_cox_rerun\strict_primary_summary_72_rows.csv
202,primary Cox,low_bladder,low_bladder,1.0,1.0,1.0,1.0,50000,2.6917,2.4908,2000,,proportional hazards,,,,overlap-weighted cause-specific Cox; full individual score-residual sandwich,strict rerun completed,.\analysis\strict_cox_rerun\strict_primary_summary_72_rows.csv
203,primary Cox,low_bladder,low_bladder,1.0,1.0,1.0,0.85,50000,2.6917,2.4908,2000,,proportional hazards,,,,overlap-weighted cause-specific Cox; full individual score-residual sandwich,strict rerun completed,.\analysis\strict_cox_rerun\strict_primary_summary_72_rows.csv
204,primary Cox,low_bladder,low_bladder,1.0,1.0,0.5,1.0,50000,2.6917,2.4908,2000,,proportional hazards,,,,overlap-weighted cause-specific Cox; full individual score-residual sandwich,strict rerun completed,.\analysis\strict_cox_rerun\strict_primary_summary_72_rows.csv
205,primary Cox,low_bladder,low_bladder,1.0,1.0,0.5,0.85,50000,2.6917,2.4908,2000,,proportional hazards,,,,overlap-weighted cause-specific Cox; full individual score-residual sandwich,strict rerun completed,.\analysis\strict_cox_rerun\strict_primary_summary_72_rows.csv
206,primary Cox,low_bladder,low_bladder,1.0,1.0,0.33,1.0,50000,2.6917,2.4908,2000,,proportional hazards,,,,overlap-weighted cause-specific Cox; full individual score-residual sandwich,strict rerun completed,.\analysis\strict_cox_rerun\strict_primary_summary_72_rows.csv
207,primary Cox,low_bladder,low_bladder,1.0,1.0,0.33,0.85,50000,2.6917,2.4908,2000,,proportional hazards,,,,overlap-weighted cause-specific Cox; full individual score-residual sandwich,strict rerun completed,.\analysis\strict_cox_rerun\strict_primary_summary_72_rows.csv
208,primary Cox,low_bladder,low_bladder,0.9,0.9,1.0,1.0,50000,2.6917,2.4908,2000,,proportional hazards,,,,overlap-weighted cause-specific Cox; full individual score-residual sandwich,strict rerun completed,.\analysis\strict_cox_rerun\strict_primary_summary_72_rows.csv
209,primary Cox,low_bladder,low_bladder,0.9,0.9,1.0,0.85,50000,2.6917,2.4908,2000,,proportional hazards,,,,overlap-weighted cause-specific Cox; full individual score-residual sandwich,strict rerun completed,.\analysis\strict_cox_rerun\strict_primary_summary_72_rows.csv
210,primary Cox,low_bladder,low_bladder,0.9,0.9,0.5,1.0,50000,2.6917,2.4908,2000,,proportional hazards,,,,overlap-weighted cause-specific Cox; full individual score-residual sandwich,strict rerun completed,.\analysis\strict_cox_rerun\strict_primary_summary_72_rows.csv
211,primary Cox,low_bladder,low_bladder,0.9,0.9,0.5,0.85,50000,2.6917,2.4908,2000,,proportional hazards,,,,overlap-weighted cause-specific Cox; full individual score-residual sandwich,strict rerun completed,.\analysis\strict_cox_rerun\strict_primary_summary_72_rows.csv
212,primary Cox,low_bladder,low_bladder,0.9,0.9,0.33,1.0,50000,2.6917,2.4908,2000,,proportional hazards,,,,overlap-weighted cause-specific Cox; full individual score-residual sandwich,strict rerun completed,.\analysis\strict_cox_rerun\strict_primary_summary_72_rows.csv
213,primary Cox,low_bladder,low_bladder,0.9,0.9,0.33,0.85,50000,2.6917,2.4908,2000,,proportional hazards,,,,overlap-weighted cause-specific Cox; full individual score-residual sandwich,strict rerun completed,.\analysis\strict_cox_rerun\strict_primary_summary_72_rows.csv
214,primary Cox,low_bladder,low_bladder,0.75,0.85,1.0,1.0,50000,2.6917,2.4908,2000,,proportional hazards,,,,overlap-weighted cause-specific Cox; full individual score-residual sandwich,strict rerun completed,.\analysis\strict_cox_rerun\strict_primary_summary_72_rows.csv
215,primary Cox,low_bladder,low_bladder,0.75,0.85,1.0,0.85,50000,2.6917,2.4908,2000,,proportional hazards,,,,overlap-weighted cause-specific Cox; full individual score-residual sandwich,strict rerun completed,.\analysis\strict_cox_rerun\strict_primary_summary_72_rows.csv
216,primary Cox,low_bladder,low_bladder,0.75,0.85,0.5,1.0,50000,2.6917,2.4908,2000,,proportional hazards,,,,overlap-weighted cause-specific Cox; full individual score-residual sandwich,strict rerun completed,.\analysis\strict_cox_rerun\strict_primary_summary_72_rows.csv
217,primary Cox,low_bladder,low_bladder,0.75,0.85,0.5,0.85,50000,2.6917,2.4908,2000,,proportional hazards,,,,overlap-weighted cause-specific Cox; full individual score-residual sandwich,strict rerun completed,.\analysis\strict_cox_rerun\strict_primary_summary_72_rows.csv
218,primary Cox,low_bladder,low_bladder,0.75,0.85,0.33,1.0,50000,2.6917,2.4908,2000,,proportional hazards,,,,overlap-weighted cause-specific Cox; full individual score-residual sandwich,strict rerun completed,.\analysis\strict_cox_rerun\strict_primary_summary_72_rows.csv
219,primary Cox,low_bladder,low_bladder,0.75,0.85,0.33,0.85,50000,2.6917,2.4908,2000,,proportional hazards,,,,overlap-weighted cause-specific Cox; full individual score-residual sandwich,strict rerun completed,.\analysis\strict_cox_rerun\strict_primary_summary_72_rows.csv
301,QBA,qba,primary scenario 3,1.0,1.0,1.0,0.85,5000,-0.8,-0.5,5000,,"oracle calibration n=1,000,000 x 100",,,,analytic Normal bias convolution using strict Cox SE; four prior families,strict calibration and reanalysis completed,.\analysis\strict_qba\strict_qba_summary_36_rows.csv
302,QBA,qba,primary scenario 7,1.0,1.0,0.5,0.85,5000,-0.8,-0.5,5000,,"oracle calibration n=1,000,000 x 100",,,,analytic Normal bias convolution using strict Cox SE; four prior families,strict calibration and reanalysis completed,.\analysis\strict_qba\strict_qba_summary_36_rows.csv
303,QBA,qba,primary scenario 11,1.0,1.0,0.33,0.85,5000,-0.8,-0.5,5000,,"oracle calibration n=1,000,000 x 100",,,,analytic Normal bias convolution using strict Cox SE; four prior families,strict calibration and reanalysis completed,.\analysis\strict_qba\strict_qba_summary_36_rows.csv
304,QBA,qba,primary scenario 15,0.9,0.9,1.0,0.85,5000,-0.8,-0.5,5000,,"oracle calibration n=1,000,000 x 100",,,,analytic Normal bias convolution using strict Cox SE; four prior families,strict calibration and reanalysis completed,.\analysis\strict_qba\strict_qba_summary_36_rows.csv
305,QBA,qba,primary scenario 19,0.9,0.9,0.5,0.85,5000,-0.8,-0.5,5000,,"oracle calibration n=1,000,000 x 100",,,,analytic Normal bias convolution using strict Cox SE; four prior families,strict calibration and reanalysis completed,.\analysis\strict_qba\strict_qba_summary_36_rows.csv
306,QBA,qba,primary scenario 23,0.9,0.9,0.33,0.85,5000,-0.8,-0.5,5000,,"oracle calibration n=1,000,000 x 100",,,,analytic Normal bias convolution using strict Cox SE; four prior families,strict calibration and reanalysis completed,.\analysis\strict_qba\strict_qba_summary_36_rows.csv
307,QBA,qba,primary scenario 27,0.75,0.85,1.0,0.85,5000,-0.8,-0.5,5000,,"oracle calibration n=1,000,000 x 100",,,,analytic Normal bias convolution using strict Cox SE; four prior families,strict calibration and reanalysis completed,.\analysis\strict_qba\strict_qba_summary_36_rows.csv
308,QBA,qba,primary scenario 31,0.75,0.85,0.5,0.85,5000,-0.8,-0.5,5000,,"oracle calibration n=1,000,000 x 100",,,,analytic Normal bias convolution using strict Cox SE; four prior families,strict calibration and reanalysis completed,.\analysis\strict_qba\strict_qba_summary_36_rows.csv
309,QBA,qba,primary scenario 35,0.75,0.85,0.33,0.85,5000,-0.8,-0.5,5000,,"oracle calibration n=1,000,000 x 100",,,,analytic Normal bias convolution using strict Cox SE; four prior families,strict calibration and reanalysis completed,.\analysis\strict_qba\strict_qba_summary_36_rows.csv
901,H2 boundary,h2,no_direct_effect_under_confounding,0.9,0.9,0.5,0.85,50000,-0.8,-0.5,2000,,no direct effect; shared confounding present,0.5,1.0,1.0,other-cause overlap-weighted Cox; full individual score-residual sandwich,strict rerun completed,.\analysis\strict_cox_rerun\strict_h2_summary_7_rows.csv
902,H2 boundary,h2,harmful_early,0.9,0.9,0.5,0.85,50000,-0.8,-0.5,2000,,harmful multiplier 1.5 during 0-0.5 years,0.5,1.5,1.0,other-cause overlap-weighted Cox; full individual score-residual sandwich,strict rerun completed,.\analysis\strict_cox_rerun\strict_h2_summary_7_rows.csv
903,H2 boundary,h2,harmful_sustained,0.9,0.9,0.5,0.85,50000,-0.8,-0.5,2000,,harmful multiplier 1.5 throughout,0.5,1.5,1.5,other-cause overlap-weighted Cox; full individual score-residual sandwich,strict rerun completed,.\analysis\strict_cox_rerun\strict_h2_summary_7_rows.csv
904,H2 boundary,h2,protective_early,0.9,0.9,0.5,0.85,50000,-0.8,-0.5,2000,,protective multiplier 0.67 during 0-0.5 years,0.5,0.67,1.0,other-cause overlap-weighted Cox; full individual score-residual sandwich,strict rerun completed,.\analysis\strict_cox_rerun\strict_h2_summary_7_rows.csv
905,H2 boundary,h2,protective_sustained,0.9,0.9,0.5,0.85,50000,-0.8,-0.5,2000,,protective multiplier 0.67 throughout,0.5,0.67,0.67,other-cause overlap-weighted Cox; full individual score-residual sandwich,strict rerun completed,.\analysis\strict_cox_rerun\strict_h2_summary_7_rows.csv
906,H2 boundary,h2,harmful_early_low_event,0.9,0.9,0.5,0.85,50000,4.2074,3.1726,2000,,harmful early multiplier in CRC-anchored low-event regime,0.5,1.5,1.0,other-cause overlap-weighted Cox; full individual score-residual sandwich,strict rerun completed,.\analysis\strict_cox_rerun\strict_h2_summary_7_rows.csv
907,H2 boundary,h2,null_no_confounding,0.9,0.9,1.0,0.85,50000,-0.8,-0.5,2000,,no direct effect and no shared confounding,0.5,1.0,1.0,other-cause overlap-weighted Cox; full individual score-residual sandwich,strict rerun completed,.\analysis\strict_cox_rerun\strict_h2_summary_7_rows.csv
1001,pRMST sensitivity,rmst,proportional hazards,1.0,1.0,1.0,0.85,5000,-0.8,-0.5,1000,1000.0,proportional hazards,,,,overlap-weighted Aalen-Johansen pRMST; archived bootstrap CIs rescored against standard true-strategy ATO truth,"truth corrected and 12,000 archived intervals rescored",.\analysis\rmst_standard_ato\rmst_standard_ato_rescored_12_scenarios.csv
1002,pRMST sensitivity,rmst,proportional hazards,1.0,1.0,0.5,0.85,5000,-0.8,-0.5,1000,1000.0,proportional hazards,,,,overlap-weighted Aalen-Johansen pRMST; archived bootstrap CIs rescored against standard true-strategy ATO truth,"truth corrected and 12,000 archived intervals rescored",.\analysis\rmst_standard_ato\rmst_standard_ato_rescored_12_scenarios.csv
1003,pRMST sensitivity,rmst,proportional hazards,1.0,1.0,0.33,0.85,5000,-0.8,-0.5,1000,1000.0,proportional hazards,,,,overlap-weighted Aalen-Johansen pRMST; archived bootstrap CIs rescored against standard true-strategy ATO truth,"truth corrected and 12,000 archived intervals rescored",.\analysis\rmst_standard_ato\rmst_standard_ato_rescored_12_scenarios.csv
1004,pRMST sensitivity,rmst,proportional hazards,0.9,0.9,1.0,0.85,5000,-0.8,-0.5,1000,1000.0,proportional hazards,,,,overlap-weighted Aalen-Johansen pRMST; archived bootstrap CIs rescored against standard true-strategy ATO truth,"truth corrected and 12,000 archived intervals rescored",.\analysis\rmst_standard_ato\rmst_standard_ato_rescored_12_scenarios.csv
1005,pRMST sensitivity,rmst,proportional hazards,0.9,0.9,0.5,0.85,5000,-0.8,-0.5,1000,1000.0,proportional hazards,,,,overlap-weighted Aalen-Johansen pRMST; archived bootstrap CIs rescored against standard true-strategy ATO truth,"truth corrected and 12,000 archived intervals rescored",.\analysis\rmst_standard_ato\rmst_standard_ato_rescored_12_scenarios.csv
1006,pRMST sensitivity,rmst,proportional hazards,0.9,0.9,0.33,0.85,5000,-0.8,-0.5,1000,1000.0,proportional hazards,,,,overlap-weighted Aalen-Johansen pRMST; archived bootstrap CIs rescored against standard true-strategy ATO truth,"truth corrected and 12,000 archived intervals rescored",.\analysis\rmst_standard_ato\rmst_standard_ato_rescored_12_scenarios.csv
1007,pRMST sensitivity,rmst,proportional hazards,0.75,0.85,1.0,0.85,5000,-0.8,-0.5,1000,1000.0,proportional hazards,,,,overlap-weighted Aalen-Johansen pRMST; archived bootstrap CIs rescored against standard true-strategy ATO truth,"truth corrected and 12,000 archived intervals rescored",.\analysis\rmst_standard_ato\rmst_standard_ato_rescored_12_scenarios.csv
1008,pRMST sensitivity,rmst,proportional hazards,0.75,0.85,0.5,0.85,5000,-0.8,-0.5,1000,1000.0,proportional hazards,,,,overlap-weighted Aalen-Johansen pRMST; archived bootstrap CIs rescored against standard true-strategy ATO truth,"truth corrected and 12,000 archived intervals rescored",.\analysis\rmst_standard_ato\rmst_standard_ato_rescored_12_scenarios.csv
1009,pRMST sensitivity,rmst,proportional hazards,0.75,0.85,0.33,0.85,5000,-0.8,-0.5,1000,1000.0,proportional hazards,,,,overlap-weighted Aalen-Johansen pRMST; archived bootstrap CIs rescored against standard true-strategy ATO truth,"truth corrected and 12,000 archived intervals rescored",.\analysis\rmst_standard_ato\rmst_standard_ato_rescored_12_scenarios.csv
1010,pRMST sensitivity,rmst,"early benefit, then null",0.9,0.9,0.5,,5000,-0.8,-0.5,1000,1000.0,"early benefit, then null",1.0,0.7,1.0,overlap-weighted Aalen-Johansen pRMST; archived bootstrap CIs rescored against standard true-strategy ATO truth,"truth corrected and 12,000 archived intervals rescored",.\analysis\rmst_standard_ato\rmst_standard_ato_rescored_12_scenarios.csv
1011,pRMST sensitivity,rmst,delayed intensification of benefit,0.9,0.9,0.5,,5000,-0.8,-0.5,1000,1000.0,delayed intensification of benefit,3.0,0.6,0.3,overlap-weighted Aalen-Johansen pRMST; archived bootstrap CIs rescored against standard true-strategy ATO truth,"truth corrected and 12,000 archived intervals rescored",.\analysis\rmst_standard_ato\rmst_standard_ato_rescored_12_scenarios.csv
1012,pRMST sensitivity,rmst,"early harm, later benefit",0.9,0.9,0.5,,5000,-0.8,-0.5,1000,1000.0,"early harm, later benefit",2.0,1.3,0.8,overlap-weighted Aalen-Johansen pRMST; archived bootstrap CIs rescored against standard true-strategy ATO truth,"truth corrected and 12,000 archived intervals rescored",.\analysis\rmst_standard_ato\rmst_standard_ato_rescored_12_scenarios.csv
