Se,Sp,uhr,B
0.868612231856985,0.8396167802321268,0.4479495459472796,-0.0297263376489818
0.910574835971928,0.8986063755374977,0.4033616051582019,-0.0729943599192259
0.7423163503647634,0.891828405589022,0.5216321504706116,-0.0018738641947998
0.8620721940801261,0.8977161511683855,0.3505329173165439,-0.0669835390215743
0.8433712421590294,0.8914710917332556,0.216687027831149,-0.0953048850830652
0.8388337580532251,0.9310192285919144,0.3043163718017496,-0.0830570474429382
0.9086255392437288,0.8691518538100523,0.4371627238422521,-0.0596358281814758
0.8518920358367263,0.8777255886786085,0.2559388245495477,-0.0725875622135968
0.9003356529378757,0.9145457307968188,0.3281168839968951,-0.0897615469218048
0.9155935453406464,0.9215119007351196,0.4563379477800242,-0.0696208856906502
0.7989218389895384,0.927346650890052,0.2661727768068299,-0.0953224039788255
0.8470468291299342,0.887686174336068,0.4869232491332405,-0.037888207143251
0.8353218116979485,0.9216536830850316,0.4366184081390913,-0.0538363526945077
0.8362018766744754,0.8680445866940675,0.3445799248901053,-0.0462778031060878
0.8481288328298072,0.9024410540169592,0.3983934484776932,-0.0632614065841645
0.8721724960600472,0.887841938086092,0.3529578155097136,-0.0772661343928897
0.7793042502291809,0.8695563415462553,0.3631562877596249,-0.0431006187151997
0.9029458012919976,0.9515935140616918,0.370035767852948,-0.0919864200763818
0.9002881501418548,0.9040541130374578,0.4044146113790137,-0.0762749708766148
0.911611154747202,0.918899841116776,0.3935872107447706,-0.0886737584806937
0.9239160064222728,0.9505420371940873,0.3283167253709212,-0.1082124781298011
0.891788868372115,0.9063663369774072,0.3047917453589113,-0.0982526149449676
0.8728878183336738,0.8905418471562927,0.6087753875867464,-0.0239145737278645
0.8571504927032796,0.8889105428686866,0.2927224681014754,-0.0777620834815241
0.8909566473520911,0.9165058897520084,0.3872219891415718,-0.0814954804303924
0.8572763355011856,0.9150090407750407,0.5219567227929469,-0.0441091358149596
0.8552420873062135,0.9015300140077028,0.5011538598422286,-0.0478841886593239
0.7652632786182043,0.9259211068277,0.3299643434817837,-0.0606201387728658
0.8339452056772936,0.8663286481117312,0.6022350214812057,-0.0060906844353681
0.8760398753273866,0.9233353403918486,0.578353908798218,-0.0241824985778254
0.7756222681015345,0.9269261727776236,0.3710336964989303,-0.0598840860160666
0.8540875586970627,0.8819858062184219,0.2791490868024777,-0.0877798475272027
0.8528637778927494,0.8976443707379237,0.4652660375000222,-0.0410492785993722
0.8915934355708341,0.9169234654043624,0.3842181137165499,-0.0810594341723739
0.8058188639983762,0.9046482614882736,0.3732250140363622,-0.0536965037054021
0.9474582004607862,0.8801704322264781,0.3218465312032526,-0.0922305314005095
0.8691453977556426,0.8971544958548665,0.342764984758844,-0.0691875981702844
0.8119756234355116,0.9193102047399913,0.4186491499632825,-0.0542654410205893
0.7687334116921508,0.9307595995372202,0.4919905106668686,-0.0326962126132976
0.834551148318792,0.9325849902818132,0.1959569194774968,-0.1204248613417894
0.8757131145401738,0.9063479650623738,0.1654597148313981,-0.1266700276543994
0.8545139884765574,0.8418366726131253,0.4984892732328445,-0.0293551551793001
0.7812758570596059,0.8871283133431063,0.3180987790224407,-0.0482710222226889
0.7907094594668576,0.9339501643469774,0.4711548725448402,-0.051486750754138
0.8491413155167711,0.9230143101987104,0.4130972888509041,-0.0596115801598365
0.8520236187030551,0.893868812373827,0.5266581460143172,-0.0254948370122701
0.8626359002117566,0.9643921745364248,0.4929781658145679,-0.0591903678285581
0.8381896448858301,0.9032917050372736,0.3747189156255315,-0.0598265402019236
0.8203139871399989,0.8731415437906173,0.3862895053713399,-0.0488472439304312
0.7996638092851379,0.8724105013814228,0.4342327130973161,-0.0402564783378627
0.9328419896461608,0.9221850735493546,0.4764954671936862,-0.0687442321090909
0.8725929872475403,0.8624928372128009,0.3398416689127521,-0.0640091867350522
0.8435565320019707,0.8807204247878364,0.2510687985081276,-0.0723294360428139
0.8974854047453248,0.89790983530259,0.4125686455039425,-0.0571449869914794
0.8722701243873283,0.8973226977398913,0.3979629952627365,-0.0595765312204317
0.8571454593905398,0.8674320192057273,0.3867552860183863,-0.044675334156092
0.8934068420339808,0.928627030197344,0.3027718807083674,-0.0995922406032577
0.8746976130706233,0.9513062212472244,0.4627345187409498,-0.0721570020465663
0.7432272613559303,0.9143540613133236,0.2301967271685511,-0.0861983486656206
0.92726347254452,0.8991296415295033,0.354127379019109,-0.0934343494833206
0.8026656996119228,0.8966136970116937,0.5313566850408623,-0.0215668517890103
0.8299095600008605,0.8829637614636164,0.2917137327105563,-0.0836349176667328
0.8282993672032488,0.9100915841324998,0.443950275039278,-0.0458266910095002
0.8516038533202717,0.8978434123799844,0.4475253209307429,-0.047208664586209
0.8975938959488164,0.953118849151601,0.4451415763837482,-0.0774274235176126
0.6446421675607783,0.9099060890197412,0.2355640920990706,-0.042160354299092
0.8880775229857832,0.8633510722795751,0.5033293200649847,-0.0334780104992797
0.851053917924598,0.8808422219309447,0.4169613744937911,-0.0582532049594274
0.8741794427006545,0.9030226418013726,0.4518839810361533,-0.0526427697141478
0.8979568823096512,0.7974404584312199,0.4332608625543204,-0.0433618337658976
0.8481001540717062,0.9167305194236244,0.4088052600407176,-0.0793149088055028
0.9202621907614058,0.9086690342388886,0.5245211534269243,-0.0587866816199434
0.6812221695104296,0.8986691175565216,0.5462624497234012,-0.0002687220557903
0.9092018429180008,0.9269796619064912,0.2173968094649443,-0.1231061103727859
0.8848704966667669,0.9240459811190844,0.3252720420404537,-0.092592350159781
0.8462098807877961,0.8970144652062125,0.3862522118113914,-0.0517634492109664
0.8429895850802682,0.9375013150272616,0.1865051024011833,-0.1036743820919125
0.8501986265987718,0.8462810390581665,0.5490805614476691,-0.0227983398966429
0.8680640808702764,0.9181430797206837,0.3257661326385456,-0.093514023135729
0.8770636426522103,0.9564169701569688,0.4592543522316785,-0.0714553789624629
0.8035461638963487,0.8567882746507474,0.4248496291431833,-0.0195933099517811
0.8933588221998318,0.9321479848978098,0.3815088716609867,-0.0911722969762265
0.928905740547476,0.867860363922632,0.3026580091405775,-0.0965680116577485
0.8602060650427676,0.8583828174787054,0.3671504175780692,-0.0600819923265944
0.8950092558517503,0.8733762207377004,0.4123258214582266,-0.0623088886976299
0.8947831484992474,0.9037942197015656,0.4816016863953219,-0.0447863310954069
0.8880826723279578,0.9037960555337065,0.3829676550382813,-0.0632363934867827
0.8346201430342851,0.90998213524112,0.3639008764186154,-0.0692677957479707
0.9279881758251096,0.8841862229650113,0.3786681247279914,-0.0659849541041256
0.7963526840935873,0.8932945148156846,0.5333297624984439,-0.0127491975677792
0.7956547193437083,0.9229141543913004,0.432396005456968,-0.0553377372936743
0.8607712062753274,0.8816532885452808,0.3362484475713705,-0.0782052779904872
0.8734228229546234,0.8978493221559131,0.2777586994508036,-0.0877022308532292
0.8904340289921593,0.9022091019317736,0.3625550908157705,-0.0846110403169152
0.8187840145933412,0.897964774917344,0.3125497119364234,-0.0523916971376309
0.8634023260915691,0.881506788416366,0.3616086452763845,-0.0737734504328334
0.8827206604983173,0.9104879302265292,0.5389487316866193,-0.0422552538708744
0.8799325552079115,0.8558147506674921,0.4724819693039132,-0.0435827842204283
0.7290005811550624,0.9072551584585664,0.4262480803974701,-0.0370058022419828
0.8815019422964334,0.910420589128202,0.443802031794149,-0.0690942164166725
0.7571158050633982,0.8725605074659727,0.5753565624955557,0.0031614803074559
0.7570997980772115,0.9221181779970928,0.2900612577994633,-0.0766965116622145
0.8876723915892505,0.9136295114215846,0.4478907034459836,-0.0618492408063965
0.9441526605493142,0.9184588909310004,0.383078522708315,-0.0961924871177523
0.7813375277976643,0.8617603356030181,0.4175137327307864,-0.0326596672834361
0.8262857127866405,0.9347897137041802,0.4107018997617566,-0.0677789074623365
0.7626515560578788,0.8913909344328906,0.3718580792295081,-0.0375288228058126
0.8516595237604645,0.9504592126930028,0.4574970186543746,-0.0643985612774923
0.8790509380224008,0.9286375983776928,0.1880209492349682,-0.1355912875725808
0.8040981011325052,0.9160296819604412,0.4322547197922221,-0.0525078922629097
0.8305819092733715,0.9390907041278008,0.4711169836860867,-0.0528136052439893
0.8774822860684164,0.8607635225683969,0.3083396819952667,-0.0725519917379545
0.8683871091580204,0.8871693523828099,0.3061433503873483,-0.0775850440403483
0.8406692450220057,0.8876036746991195,0.593663753205635,-0.0226907844039704
0.9190032874733108,0.8950171247116862,0.3141570067287705,-0.0897362915326824
0.8035803484435808,0.801554185515954,0.3658661775936999,-0.018048541195455
0.7535500005381323,0.9074437787357952,0.3265746163910411,-0.0473043133943269
0.8016219484527429,0.8776801267962794,0.3425969168050368,-0.0545702283656481
0.8423527764312841,0.8239385898826368,0.3366818241525618,-0.0411609852653457
0.7838433091054802,0.8549592681320932,0.1932965187712347,-0.0678842218358962
0.8012674734788764,0.9416639755378132,0.6405097588154018,-0.018962900992336
0.8193892956758567,0.919123138763236,0.3311238072602616,-0.0695520042628602
0.8188592101417839,0.8058515487791319,0.4411962859993832,-0.015141080646289
0.8488899644453854,0.8756067597079824,0.3953997632142589,-0.0504128285920237
0.8745711952208522,0.8773147149296102,0.5374996837268621,-0.0293968357299863
0.794571298481265,0.9611944180811752,0.4722309111866444,-0.0446580753352613
0.859242101262153,0.9108794299884436,0.5157141155327164,-0.0360932049825779
0.7876447021264075,0.8929937622782981,0.5193625645810352,-0.022755136521485
0.8552429020123563,0.8308165851354945,0.4867476127378388,-0.0355539891439895
0.8310394832709929,0.8517912122370133,0.406544309512099,-0.0344049114847493
0.8978601853404903,0.8873903486786809,0.4936856181400125,-0.0446905893942706
0.847561537247703,0.8790222408699269,0.2447914515875489,-0.0803582914308444
0.8331727506487442,0.8880379701283739,0.4914755738401209,-0.0344025698395095
0.8963568371152769,0.8899535913246879,0.4727536159716028,-0.0582265455899689
0.9356574501766014,0.9371894612691956,0.4332994668558729,-0.0920431534147483
0.8662497977263838,0.9374421957933564,0.2707528373379682,-0.0950466152643772
0.8522661165028623,0.8842360778642248,0.5357299472132524,-0.0323051133027585
0.9187743868792878,0.8883818644861724,0.3361277623470231,-0.0907370398605161
0.8341675091987216,0.8829985986656339,0.4653490477680091,-0.0318516180082619
0.8757981100585461,0.889309651852223,0.2193123620874971,-0.1116729637945637
0.7109095537241807,0.8846085429239718,0.3852722841105692,-0.0111978743886228
0.6710171524764745,0.953077951734062,0.3387033860534911,-0.0510425305564853
0.8829010523818474,0.834455580228424,0.3256497098964677,-0.0576280500142325
0.900825003403879,0.884862917723458,0.3368515310030718,-0.096618249371561
0.86463175214337,0.9074946665534191,0.5795861730809001,-0.036637979360767
0.8671511457293389,0.9504364691787804,0.3995047481930822,-0.084188132308915
0.8333454603950443,0.8346533919014173,0.4367447376772821,-0.0106792433213906
0.906178521986276,0.9159181206332384,0.6151447797057886,-0.0198843103632365
0.8530870542866033,0.9249949737757708,0.2605214897546193,-0.1019010431056412
0.8256488710992276,0.8967702858597554,0.554932998096352,-0.0203910586512346
0.7694714190650667,0.8911895607266431,0.3660050923962812,-0.0446703380545034
0.7891548626417874,0.9183761494694308,0.3403381075266488,-0.04650566567872
0.8702576042907771,0.914167975904361,0.3619939909389316,-0.074301278907675
0.8901695610812199,0.9268046409784556,0.222778414661132,-0.1299357554958478
0.836658019388476,0.915257916096648,0.2502865411827215,-0.0968224703919051
0.7838936280892429,0.8991820587387678,0.2899271884542675,-0.0636520046529194
0.8782073150573755,0.9376467099149116,0.3468412426212337,-0.0978573966542944
0.8530933679996402,0.8412072987282216,0.4736521048552617,-0.0292563501448595
0.9444965511643209,0.937975046782728,0.5105666549390508,-0.0707100685914957
0.8733635340730413,0.8825547146978665,0.3659355371859587,-0.0766192423298804
0.7876695269744448,0.8333403854356239,0.4395028245198447,-0.0139792274070355
0.8755053280645618,0.9143065354341928,0.4458069285997991,-0.0684591386543303
0.9208446284837352,0.8804401231882434,0.3797251537325011,-0.0723643359135514
0.8243489573587026,0.926594310233992,0.4251327426132345,-0.0515932874010352
0.8606672288716115,0.901659087552638,0.3437847887173101,-0.0793608882596155
0.8365816783591827,0.9465887309058544,0.4576190288292558,-0.0631660598799925
0.7371892800764077,0.9066731570979696,0.380014422750042,-0.0405425405947873
0.8707228016449837,0.9073137735682616,0.4062474577536752,-0.0586776779206359
0.8611923308017134,0.9379000409828464,0.4276689346652134,-0.068812911561719
0.8099923931454162,0.9132239949631245,0.4168006509441612,-0.0578322015320118
0.7826085905015856,0.892091252622189,0.331053728077019,-0.0492178766680658
0.9150523870239148,0.8591893329490919,0.2681557343820085,-0.0950762677873408
0.8798269544985762,0.9345823574265828,0.3955136936252963,-0.073897298349468
0.7982624436729604,0.9626386736101242,0.3458213591865097,-0.0820972315220633
0.8082745777765256,0.9041813007012494,0.3493662756468736,-0.0600498000159301
0.8843487260992164,0.9295806418408672,0.3916859145413053,-0.0817242767748379
0.8256676902087893,0.8940918845100485,0.3314258793663625,-0.061544838722736
0.7814877867441921,0.8937960894118355,0.4466358678904512,-0.029618318565779
0.6112493089393032,0.8571151985463746,0.441756523746779,0.0290989352983372
0.8643274482097512,0.9180679381318698,0.312538811200384,-0.0878600442042221
0.8631757989946379,0.8173926165575381,0.4386919058820392,-0.0278559311488619
0.8494681182314593,0.9571488888460232,0.306472331575362,-0.0980326380222117
0.8960969945244561,0.8255648080900002,0.4737617658430543,-0.0246344050788418
0.858917273445711,0.9086126141076676,0.4634745677129621,-0.0495906345236052
0.7993193711018688,0.8964004435746745,0.4006988899152642,-0.0440742375012429
0.9194354854287176,0.8809299896727107,0.4903769233544611,-0.0560052593426849
0.9223849745800432,0.8886421905106998,0.5035387661248193,-0.0537723247824143
0.7971061939403201,0.9130581721313208,0.445892123815797,-0.0330747668833191
0.8218633845928862,0.8430221336354141,0.2192239281025489,-0.0684020120702759
0.8984888360402862,0.8837187328887731,0.4147632814457127,-0.0634922435358907
0.8555282055956475,0.9060877224967278,0.4215502509052223,-0.0661021125118437
0.8054479726153235,0.8923391939511427,0.481736269183531,-0.0318649465288045
0.8599678716557364,0.904439101949834,0.3035836674277789,-0.0816520583251467
0.8465618552576585,0.878708767922577,0.4715327148022503,-0.0326382663968125
0.8697272854255476,0.9017716159890355,0.4364824479708344,-0.0624562110286746
0.83213289854529,0.9404854082377564,0.4418220630088782,-0.0704420338886882
0.8214843275452363,0.8378163233496433,0.2780068804175453,-0.0555920524563
0.8817746991038254,0.8889950431556634,0.3152797674869808,-0.081568826860575
0.9289850231348435,0.8927359462084749,0.5138649781324933,-0.0594995269913729
0.8866451937440554,0.900418068833494,0.483531764823116,-0.0373970696575347
