scenario_id,family,module,anchor,se,sp,uhr,eff,n,eta_c0,eta_o0,estimand,method,planned_reps,master_seed,scenario_seed,median_HR_c,median_HR_naive,median_HR_o,bias_logHR_c,median_HR_percent_error_c,empirical_SE,avg_model_SE,rmse_c,coverage_c,coverage_naive,median_interval_width_log,directional_signal_rate,median_cross_ratio,mcse_bias,mcse_coverage,mcse_signal,successful,failed,failure_rate,convergence_warnings
1,main_hi,primary,,1.0,1.0,1.0,1.0,5000,-0.8,-0.5,logHR_cancer_overlap,overlap_weighted_cox,5000,20260817,1269503018,0.999456020265673,0.9997411817265136,1.0008532046444423,-5.408446005616709e-05,-0.054397973432696034,0.0395032151547321,0.039802819535582616,0.03949930166329987,0.9512,0.9536,0.15598134998269675,0.0208,0.9982757377843471,0.0005586598262916452,0.0030469184432800286,0.0020182844199963493,5000,0,0.0,0
2,main_hi,primary,,1.0,1.0,1.0,1.0,50000,-0.8,-0.5,logHR_cancer_overlap,overlap_weighted_cox,5000,20260817,3405241100,1.0004500837666788,1.0003194726932487,0.9999475021178443,0.000146875212634733,0.045008376667876604,0.012370857278436103,0.012578983098555244,0.012370492088415938,0.9528,0.9522,0.0493073966457598,0.0276,1.0003168585635953,0.00017495034141346252,0.002999071856424918,0.0023168185082133646,5000,0,0.0,0
3,main_hi,primary,,1.0,1.0,1.0,0.85,5000,-0.8,-0.5,logHR_cancer_overlap,overlap_weighted_cox,5000,20260817,1705465395,0.8498846030881859,0.8499860723483408,1.0007524773845706,-0.00019337528559091512,-0.01357610727224218,0.04036940797969521,0.04074586700733052,0.04036583402844578,0.9528,0.9508,0.15969366551595834,0.0224,0.8495653979560349,0.0005709096426985761,0.002999071856424918,0.002092760855903034,5000,0,0.0,0
4,main_hi,primary,,1.0,1.0,1.0,0.85,50000,-0.8,-0.5,logHR_cancer_overlap,overlap_weighted_cox,5000,20260817,1479637334,0.8499989417697298,0.8501238440814567,1.000040047572843,4.049435193855475e-05,-0.00012449767884588591,0.01293794718960791,0.012873959357313567,0.012936716707809827,0.9486,0.9498,0.05046483349688405,0.0274,0.849849024145769,0.00018297020384810375,0.0031227564746550444,0.002308646356634121,5000,0,0.0,0
5,main_hi,primary,,1.0,1.0,0.5,1.0,5000,-0.8,-0.5,logHR_cancer_overlap,overlap_weighted_cox,5000,20260817,2852892794,0.8901681220840421,0.8943695847437452,0.8901452569905337,-0.11588007859410368,-10.983187791595794,0.041032756420942035,0.040257268368956406,0.12292901600946828,0.1818,0.1956,0.15777604029521314,0.7056,1.0009428256461865,0.0005802908063204793,0.005454333323147752,0.006445597567332295,5000,0,0.0,0
6,main_hi,primary,,1.0,1.0,0.5,1.0,50000,-0.8,-0.5,logHR_cancer_overlap,overlap_weighted_cox,5000,20260817,128509959,0.8905841130470648,0.8940972240520919,0.8901193312378105,-0.11572395551126846,-10.941588695293525,0.012734354558620774,0.0127193858551441,0.11642235709880426,0.0,0.0,0.0498600847506365,1.0,1.0004572443972637,0.00018009096924869147,0.0,0.0,5000,0,0.0,0
7,main_hi,primary,,1.0,1.0,0.5,0.85,5000,-0.8,-0.5,logHR_cancer_overlap,overlap_weighted_cox,5000,20260817,4190124856,0.7626768950689076,0.7655325824679811,0.8969550059293491,-0.10841252363920971,-10.27330646248146,0.041039128142952366,0.04127459566241423,0.11591871496246033,0.2454,0.2678,0.1617651975470245,0.6618,0.8513150572783311,0.000580380916077306,0.006085701931576997,0.006690601766657465,5000,0,0.0,0
8,main_hi,primary,,1.0,1.0,0.5,0.85,50000,-0.8,-0.5,logHR_cancer_overlap,overlap_weighted_cox,5000,20260817,1363535968,0.7630906655144019,0.7661340702020769,0.8972039273145338,-0.10798297803257347,-10.224627586540956,0.01277836896272263,0.013042390912176762,0.10873627545942542,0.0,0.0,0.05112412145184708,1.0,0.8503375806477091,0.00018071342692089763,0.0,0.0,5000,0,0.0,0
9,main_hi,primary,,1.0,1.0,0.33,1.0,5000,-0.8,-0.5,logHR_cancer_overlap,overlap_weighted_cox,5000,20260817,2605238670,0.8420887018705123,0.8472549645713681,0.8417074269306606,-0.17176360207079583,-15.791129812948768,0.04063699392606293,0.040648802733940136,0.17650430589259433,0.0112,0.0132,0.15931554698240968,0.9498,1.0002686775033625,0.0005746938794431128,0.001488258042141886,0.003088040155179334,5000,0,0.0,0
10,main_hi,primary,,1.0,1.0,0.33,1.0,50000,-0.8,-0.5,logHR_cancer_overlap,overlap_weighted_cox,5000,20260817,956976107,0.8425307965980497,0.8475718349737346,0.8419991510600932,-0.17181525117682478,-15.746920340195025,0.0130600493818364,0.012846710440663605,0.17231079859902404,0.0,0.0,0.050358102513239536,1.0,1.000450971615877,0.0001846969896105539,0.0,0.0,5000,0,0.0,0
11,main_hi,primary,,1.0,1.0,0.33,0.85,5000,-0.8,-0.5,logHR_cancer_overlap,overlap_weighted_cox,5000,20260817,1710890882,0.7269665093969674,0.7314169054187332,0.8552607911190115,-0.15574479097178784,-14.474528306239128,0.04172456070229102,0.041688482255002865,0.16123594727247365,0.0414,0.0498,0.16342258100753515,0.927,0.8501861632409016,0.0005900743962923943,0.002817305095299407,0.003678885700861063,5000,0,0.0,0
12,main_hi,primary,,1.0,1.0,0.33,0.85,50000,-0.8,-0.5,logHR_cancer_overlap,overlap_weighted_cox,5000,20260817,1319130456,0.7270595141569868,0.7316534359353644,0.8551335728953404,-0.15620682359223523,-14.46358656976626,0.013251414891853962,0.013173013291594555,0.15676777925776847,0.0,0.0,0.05163730846511677,1.0,0.8499262922715065,0.00018740330660692672,0.0,0.0,5000,0,0.0,0
13,main_hi,primary,,0.9,0.9,1.0,1.0,5000,-0.8,-0.5,logHR_cancer_overlap,overlap_weighted_cox,5000,20260817,972130327,0.9998177504133288,1.000163154279583,0.9999863214987039,-7.387856943601791e-05,-0.01822495866712348,0.03938322157519446,0.039447352960630476,0.03937935235698469,0.9492,0.949,0.1546248029153347,0.0246,0.999718327603765,0.0005569628608158469,0.003105458420265838,0.0021906546966603386,5000,0,0.0,0
14,main_hi,primary,,0.9,0.9,1.0,1.0,50000,-0.8,-0.5,logHR_cancer_overlap,overlap_weighted_cox,5000,20260817,300294571,1.0000720308022846,1.000034975621738,0.9999239645138519,-8.409016756090592e-05,0.0072030802284572815,0.012285394249452523,0.012462871968788047,0.012284453461118595,0.9516,0.9484,0.048855150203391984,0.0242,1.0000957400293382,0.0001737417116667619,0.0030350433275325743,0.0021732169703000204,5000,0,0.0,0
15,main_hi,primary,,0.9,0.9,1.0,0.85,5000,-0.8,-0.5,logHR_cancer_overlap,overlap_weighted_cox,5000,20260817,184379484,0.8800513299258625,0.8787174288774151,0.999085599861621,0.03499521209599566,3.5354505795132436,0.03985421775648499,0.04027446709101194,0.05303494952284246,0.8574,0.8648,0.15786591642081987,0.0224,0.8811257507224339,0.000563623752689917,0.004945002325580847,0.002092760855903034,5000,0,0.0,0
16,main_hi,primary,,0.9,0.9,1.0,0.85,50000,-0.8,-0.5,logHR_cancer_overlap,overlap_weighted_cox,5000,20260817,2636532921,0.8803434329654918,0.8788572874875842,1.0004934390714693,0.03512054286135832,3.5698156429990355,0.012506431352852823,0.012726361621153181,0.037280451632123374,0.2044,0.2316,0.04988679804627673,0.0222,0.8800343624278534,0.00017686764836092556,0.005702992898470065,0.002083610328252382,5000,0,0.0,0
17,main_hi,primary,,0.9,0.9,0.5,1.0,5000,-0.8,-0.5,logHR_cancer_overlap,overlap_weighted_cox,5000,20260817,2612745165,0.9116658040011434,0.9138713595048928,0.9135379242871347,-0.09196056044554378,-8.833419599885662,0.04033899841634119,0.03985271101353544,0.10041739900900361,0.3634,0.369,0.15620252126520145,0.4978,0.9977968536394539,0.0005704795865293652,0.006802064980577589,0.007070999363597765,5000,0,0.0,0
18,main_hi,primary,,0.9,0.9,0.5,1.0,50000,-0.8,-0.5,logHR_cancer_overlap,overlap_weighted_cox,5000,20260817,3692586629,0.9129801362675034,0.9149899847632489,0.9127674533772216,-0.09088514287626313,-8.70198637324966,0.012533851238234901,0.012594089151795827,0.09174516446666602,0.0,0.0,0.04937060800004366,1.0,1.0002216268005848,0.00017725542409878606,0.0,0.0,5000,0,0.0,0
19,main_hi,primary,,0.9,0.9,0.5,0.85,5000,-0.8,-0.5,logHR_cancer_overlap,overlap_weighted_cox,5000,20260817,2268338296,0.8086135659715848,0.8096231867326569,0.9196557355034822,-0.04995763706170412,-4.868992238637074,0.04064140263053416,0.040752217178397054,0.06439843758853617,0.7684,0.7686,0.15974586292682252,0.4568,0.8797256105143116,0.0005747562279396699,0.005965927253998325,0.007044625753012008,5000,0,0.0,0
20,main_hi,primary,,0.9,0.9,0.5,0.85,50000,-0.8,-0.5,logHR_cancer_overlap,overlap_weighted_cox,5000,20260817,3352976826,0.808727778465746,0.8091595327175851,0.9186319711474844,-0.04961322332432545,-4.855555474618121,0.012996112220936707,0.012876120123203952,0.05128681196664499,0.03,0.0294,0.05047389716817688,1.0,0.8803671126251644,0.00018379278160971416,0.0024124676163629634,0.0,5000,0,0.0,0
21,main_hi,primary,,0.9,0.9,0.33,1.0,5000,-0.8,-0.5,logHR_cancer_overlap,overlap_weighted_cox,5000,20260817,666658930,0.8738986335875416,0.8764595692821384,0.873541017728662,-0.13496897922910417,-12.61013664124584,0.04010970761039294,0.040233381223588396,0.14080160596033214,0.0832,0.091,0.15769923878713082,0.8246,0.999240152740903,0.0005672369248543704,0.003905835634022507,0.005378379681651343,5000,0,0.0,0
22,main_hi,primary,,0.9,0.9,0.33,1.0,50000,-0.8,-0.5,logHR_cancer_overlap,overlap_weighted_cox,5000,20260817,2744545753,0.8740191850806462,0.876596515053257,0.873725824867984,-0.13470016328421722,-12.598081491935375,0.012820629843788005,0.012711584714445223,0.1353087937448128,0.0,0.0,0.04982965121089346,1.0,1.000187344046868,0.00018131108603250252,0.0,0.0,5000,0,0.0,0
23,main_hi,primary,,0.9,0.9,0.33,0.85,5000,-0.8,-0.5,logHR_cancer_overlap,overlap_weighted_cox,5000,20260817,1390767563,0.7782142346916578,0.7797652562059683,0.8856194274155231,-0.08802365253138815,-8.445384153922605,0.040716903599930736,0.0411429438688471,0.0969829782512625,0.4284,0.433,0.161249624663653,0.758,0.8791801613947889,0.0005758239728885994,0.006998191766449387,0.00605699595509193,5000,0,0.0,0
24,main_hi,primary,,0.9,0.9,0.33,0.85,50000,-0.8,-0.5,logHR_cancer_overlap,overlap_weighted_cox,5000,20260817,1851916202,0.7789046389065166,0.7801519912272095,0.8845173867392663,-0.08734936934263943,-8.3641601286451,0.012874122360220711,0.013000203836517017,0.08829282078684236,0.0,0.0,0.050960458129718195,1.0,0.8807670365475649,0.0001820675844547485,0.0,0.0,5000,0,0.0,0
25,main_hi,primary,,0.75,0.85,1.0,1.0,5000,-0.8,-0.5,logHR_cancer_overlap,overlap_weighted_cox,5000,20260817,2088437592,0.9990894670433418,0.998896464660014,0.9994127978735985,-0.000628758914411742,-0.09105329566582165,0.040159112625105596,0.03966728236554765,0.040160018846397486,0.9486,0.9474,0.15546900024708482,0.0256,1.0000382716921017,0.0005679356172729292,0.0031227564746550444,0.002233590830926739,5000,0,0.0,0
26,main_hi,primary,,0.75,0.85,1.0,1.0,50000,-0.8,-0.5,logHR_cancer_overlap,overlap_weighted_cox,5000,20260817,770843387,0.9997592237719962,0.99986066815804,0.999627429127926,-0.00016624239725468047,-0.024077622800378062,0.012555813062536999,0.012535151082708449,0.01255565802766575,0.9468,0.9468,0.04913847591638573,0.028,1.000145712367226,0.0001775660111966109,0.003173948959892078,0.0023330666514268295,5000,0,0.0,0
27,main_hi,primary,,0.75,0.85,1.0,0.85,5000,-0.8,-0.5,logHR_cancer_overlap,overlap_weighted_cox,5000,20260817,730609205,0.906925090065421,0.904859985992545,1.0002514382968446,0.06523970189457987,6.697069419461296,0.041111676438274077,0.040530509709687024,0.07711063875284055,0.6434,0.6562,0.15884480743739057,0.024,0.9071804488295852,0.0005814069039090161,0.006774015648048062,0.002164439881354989,5000,0,0.0,0
28,main_hi,primary,,0.75,0.85,1.0,0.85,50000,-0.8,-0.5,logHR_cancer_overlap,overlap_weighted_cox,5000,20260817,3314776866,0.9076564186000596,0.9058052126260858,1.000537787395093,0.06576269624221462,6.783108070595254,0.012654335992882508,0.012807964310143683,0.06696889136026268,0.0004,0.001,0.05020653242667622,0.0232,0.9069842750532672,0.0001789593358396045,0.00028278613827413816,0.0021289321266775977,5000,0,0.0,0
29,main_hi,primary,,0.75,0.85,0.5,1.0,5000,-0.8,-0.5,logHR_cancer_overlap,overlap_weighted_cox,5000,20260817,2284446999,0.9330911113567941,0.9339135651998374,0.9325269542371049,-0.06884254565545063,-6.690888864320588,0.03933044544875453,0.0400775484344159,0.07928348286202129,0.5972,0.6018,0.15709721171727364,0.317,1.0012408664663848,0.0005562164936780382,0.006936168394726299,0.006580440714724204,5000,0,0.0,0
30,main_hi,primary,,0.75,0.85,0.5,1.0,50000,-0.8,-0.5,logHR_cancer_overlap,overlap_weighted_cox,5000,20260817,4164126655,0.9338193968333772,0.9346636304623124,0.9334038344743547,-0.06870579521264134,-6.618060316662278,0.012712940137569186,0.012663007170953824,0.06987183136982625,0.0002,0.0002,0.04963934465370305,0.9968,1.000216476348125,0.00017978812360187622,0.00019997999899989998,0.0007987189743583135,5000,0,0.0,0
31,main_hi,primary,,0.75,0.85,0.5,0.85,5000,-0.8,-0.5,logHR_cancer_overlap,overlap_weighted_cox,5000,20260817,3042424778,0.8512491600559451,0.8502401337852166,0.9373643222370552,0.0020633969094923836,0.14696000658177752,0.04095575116177268,0.040985866805258515,0.04100360575998777,0.9512,0.9496,0.16062007651865912,0.29,0.907963567805375,0.0005792017875015656,0.0030469184432800286,0.006417164482853778,5000,0,0.0,0
32,main_hi,primary,,0.75,0.85,0.5,0.85,50000,-0.8,-0.5,logHR_cancer_overlap,overlap_weighted_cox,5000,20260817,2356173794,0.8517994073565578,0.850669257267018,0.937683210735204,0.0020426889046641387,0.2116949831244487,0.01314585920161234,0.01294980868878388,0.0133023166924797,0.9422,0.9418,0.05076197548866764,0.9934,0.9084749275760081,0.0001859105237196732,0.0033002775640845715,0.0011451148414023853,5000,0,0.0,0
33,main_hi,primary,,0.75,0.85,0.33,1.0,5000,-0.8,-0.5,logHR_cancer_overlap,overlap_weighted_cox,5000,20260817,1778130748,0.9037247839417625,0.9049682179881475,0.9025466195838381,-0.1018285304818827,-9.627521605823752,0.04001004830571412,0.04044565115471436,0.10940536287007235,0.2874,0.293,0.15854987430868672,0.5876,1.0010114308545321,0.0005658275294514358,0.006400019374970672,0.006961698643291018,5000,0,0.0,0
34,main_hi,primary,,0.75,0.85,0.33,1.0,50000,-0.8,-0.5,logHR_cancer_overlap,overlap_weighted_cox,5000,20260817,2069790541,0.9033612156025153,0.9045853583080018,0.9032306245963575,-0.10165426794049683,-9.663878439748474,0.01267972111873847,0.01277930452602466,0.10244185357119312,0.0,0.0,0.05009238649985883,1.0,0.9998351270855061,0.00017931833573228497,0.0,0.0,5000,0,0.0,0
35,main_hi,primary,,0.75,0.85,0.33,0.85,5000,-0.8,-0.5,logHR_cancer_overlap,overlap_weighted_cox,5000,20260817,3567053798,0.8279397905273462,0.8275007959142444,0.9108988562759817,-0.026229536830342737,-2.5953187614886764,0.04103563820883759,0.04138555025935054,0.04869882360817638,0.9066,0.9048,0.1622127581053141,0.5286,0.909142815511978,0.0005803315609557371,0.004115250660652399,0.007059490633183105,5000,0,0.0,0
36,main_hi,primary,,0.75,0.85,0.33,0.85,50000,-0.8,-0.5,logHR_cancer_overlap,overlap_weighted_cox,5000,20260817,3333225663,0.828420935587658,0.8279790116296757,0.9114507182193814,-0.02596586244164531,-2.5387134602755332,0.012998336678021546,0.013072908683351425,0.029037027695381773,0.4974,0.4772,0.051244990367622666,1.0,0.908703966234194,0.00018382424018349714,0.007070972210382389,0.0,5000,0,0.0,0
102,low_crc,primary,low_crc,1.0,1.0,1.0,1.0,50000,4.2074,3.1726,logHR_cancer_overlap,overlap_weighted_cox,2000,20260817,1410448036,0.9998391623893423,1.0000679546212345,0.9990486604570912,-0.0007407873343805521,-0.016083761065766033,0.04858649935884717,0.047154259029204754,0.04857999960747285,0.9445,0.942,0.1848001617855916,0.0265,1.0014819934564136,0.001086427153551322,0.005119558086397692,0.0035915003828483716,2000,0,0.0,0
103,low_crc,primary,low_crc,1.0,1.0,1.0,0.85,50000,4.2074,3.1726,logHR_cancer_overlap,overlap_weighted_cox,2000,20260817,3444109857,0.8508326117233086,0.8499720973974285,0.9999892656025962,0.0005782599279698039,0.09795432038924921,0.049397246604008446,0.049374264144980945,0.04938828112635113,0.9495,0.952,0.19346586996355208,0.028,0.8509027939168645,0.0011045560130788351,0.0048964145045124596,0.0036889022757454555,2000,0,0.0,0
104,low_crc,primary,low_crc,1.0,1.0,0.5,1.0,50000,4.2074,3.1726,logHR_cancer_overlap,overlap_weighted_cox,2000,20260817,3195999652,0.9056665940183164,0.9085648739110066,0.9017135514067948,-0.10109600662342146,-9.43334059816836,0.05050793581771202,0.05122326715791991,0.11300521496806555,0.5085,0.5235,0.2007399973890897,0.9295,1.0035753879413412,0.001129391778916005,0.01117872421164419,0.005724061058374553,2000,0,0.0,0
105,low_crc,primary,low_crc,1.0,1.0,0.5,0.85,50000,4.2074,3.1726,logHR_cancer_overlap,overlap_weighted_cox,2000,20260817,2201598800,0.7660313387399484,0.7685230933746954,0.901375583827439,-0.10229044895481929,-9.8786660305943,0.0542024207694986,0.05371314183935544,0.11575737304139044,0.511,0.522,0.21054380735398617,0.9295,0.8519790888435705,0.0012120029738564532,0.01117763391778421,0.005724061058374553,2000,0,0.0,0
106,low_crc,primary,low_crc,1.0,1.0,0.33,1.0,50000,4.2074,3.1726,logHR_cancer_overlap,overlap_weighted_cox,2000,20260817,3924282224,0.8630440240551447,0.8670809834662613,0.8623700232124518,-0.14778119465077902,-13.69559759448553,0.05247110954207771,0.05301743696149742,0.15681556753179787,0.196,0.2175,0.2078177967213548,0.998,1.000938203160235,0.0011732896779092362,0.00887648579112252,0.0009989994994993746,2000,0,0.0,0
107,low_crc,primary,low_crc,1.0,1.0,0.33,0.85,50000,4.2074,3.1726,logHR_cancer_overlap,overlap_weighted_cox,2000,20260817,646947979,0.7334816237009837,0.737335433771457,0.8626384604697899,-0.14756887634697033,-13.708044270472504,0.053713800860702286,0.055644922855097735,0.15703599295387397,0.2295,0.246,0.21804640965528604,0.998,0.8500028028480555,0.0012010771005441703,0.0094029184299344,0.0009989994994993746,2000,0,0.0,0
108,low_crc,primary,low_crc,0.9,0.9,1.0,1.0,50000,4.2074,3.1726,logHR_cancer_overlap,overlap_weighted_cox,2000,20260817,893802542,0.9997076338953692,1.0003676934745451,1.00033079322509,-0.00028652896405646257,-0.029236610463079238,0.047588086119771396,0.04673118579777043,0.04757705041739926,0.9495,0.946,0.18313063087908316,0.026,0.9998471127621109,0.0010641019548292302,0.0048964145045124596,0.003558370413546066,2000,0,0.0,0
109,low_crc,primary,low_crc,0.9,0.9,1.0,0.85,50000,4.2074,3.1726,logHR_cancer_overlap,overlap_weighted_cox,2000,20260817,362952551,0.8805685780505164,0.8792966382679854,0.999663729694162,0.035919958248469455,3.5963033000607507,0.04976650214190064,0.04866354090307826,0.06136537935712504,0.878,0.8815,0.19072526236563764,0.027,0.8819116995631846,0.0011128128179167872,0.007318333143551201,0.0036242930345103167,2000,0,0.0,0
110,low_crc,primary,low_crc,0.9,0.9,0.5,1.0,50000,4.2074,3.1726,logHR_cancer_overlap,overlap_weighted_cox,2000,20260817,1431445839,0.923386739769616,0.9252743261615493,0.9239435081185794,-0.08020271024771569,-7.661326023038395,0.048679248364446606,0.05062907284721625,0.09381342717221161,0.658,0.6575,0.1984147694051146,0.7535,0.998231945364302,0.0010885010843649807,0.010607450211997226,0.009636849848368502,2000,0,0.0,0
111,low_crc,primary,low_crc,0.9,0.9,0.5,0.85,50000,4.2074,3.1726,logHR_cancer_overlap,overlap_weighted_cox,2000,20260817,4181054558,0.8130017932075854,0.8125655754606618,0.9237578256404323,-0.04619256427507739,-4.352730210872307,0.05198933964334183,0.052783562668585214,0.06953627100398492,0.863,0.86,0.20687003976363397,0.752,0.879610781505236,0.00116251697547837,0.007688660481514319,0.009656500401284102,2000,0,0.0,0
112,low_crc,primary,low_crc,0.9,0.9,0.33,1.0,50000,4.2074,3.1726,logHR_cancer_overlap,overlap_weighted_cox,2000,20260817,656974555,0.8915284415565086,0.8936079136702815,0.8918605502502295,-0.11620588643270509,-10.847155844349142,0.054528441942246195,0.05233775111938799,0.12835759559437587,0.397,0.4045,0.20520810420836655,0.953,0.998248257825296,0.0012192930289001314,0.010940543862167,0.004732388403332932,2000,0,0.0,0
113,low_crc,primary,low_crc,0.9,0.9,0.33,0.85,50000,4.2074,3.1726,logHR_cancer_overlap,overlap_weighted_cox,2000,20260817,2811051671,0.7844444960564074,0.7851124047813658,0.8900520049828302,-0.08072702990956317,-7.712412228657947,0.05437438596656126,0.05460382593683778,0.09732393806425765,0.7005,0.694,0.21390313894275692,0.9595,0.8813748552710072,0.0012158482325604159,0.01024206400097168,0.004407933189148855,2000,0,0.0,0
114,low_crc,primary,low_crc,0.75,0.85,1.0,1.0,50000,4.2074,3.1726,logHR_cancer_overlap,overlap_weighted_cox,2000,20260817,2910272290,1.0007894525838557,1.000946837579926,1.0019932400767844,0.0005485447415023646,0.07894525838556543,0.046546233439765834,0.04698889590897262,0.046537828406994775,0.9525,0.953,0.18420691506401077,0.025,0.99972291417906,0.0010408054206789026,0.00475624589355933,0.0034910600109422352,2000,0,0.0,0
115,low_crc,primary,low_crc,0.75,0.85,1.0,0.85,50000,4.2074,3.1726,logHR_cancer_overlap,overlap_weighted_cox,2000,20260817,1899656472,0.9088954898965891,0.9072779682783957,1.0000366789880177,0.06696685213226919,6.9288811643046015,0.04823109514593674,0.049017958339303225,0.082520510809205,0.7345,0.747,0.19211040303731036,0.0305,0.9089497821596761,0.0010784800737557469,0.009874455681200862,0.0038451105315712316,2000,0,0.0,0
116,low_crc,primary,low_crc,0.75,0.85,0.5,1.0,50000,4.2074,3.1726,logHR_cancer_overlap,overlap_weighted_cox,2000,20260817,1284729337,0.941745232869206,0.942486742684598,0.9417497847641148,-0.06004413505476029,-5.825476713079403,0.05093849185224811,0.050956911089860155,0.07873201852918385,0.778,0.779,0.199655970345354,0.5055,1.0014227143291259,0.0011390193045294594,0.009292900515985306,0.011179663456473097,2000,0,0.0,0
117,low_crc,primary,low_crc,0.75,0.85,0.5,0.85,50000,4.2074,3.1726,logHR_cancer_overlap,overlap_weighted_cox,2000,20260817,4038332883,0.8571254135216453,0.8556698153726108,0.9411226615983626,0.007819469377353484,0.8382839437229773,0.054195867403815004,0.053132491462581304,0.05474365304739391,0.9425,0.942,0.20827850416059307,0.5185,0.9104667706898244,0.0012118564361449538,0.005205465877325487,0.01117268432383194,2000,0,0.0,0
118,low_crc,primary,low_crc,0.75,0.85,0.33,1.0,50000,4.2074,3.1726,logHR_cancer_overlap,overlap_weighted_cox,2000,20260817,3840724176,0.9175404499959572,0.9188650533427779,0.9154394546691107,-0.08727600798086893,-8.245955000404281,0.0518860316992457,0.052702898886852326,0.10152790638257582,0.6335,0.6335,0.20645386401341503,0.8085,1.0008697903404427,0.0011602069396222231,0.010774454742584426,0.00879851549978745,2000,0,0.0,0
119,low_crc,primary,low_crc,0.75,0.85,0.33,0.85,50000,4.2074,3.1726,logHR_cancer_overlap,overlap_weighted_cox,2000,20260817,568380708,0.8301788324454771,0.8289818706280297,0.9167669116557393,-0.02245317470951648,-2.3319020652379883,0.055566132414510895,0.054980153784146696,0.05991824704134189,0.93,0.9295,0.2154429519028285,0.7895,0.9072072006475577,0.0012424964932560088,0.005705260730238364,0.009115639034099584,2000,0,0.0,0
202,low_bladder,primary,low_bladder,1.0,1.0,1.0,1.0,50000,2.6917,2.4908,logHR_cancer_overlap,overlap_weighted_cox,2000,20260817,3720922161,1.000548161098971,1.0004117904380152,1.0005256699426262,0.0004069428185637182,0.054816109897104504,0.024011662165723077,0.024149989659615973,0.024009107489834296,0.957,0.954,0.09467720625322709,0.024,0.9989935450922895,0.0005369170885531661,0.004536022486716751,0.00342227994179319,2000,0,0.0,0
203,low_bladder,primary,low_bladder,1.0,1.0,1.0,0.85,50000,2.6917,2.4908,logHR_cancer_overlap,overlap_weighted_cox,2000,20260817,3349977807,0.8487539065039849,0.8487053853996704,1.0003367451586984,-0.0012186856942218087,-0.14659923482530843,0.02520145502406439,0.025177794161904826,0.025224610472385417,0.948,0.9465,0.09868648103467945,0.0195,0.8481649020743571,0.0005635216656571157,0.0049646752159632785,0.0030919047527373806,2000,0,0.0,0
204,low_bladder,primary,low_bladder,1.0,1.0,0.5,1.0,50000,2.6917,2.4908,logHR_cancer_overlap,overlap_weighted_cox,2000,20260817,3714012747,0.8999406853575028,0.9031069514304901,0.8985832711182896,-0.1055397216003942,-10.005931464249718,0.026640162111073156,0.025984106193792503,0.10884840937594963,0.0235,0.026,0.1018463782937345,0.993,1.0009680635720888,0.0005956921341197387,0.0033873108803297047,0.0018642692938521525,2000,0,0.0,0
205,low_bladder,primary,low_bladder,1.0,1.0,0.5,0.85,50000,2.6917,2.4908,logHR_cancer_overlap,overlap_weighted_cox,2000,20260817,4176465823,0.7647122855385289,0.7679538570914417,0.9009220813843897,-0.10543436498648501,-10.03384876017307,0.02685888595280274,0.02715583816268471,0.10880002010501508,0.028,0.0315,0.10645006050506256,0.994,0.8490516941898506,0.0006005829479038113,0.0036889022757454555,0.0017268468374467964,2000,0,0.0,0
206,low_bladder,primary,low_bladder,1.0,1.0,0.33,1.0,50000,2.6917,2.4908,logHR_cancer_overlap,overlap_weighted_cox,2000,20260817,2485604009,0.8551749619476072,0.8597028480241306,0.8552301076240697,-0.15630508525146417,-14.482503805239277,0.026826195524136794,0.026906179036684696,0.15858929541234348,0.0,0.0,0.10548578811135795,1.0,1.0010774999906746,0.0005998519676967047,0.0,0.0,2000,0,0.0,0
207,low_bladder,primary,low_bladder,1.0,1.0,0.33,0.85,50000,2.6917,2.4908,logHR_cancer_overlap,overlap_weighted_cox,2000,20260817,2162306441,0.729331831025439,0.733080027797832,0.8576432321979868,-0.15334587388554302,-14.196255173477764,0.027174473953840053,0.028132665191960327,0.15573387507659167,0.0,0.0,0.11028095768846509,1.0,0.8502672378341327,0.0006076397101358384,0.0,0.0,2000,0,0.0,0
208,low_bladder,primary,low_bladder,0.9,0.9,1.0,1.0,50000,2.6917,2.4908,logHR_cancer_overlap,overlap_weighted_cox,2000,20260817,3675167189,1.0003977380118614,1.0003550787836808,0.9995236220541148,0.0001641892488768567,0.03977380118613816,0.02319100725732545,0.02392944031335506,0.02318579013771072,0.9605,0.9625,0.09381131992705147,0.0235,1.000105849290169,0.0005185666869407066,0.004355441998236229,0.0033873108803297047,2000,0,0.0,0
209,low_bladder,primary,low_bladder,0.9,0.9,1.0,0.85,50000,2.6917,2.4908,logHR_cancer_overlap,overlap_weighted_cox,2000,20260817,3035760677,0.8811751008344382,0.8793015095616586,0.999339093999503,0.035068996504824874,3.6676589216986115,0.024331928951920604,0.024838846428877306,0.042679986656435014,0.713,0.7355,0.09736240813539382,0.028,0.8814798157973448,0.0005440784716018968,0.010115112456122274,0.0036889022757454555,2000,0,0.0,0
210,low_bladder,primary,low_bladder,0.9,0.9,0.5,1.0,50000,2.6917,2.4908,logHR_cancer_overlap,overlap_weighted_cox,2000,20260817,3872802752,0.9206960211384361,0.9224083454886619,0.9197886585051782,-0.08283886560160836,-7.930397886156393,0.02550776000951416,0.02569987725180934,0.08667524532387522,0.1085,0.1125,0.1007349425303766,0.956,1.0000828981713692,0.0005703708533502434,0.006954414065900879,0.004586065852122058,2000,0,0.0,0
211,low_bladder,primary,low_bladder,0.9,0.9,0.5,0.85,50000,2.6917,2.4908,logHR_cancer_overlap,overlap_weighted_cox,2000,20260817,236242957,0.8123052094646155,0.812675781949123,0.9205994309273818,-0.045487636149855445,-4.434681239456999,0.026646195602705692,0.02670532621133987,0.05271422742229311,0.6015,0.6045,0.10465485740383576,0.9475,0.88108084438311,0.0005958270470940591,0.010947551096021428,0.004987171041783106,2000,0,0.0,0
212,low_bladder,primary,low_bladder,0.9,0.9,0.33,1.0,50000,2.6917,2.4908,logHR_cancer_overlap,overlap_weighted_cox,2000,20260817,927949605,0.8847087707171508,0.8870641244575388,0.8848259440770395,-0.12272663083140273,-11.529122928284918,0.025825381413286122,0.026575345458366404,0.1254130884924159,0.0045,0.005,0.10417299045809587,0.9995,1.0005519493421202,0.0005774730838496735,0.0014966211945579282,0.000499874984371065,2000,0,0.0,0
213,low_bladder,primary,low_bladder,0.9,0.9,0.33,0.85,50000,2.6917,2.4908,logHR_cancer_overlap,overlap_weighted_cox,2000,20260817,292075571,0.7809601928626887,0.7820596773180323,0.8871040508502145,-0.08399155310864237,-8.122330251448385,0.02696911909659271,0.027619063022945263,0.08821309830039792,0.1435,0.147,0.10824909075033212,0.9975,0.8806362213334209,0.0006030478359326901,0.007839252196478947,0.001116635571706353,2000,0,0.0,0
214,low_bladder,primary,low_bladder,0.75,0.85,1.0,1.0,50000,2.6917,2.4908,logHR_cancer_overlap,overlap_weighted_cox,2000,20260817,2112728210,0.9990909868675952,0.9989086230597488,1.0007607902179991,-0.0006630746219513798,-0.09090131324047679,0.024406316015617855,0.024061238622407877,0.02440922152133807,0.9425,0.941,0.09431857034129901,0.026,0.9980271019005306,0.0005457418169126334,0.005205465877325487,0.003558370413546066,2000,0,0.0,0
215,low_bladder,primary,low_bladder,0.75,0.85,1.0,0.85,50000,2.6917,2.4908,logHR_cancer_overlap,overlap_weighted_cox,2000,20260817,3698441187,0.9078685351693271,0.905932907366597,1.0002621632061828,0.06537085732335345,6.808062961097307,0.024397793569234105,0.025015476072881626,0.0697732304832711,0.2545,0.269,0.0980681214718365,0.031,0.9080307279398718,0.0005455512492181468,0.009739860111931793,0.003875499967746097,2000,0,0.0,0
216,low_bladder,primary,low_bladder,0.75,0.85,0.5,1.0,50000,2.6917,2.4908,logHR_cancer_overlap,overlap_weighted_cox,2000,20260817,3727077063,0.9388052138414988,0.9396322703208968,0.939225242053987,-0.06368187404842329,-6.119478615850116,0.025713527472031438,0.025868860064381848,0.0686748570047775,0.314,0.319,0.10140386971529541,0.7645,0.9990955714870435,0.0005749719536877061,0.010377957409818176,0.009487880427155478,2000,0,0.0,0
217,low_bladder,primary,low_bladder,0.75,0.85,0.5,0.85,50000,2.6917,2.4908,logHR_cancer_overlap,overlap_weighted_cox,2000,20260817,3548325325,0.8527832364239996,0.8510882595097456,0.9393365064324252,0.002912543859900641,0.32743957929406825,0.026278816429034523,0.026911553335200178,0.026433195352629696,0.95,0.9515,0.10546723890819257,0.7685,0.9071051640241276,0.0005876121990355947,0.004873397172404485,0.009431536195127495,2000,0,0.0,0
218,low_bladder,primary,low_bladder,0.75,0.85,0.33,1.0,50000,2.6917,2.4908,logHR_cancer_overlap,overlap_weighted_cox,2000,20260817,1422390879,0.911151338329799,0.912073513978898,0.9121630886456185,-0.09351975238040694,-8.8848661670201,0.027061914561181632,0.026757423158123985,0.09735463590091366,0.063,0.068,0.10489676070002774,0.9795,0.9992077788264893,0.0006051228056009352,0.005432816948876522,0.0031685761786644775,2000,0,0.0,0
219,low_bladder,primary,low_bladder,0.75,0.85,0.33,0.85,50000,2.6917,2.4908,logHR_cancer_overlap,overlap_weighted_cox,2000,20260817,1333923205,0.8306026827911949,0.8290825807074605,0.9125072166748497,-0.02402735814991653,-2.282037318682954,0.028570529412526583,0.027817632114609626,0.037325339288490744,0.851,0.842,0.10903880265867069,0.9695,0.9081844562592815,0.0006388564591956657,0.007962380297373393,0.0038451105315712303,2000,0,0.0,0
