rep,sensitivity,specificity,uhr,bias_loghr,n_cancer,n_other,uhr_draw_method,status,failure_reason
0,0.868612231856985,0.8396167802321268,0.44794954594727965,-0.02972633764899238,100242,80170,accept-reject truncated Normal,ok,
1,0.9105748359719279,0.8986063755374977,0.4033616051582019,-0.07299435991924613,100215,79299,accept-reject truncated Normal,ok,
2,0.7423163503647634,0.891828405589022,0.5216321504706116,-0.0018738641947946,101250,80254,accept-reject truncated Normal,ok,
3,0.8620721940801261,0.8977161511683855,0.3505329173165439,-0.06698353902157358,99286,79179,accept-reject truncated Normal,ok,
4,0.8433712421590294,0.8914710917332556,0.216687027831149,-0.09530488508307414,96619,76936,accept-reject truncated Normal,ok,
5,0.8388337580532251,0.9310192285919143,0.30431637180174964,-0.08305704744291639,98564,78686,accept-reject truncated Normal,ok,
6,0.9086255392437287,0.8691518538100523,0.4371627238422521,-0.05963582818149757,100431,79753,accept-reject truncated Normal,ok,
7,0.8518920358367263,0.8777255886786085,0.25593882454954775,-0.0725875622135847,98021,77248,accept-reject truncated Normal,ok,
8,0.9003356529378757,0.9145457307968189,0.32811688399689515,-0.0897615469217927,99236,78603,accept-reject truncated Normal,ok,
9,0.9155935453406463,0.9215119007351195,0.4563379477800242,-0.06962088569062694,100759,79729,accept-reject truncated Normal,ok,
10,0.7989218389895384,0.9273466508900519,0.2661727768068299,-0.09532240397882527,97928,78064,accept-reject truncated Normal,ok,
11,0.8470468291299342,0.887686174336068,0.48692324913324053,-0.037888207143238484,100926,80120,accept-reject truncated Normal,ok,
12,0.8353218116979485,0.9216536830850317,0.4366184081390913,-0.053836352694520806,100608,79786,accept-reject truncated Normal,ok,
13,0.8362018766744754,0.8680445866940675,0.34457992489010536,-0.046277803106092474,99620,78788,accept-reject truncated Normal,ok,
14,0.8481288328298072,0.9024410540169592,0.39839344847769326,-0.06326140658416632,100076,79549,accept-reject truncated Normal,ok,
15,0.8721724960600472,0.887841938086092,0.3529578155097136,-0.07726613439291558,99393,79256,accept-reject truncated Normal,ok,
16,0.7793042502291809,0.8695563415462553,0.3631562877596249,-0.0431006187151968,99999,78934,accept-reject truncated Normal,ok,
17,0.9029458012919976,0.9515935140616918,0.370035767852948,-0.09198642007639671,99763,79244,accept-reject truncated Normal,ok,
18,0.9002881501418548,0.9040541130374578,0.4044146113790137,-0.07627497087662988,100165,79584,accept-reject truncated Normal,ok,
19,0.911611154747202,0.9188998411167761,0.39358721074477065,-0.08867375848072614,99764,79293,accept-reject truncated Normal,ok,
20,0.9239160064222727,0.9505420371940873,0.3283167253709212,-0.10821247812978976,98779,79314,accept-reject truncated Normal,ok,
21,0.891788868372115,0.9063663369774073,0.30479174535891135,-0.09825261494494517,99062,77953,accept-reject truncated Normal,ok,
22,0.8728878183336738,0.8905418471562927,0.6087753875867464,-0.023914573727870425,101609,80633,accept-reject truncated Normal,ok,
23,0.8571504927032796,0.8889105428686866,0.2927224681014754,-0.07776208348150931,98276,78497,accept-reject truncated Normal,ok,
24,0.8909566473520911,0.9165058897520084,0.38722198914157185,-0.08149548043038513,100058,79383,accept-reject truncated Normal,ok,
25,0.8572763355011856,0.9150090407750407,0.5219567227929469,-0.044109135814949546,100867,80515,accept-reject truncated Normal,ok,
26,0.8552420873062135,0.9015300140077029,0.5011538598422286,-0.047884188659304716,101046,80095,accept-reject truncated Normal,ok,
27,0.7652632786182043,0.9259211068276999,0.3299643434817837,-0.06062013877285974,99255,79025,accept-reject truncated Normal,ok,
28,0.8339452056772936,0.8663286481117312,0.6022350214812057,-0.006090684435399674,101700,80554,accept-reject truncated Normal,ok,
29,0.8760398753273866,0.9233353403918486,0.578353908798218,-0.02418249857780219,101322,80430,accept-reject truncated Normal,ok,
30,0.7756222681015345,0.9269261727776235,0.37103369649893037,-0.05988408601607578,100044,79076,accept-reject truncated Normal,ok,
31,0.8540875586970627,0.8819858062184219,0.2791490868024777,-0.08777984752720494,98293,78156,accept-reject truncated Normal,ok,
32,0.8528637778927494,0.8976443707379237,0.46526603750002227,-0.041049278599339406,100595,80017,accept-reject truncated Normal,ok,
33,0.8915934355708341,0.9169234654043624,0.3842181137165499,-0.08105943417237355,99763,79406,accept-reject truncated Normal,ok,
34,0.8058188639983762,0.9046482614882736,0.37322501403636227,-0.05369650370537665,99801,79196,accept-reject truncated Normal,ok,
35,0.9474582004607862,0.8801704322264781,0.32184653120325263,-0.0922305314005332,99019,78777,accept-reject truncated Normal,ok,
36,0.8691453977556426,0.8971544958548665,0.34276498475884404,-0.06918759817030937,99477,78908,accept-reject truncated Normal,ok,
37,0.8119756234355116,0.9193102047399911,0.4186491499632825,-0.054265441020574706,100628,79178,accept-reject truncated Normal,ok,
38,0.7687334116921508,0.9307595995372202,0.49199051066686866,-0.03269621261330816,100726,80229,accept-reject truncated Normal,ok,
39,0.834551148318792,0.9325849902818131,0.1959569194774968,-0.12042486134178168,96558,75997,accept-reject truncated Normal,ok,
40,0.8757131145401738,0.9063479650623738,0.16545971483139815,-0.1266700276543911,94892,75249,accept-reject truncated Normal,ok,
41,0.8545139884765574,0.8418366726131253,0.4984892732328445,-0.02935515517929263,101327,79904,accept-reject truncated Normal,ok,
42,0.7812758570596059,0.8871283133431063,0.31809877902244077,-0.048271022222699994,98973,78764,accept-reject truncated Normal,ok,
43,0.7907094594668576,0.9339501643469774,0.47115487254484023,-0.05148675075414194,100446,80274,accept-reject truncated Normal,ok,
44,0.8491413155167711,0.9230143101987104,0.41309728885090413,-0.05961158015983711,100098,79579,accept-reject truncated Normal,ok,
45,0.8520236187030551,0.893868812373827,0.5266581460143172,-0.025494837012285776,101265,80265,accept-reject truncated Normal,ok,
46,0.8626359002117566,0.9643921745364249,0.4929781658145679,-0.05919036782856471,101235,79952,accept-reject truncated Normal,ok,
47,0.8381896448858301,0.9032917050372737,0.37471891562553156,-0.059826540201917466,99529,79250,accept-reject truncated Normal,ok,
48,0.8203139871399989,0.8731415437906173,0.3862895053713399,-0.04884724393040746,99816,79601,accept-reject truncated Normal,ok,
49,0.7996638092851379,0.8724105013814228,0.43423271309731615,-0.04025647833784782,100184,80042,accept-reject truncated Normal,ok,
50,0.9328419896461608,0.9221850735493546,0.47649546719368624,-0.0687442321091083,100374,80462,accept-reject truncated Normal,ok,
51,0.8725929872475403,0.8624928372128009,0.33984166891275214,-0.0640091867350486,99626,78613,accept-reject truncated Normal,ok,
52,0.8435565320019707,0.8807204247878364,0.2510687985081276,-0.0723294360428296,97459,77512,accept-reject truncated Normal,ok,
53,0.8974854047453248,0.89790983530259,0.41256864550394257,-0.05714498699147447,100101,79705,accept-reject truncated Normal,ok,
54,0.8722701243873283,0.8973226977398913,0.3979629952627365,-0.05957653122043577,100184,79368,accept-reject truncated Normal,ok,
55,0.8571454593905398,0.8674320192057273,0.3867552860183863,-0.04467533415606817,100233,79102,accept-reject truncated Normal,ok,
56,0.8934068420339808,0.928627030197344,0.3027718807083674,-0.09959224060325175,98411,78520,accept-reject truncated Normal,ok,
57,0.8746976130706233,0.9513062212472243,0.46273451874094984,-0.07215700204655068,100797,79810,accept-reject truncated Normal,ok,
58,0.7432272613559303,0.9143540613133235,0.23019672716855114,-0.08619834866560683,97119,77331,accept-reject truncated Normal,ok,
59,0.9272634725445201,0.8991296415295033,0.35412737901910907,-0.09343434948334653,99257,79123,accept-reject truncated Normal,ok,
60,0.8026656996119228,0.8966136970116937,0.5313566850408623,-0.021566851789017377,100903,80539,accept-reject truncated Normal,ok,
61,0.8299095600008605,0.8829637614636164,0.29171373271055634,-0.08363491766676512,98194,78784,accept-reject truncated Normal,ok,
62,0.8282993672032488,0.9100915841324998,0.44395027503927803,-0.04582669100948947,100350,79969,accept-reject truncated Normal,ok,
63,0.8516038533202717,0.8978434123799844,0.4475253209307429,-0.04720866458621384,100760,79882,accept-reject truncated Normal,ok,
64,0.8975938959488164,0.953118849151601,0.44514157638374824,-0.07742742351761395,100526,79854,accept-reject truncated Normal,ok,
65,0.6446421675607783,0.9099060890197411,0.2355640920990706,-0.04216035429908724,96826,77651,accept-reject truncated Normal,ok,
66,0.8880775229857832,0.8633510722795751,0.5033293200649847,-0.033478010499242566,100940,80208,accept-reject truncated Normal,ok,
67,0.851053917924598,0.8808422219309447,0.4169613744937911,-0.05825320495944003,100152,79643,accept-reject truncated Normal,ok,
68,0.8741794427006545,0.9030226418013726,0.4518839810361533,-0.05264276971413956,100354,80144,accept-reject truncated Normal,ok,
69,0.8979568823096512,0.7974404584312199,0.4332608625543204,-0.043361833765878016,100453,79921,accept-reject truncated Normal,ok,
70,0.8481001540717062,0.9167305194236244,0.40880526004071766,-0.0793149088055225,100157,79642,accept-reject truncated Normal,ok,
71,0.9202621907614058,0.9086690342388886,0.5245211534269243,-0.05878668161994599,101134,80354,accept-reject truncated Normal,ok,
72,0.6812221695104296,0.8986691175565216,0.5462624497234012,-0.0002687220557895109,101225,80475,accept-reject truncated Normal,ok,
73,0.9092018429180007,0.9269796619064912,0.21739680946494436,-0.12310611037280664,97093,76996,accept-reject truncated Normal,ok,
74,0.8848704966667669,0.9240459811190843,0.32527204204045373,-0.0925923501597968,99407,78604,accept-reject truncated Normal,ok,
75,0.8462098807877961,0.8970144652062125,0.3862522118113914,-0.0517634492109921,100154,79410,accept-reject truncated Normal,ok,
76,0.8429895850802682,0.9375013150272615,0.1865051024011833,-0.10367438209188859,95457,76181,accept-reject truncated Normal,ok,
77,0.8501986265987718,0.8462810390581665,0.5490805614476691,-0.022798339896678316,101064,80906,accept-reject truncated Normal,ok,
78,0.8680640808702764,0.9181430797206837,0.3257661326385456,-0.09351402313573084,98912,79227,accept-reject truncated Normal,ok,
79,0.8770636426522103,0.9564169701569688,0.45925435223167854,-0.07145537896243845,100707,79893,accept-reject truncated Normal,ok,
80,0.8035461638963487,0.8567882746507474,0.4248496291431833,-0.01959330995179165,100271,79665,accept-reject truncated Normal,ok,
81,0.8933588221998318,0.9321479848978098,0.3815088716609867,-0.09117229697624432,99590,79635,accept-reject truncated Normal,ok,
82,0.9289057405474759,0.867860363922632,0.3026580091405775,-0.09656801165776627,98850,78335,accept-reject truncated Normal,ok,
83,0.8602060650427676,0.8583828174787054,0.36715041757806927,-0.06008199232660666,99296,79529,accept-reject truncated Normal,ok,
84,0.8950092558517503,0.8733762207377004,0.41232582145822666,-0.06230888869764889,100134,79783,accept-reject truncated Normal,ok,
85,0.8947831484992474,0.9037942197015655,0.48160168639532197,-0.04478633109539673,100882,80122,accept-reject truncated Normal,ok,
86,0.8880826723279578,0.9037960555337065,0.38296765503828134,-0.06323639348681262,99443,79623,accept-reject truncated Normal,ok,
87,0.8346201430342851,0.90998213524112,0.3639008764186154,-0.069267795747982,99158,79662,accept-reject truncated Normal,ok,
88,0.9279881758251097,0.8841862229650113,0.37866812472799144,-0.06598495410411576,100309,79115,accept-reject truncated Normal,ok,
89,0.7963526840935873,0.8932945148156846,0.5333297624984439,-0.01274919756778406,101149,80334,accept-reject truncated Normal,ok,
90,0.7956547193437083,0.9229141543913005,0.43239600545696805,-0.055337737293644274,100453,79486,accept-reject truncated Normal,ok,
91,0.8607712062753274,0.8816532885452808,0.33624844757137057,-0.07820527799051538,99432,78687,accept-reject truncated Normal,ok,
92,0.8734228229546234,0.8978493221559131,0.2777586994508036,-0.08770223085325526,98395,77972,accept-reject truncated Normal,ok,
93,0.8904340289921593,0.9022091019317737,0.36255509081577053,-0.08461104031693692,99552,79198,accept-reject truncated Normal,ok,
94,0.8187840145933412,0.897964774917344,0.3125497119364234,-0.052391697137611076,98828,78625,accept-reject truncated Normal,ok,
95,0.8634023260915691,0.881506788416366,0.3616086452763845,-0.07377345043283964,99409,79431,accept-reject truncated Normal,ok,
96,0.8827206604983173,0.9104879302265291,0.5389487316866193,-0.042255253870872866,101013,80762,accept-reject truncated Normal,ok,
97,0.8799325552079115,0.8558147506674921,0.4724819693039132,-0.043582784220389886,100760,79915,accept-reject truncated Normal,ok,
98,0.7290005811550624,0.9072551584585665,0.4262480803974701,-0.03700580224198177,100021,79967,accept-reject truncated Normal,ok,
99,0.8815019422964334,0.9104205891282021,0.443802031794149,-0.06909421641666572,100118,80207,accept-reject truncated Normal,ok,
100,0.7571158050633982,0.8725605074659727,0.5753565624955557,0.003161480307446174,101362,80809,accept-reject truncated Normal,ok,
101,0.7570997980772115,0.9221181779970927,0.2900612577994633,-0.07669651166220137,98648,78090,accept-reject truncated Normal,ok,
102,0.8876723915892505,0.9136295114215846,0.4478907034459836,-0.06184924080639659,100858,79374,accept-reject truncated Normal,ok,
103,0.9441526605493142,0.9184588909310004,0.38307852270831505,-0.09619248711777209,99573,79410,accept-reject truncated Normal,ok,
104,0.7813375277976643,0.8617603356030181,0.4175137327307864,-0.03265966728343103,100161,80021,accept-reject truncated Normal,ok,
105,0.8262857127866405,0.9347897137041802,0.4107018997617566,-0.06777890746233511,100399,79605,accept-reject truncated Normal,ok,
106,0.7626515560578788,0.8913909344328906,0.3718580792295081,-0.03752882280577782,99747,79394,accept-reject truncated Normal,ok,
107,0.8516595237604645,0.9504592126930027,0.45749701865437464,-0.06439856127751123,100381,80031,accept-reject truncated Normal,ok,
108,0.8790509380224008,0.9286375983776929,0.18802094923496823,-0.13559128757258085,95755,76271,accept-reject truncated Normal,ok,
109,0.8040981011325052,0.9160296819604412,0.43225471979222213,-0.052507892262928846,100263,79942,accept-reject truncated Normal,ok,
110,0.8305819092733715,0.9390907041278008,0.47111698368608673,-0.05281360524397616,100672,79797,accept-reject truncated Normal,ok,
111,0.8774822860684164,0.8607635225683969,0.3083396819952667,-0.07255199173792598,98475,79016,accept-reject truncated Normal,ok,
112,0.8683871091580204,0.8871693523828099,0.30614335038734836,-0.07758504404035291,98903,78275,accept-reject truncated Normal,ok,
113,0.8406692450220057,0.8876036746991195,0.593663753205635,-0.02269078440398345,101432,80916,accept-reject truncated Normal,ok,
114,0.9190032874733108,0.8950171247116862,0.31415700672877056,-0.08973629153266768,99034,78714,accept-reject truncated Normal,ok,
115,0.8035803484435808,0.801554185515954,0.3658661775936999,-0.018048541195430368,99565,79026,accept-reject truncated Normal,ok,
116,0.7535500005381323,0.9074437787357952,0.32657461639104113,-0.047304313394336356,98976,78905,accept-reject truncated Normal,ok,
117,0.8016219484527429,0.8776801267962794,0.34259691680503684,-0.054570228365652396,99606,78889,accept-reject truncated Normal,ok,
118,0.8423527764312841,0.8239385898826368,0.3366818241525618,-0.04116098526534803,99202,78894,accept-reject truncated Normal,ok,
119,0.7838433091054802,0.8549592681320932,0.19329651877123477,-0.06788422183589596,96315,75813,accept-reject truncated Normal,ok,
120,0.8012674734788764,0.9416639755378133,0.6405097588154018,-0.018962900992328585,101572,81132,accept-reject truncated Normal,ok,
121,0.8193892956758567,0.9191231387632361,0.33112380726026164,-0.0695520042628843,99362,78684,accept-reject truncated Normal,ok,
122,0.8188592101417839,0.8058515487791319,0.44119628599938326,-0.015141080646265959,100678,79836,accept-reject truncated Normal,ok,
123,0.8488899644453854,0.8756067597079824,0.3953997632142589,-0.05041282859204596,99743,79698,accept-reject truncated Normal,ok,
124,0.8745711952208522,0.8773147149296102,0.5374996837268621,-0.029396835729973425,101001,80714,accept-reject truncated Normal,ok,
125,0.794571298481265,0.9611944180811751,0.47223091118664445,-0.04465807533525529,100758,80090,accept-reject truncated Normal,ok,
126,0.859242101262153,0.9108794299884437,0.5157141155327164,-0.036093204982557414,100718,80560,accept-reject truncated Normal,ok,
127,0.7876447021264075,0.8929937622782981,0.5193625645810352,-0.022755136521475317,100671,80775,accept-reject truncated Normal,ok,
128,0.8552429020123563,0.8308165851354945,0.48674761273783884,-0.03555398914397617,100240,80705,accept-reject truncated Normal,ok,
129,0.8310394832709929,0.8517912122370133,0.406544309512099,-0.034404911484742035,99973,79708,accept-reject truncated Normal,ok,
130,0.8978601853404903,0.8873903486786809,0.4936856181400125,-0.04469058939426104,101282,79710,accept-reject truncated Normal,ok,
131,0.847561537247703,0.8790222408699269,0.2447914515875489,-0.08035829143084494,97735,77252,accept-reject truncated Normal,ok,
132,0.8331727506487442,0.8880379701283739,0.49147557384012097,-0.034402569839483976,101078,79712,accept-reject truncated Normal,ok,
133,0.8963568371152769,0.8899535913246879,0.4727536159716028,-0.05822654558995524,100604,79994,accept-reject truncated Normal,ok,
134,0.9356574501766014,0.9371894612691957,0.4332994668558729,-0.09204315341473882,100128,79989,accept-reject truncated Normal,ok,
135,0.8662497977263838,0.9374421957933565,0.2707528373379682,-0.09504661526439265,97874,78117,accept-reject truncated Normal,ok,
136,0.8522661165028623,0.8842360778642248,0.5357299472132524,-0.03230511330274313,100792,80755,accept-reject truncated Normal,ok,
137,0.9187743868792878,0.8883818644861724,0.33612776234702313,-0.09073703986050022,99243,78914,accept-reject truncated Normal,ok,
138,0.8341675091987216,0.8829985986656339,0.4653490477680091,-0.03185161800821687,100619,80177,accept-reject truncated Normal,ok,
139,0.8757981100585461,0.889309651852223,0.21931236208749713,-0.11167296379459005,97049,76874,accept-reject truncated Normal,ok,
140,0.7109095537241807,0.8846085429239718,0.3852722841105692,-0.011197874388605783,100043,79353,accept-reject truncated Normal,ok,
141,0.6710171524764745,0.953077951734062,0.33870338605349115,-0.051042530556483445,99195,78892,accept-reject truncated Normal,ok,
142,0.8829010523818474,0.834455580228424,0.32564970989646774,-0.0576280500142472,99075,78730,accept-reject truncated Normal,ok,
143,0.900825003403879,0.884862917723458,0.33685153100307186,-0.09661824937155664,99234,78898,accept-reject truncated Normal,ok,
144,0.86463175214337,0.9074946665534193,0.5795861730809001,-0.036637979360798684,101043,81053,accept-reject truncated Normal,ok,
145,0.8671511457293389,0.9504364691787803,0.39950474819308224,-0.08418813230888156,100222,79573,accept-reject truncated Normal,ok,
146,0.8333454603950443,0.8346533919014173,0.4367447376772821,-0.010679243321377985,100261,79939,accept-reject truncated Normal,ok,
147,0.9061785219862759,0.9159181206332384,0.6151447797057886,-0.019884310363245783,101717,80817,accept-reject truncated Normal,ok,
148,0.8530870542866033,0.9249949737757708,0.2605214897546193,-0.10190104310564771,97858,77915,accept-reject truncated Normal,ok,
149,0.8256488710992276,0.8967702858597554,0.554932998096352,-0.02039105865126098,101337,80526,accept-reject truncated Normal,ok,
150,0.7694714190650667,0.8911895607266431,0.3660050923962812,-0.04467033805447673,99673,79232,accept-reject truncated Normal,ok,
151,0.7891548626417874,0.9183761494694307,0.3403381075266488,-0.046505665678726105,99521,78772,accept-reject truncated Normal,ok,
152,0.8702576042907771,0.914167975904361,0.3619939909389316,-0.07430127890768937,99506,79231,accept-reject truncated Normal,ok,
153,0.8901695610812199,0.9268046409784556,0.22277841466113205,-0.12993575549586958,96875,76946,accept-reject truncated Normal,ok,
154,0.836658019388476,0.9152579160966479,0.25028654118272153,-0.09682247039191308,97359,77904,accept-reject truncated Normal,ok,
155,0.7838936280892429,0.8991820587387678,0.28992718845426757,-0.06365200465290302,98317,78359,accept-reject truncated Normal,ok,
156,0.8782073150573755,0.9376467099149115,0.3468412426212337,-0.09785739665430424,99512,79041,accept-reject truncated Normal,ok,
157,0.8530933679996402,0.8412072987282216,0.47365210485526177,-0.029256350144851145,100471,80359,accept-reject truncated Normal,ok,
158,0.9444965511643209,0.9379750467827279,0.5105666549390508,-0.0707100685915254,100928,80435,accept-reject truncated Normal,ok,
159,0.8733635340730413,0.8825547146978665,0.3659355371859587,-0.07661924232987363,99617,79326,accept-reject truncated Normal,ok,
160,0.7876695269744448,0.8333403854356239,0.43950282451984474,-0.013979227407036443,100602,79830,accept-reject truncated Normal,ok,
161,0.8755053280645618,0.9143065354341929,0.44580692859979915,-0.0684591386543113,100381,79884,accept-reject truncated Normal,ok,
162,0.9208446284837353,0.8804401231882434,0.3797251537325011,-0.07236433591355579,100029,79174,accept-reject truncated Normal,ok,
163,0.8243489573587026,0.926594310233992,0.4251327426132345,-0.05159328740101346,100153,79966,accept-reject truncated Normal,ok,
164,0.8606672288716115,0.901659087552638,0.3437847887173101,-0.0793608882595844,99392,78823,accept-reject truncated Normal,ok,
165,0.8365816783591827,0.9465887309058543,0.45761902882925587,-0.06316605987997381,100724,79767,accept-reject truncated Normal,ok,
166,0.7371892800764077,0.9066731570979695,0.38001442275004205,-0.04054254059478263,99833,79152,accept-reject truncated Normal,ok,
167,0.8707228016449837,0.9073137735682615,0.4062474577536752,-0.05867767792062156,99944,79538,accept-reject truncated Normal,ok,
168,0.8611923308017134,0.9379000409828463,0.4276689346652134,-0.0688129115617438,100115,79740,accept-reject truncated Normal,ok,
169,0.8099923931454162,0.9132239949631245,0.4168006509441612,-0.05783220153201832,99839,79988,accept-reject truncated Normal,ok,
170,0.7826085905015856,0.892091252622189,0.331053728077019,-0.04921787666807273,99500,78499,accept-reject truncated Normal,ok,
171,0.9150523870239148,0.8591893329490919,0.26815573438200857,-0.09507626778732223,97943,77957,accept-reject truncated Normal,ok,
172,0.8798269544985762,0.9345823574265827,0.39551369362529637,-0.07389729834945499,99527,79950,accept-reject truncated Normal,ok,
173,0.7982624436729604,0.9626386736101242,0.3458213591865097,-0.08209723152207796,99701,78735,accept-reject truncated Normal,ok,
174,0.8082745777765256,0.9041813007012494,0.34936627564687367,-0.06004980001593241,99400,78847,accept-reject truncated Normal,ok,
175,0.8843487260992164,0.9295806418408672,0.39168591454130536,-0.08172427677483829,100064,79306,accept-reject truncated Normal,ok,
176,0.8256676902087893,0.8940918845100485,0.3314258793663625,-0.06154483872275435,99123,78945,accept-reject truncated Normal,ok,
177,0.7814877867441921,0.8937960894118355,0.44663586789045123,-0.029618318565795082,100763,79542,accept-reject truncated Normal,ok,
178,0.6112493089393032,0.8571151985463746,0.441756523746779,0.029098935298366713,100324,79725,accept-reject truncated Normal,ok,
179,0.8643274482097512,0.9180679381318698,0.31253881120038407,-0.08786004420422469,98932,78658,accept-reject truncated Normal,ok,
180,0.8631757989946379,0.8173926165575381,0.4386919058820392,-0.027855931148867336,99903,80517,accept-reject truncated Normal,ok,
181,0.8494681182314593,0.9571488888460233,0.306472331575362,-0.09803263802222942,98829,78662,accept-reject truncated Normal,ok,
182,0.8960969945244561,0.8255648080900002,0.4737617658430543,-0.024634405078848787,100708,80060,accept-reject truncated Normal,ok,
183,0.858917273445711,0.9086126141076675,0.46347456771296214,-0.04959063452358531,100672,79846,accept-reject truncated Normal,ok,
184,0.7993193711018688,0.8964004435746745,0.40069888991526426,-0.04407423750123929,99929,79661,accept-reject truncated Normal,ok,
185,0.9194354854287176,0.8809299896727107,0.49037692335446115,-0.056005259342677804,100755,80345,accept-reject truncated Normal,ok,
186,0.9223849745800432,0.8886421905106998,0.5035387661248193,-0.05377232478241345,101102,80379,accept-reject truncated Normal,ok,
187,0.7971061939403201,0.9130581721313207,0.445892123815797,-0.03307476688329791,100668,79768,accept-reject truncated Normal,ok,
188,0.8218633845928862,0.8430221336354141,0.21922392810254898,-0.0684020120702584,96865,76953,accept-reject truncated Normal,ok,
189,0.8984888360402862,0.8837187328887731,0.41476328144571273,-0.06349224353588642,100275,79704,accept-reject truncated Normal,ok,
190,0.8555282055956475,0.9060877224967278,0.4215502509052223,-0.06610211251184867,100666,79341,accept-reject truncated Normal,ok,
191,0.8054479726153235,0.8923391939511427,0.481736269183531,-0.03186494652881183,100830,80276,accept-reject truncated Normal,ok,
192,0.8599678716557364,0.904439101949834,0.3035836674277789,-0.08165205832513778,99150,78152,accept-reject truncated Normal,ok,
193,0.8465618552576585,0.878708767922577,0.47153271480225034,-0.03263826639682274,100711,80091,accept-reject truncated Normal,ok,
194,0.8697272854255476,0.9017716159890355,0.4364824479708344,-0.06245621102868454,100601,79730,accept-reject truncated Normal,ok,
195,0.83213289854529,0.9404854082377564,0.4418220630088782,-0.07044203388868844,100409,79833,accept-reject truncated Normal,ok,
196,0.8214843275452363,0.8378163233496433,0.27800688041754534,-0.05559205245630924,97815,78398,accept-reject truncated Normal,ok,
197,0.8817746991038254,0.8889950431556634,0.31527976748698083,-0.08156882686057149,98687,78876,accept-reject truncated Normal,ok,
198,0.9289850231348435,0.8927359462084749,0.5138649781324933,-0.05949952699137889,100876,80546,accept-reject truncated Normal,ok,
199,0.8866451937440554,0.900418068833494,0.483531764823116,-0.037397069657539056,100409,80456,accept-reject truncated Normal,ok,
