scenario_id,replica_source,se,sp,uhr,true_hr,prior,prior_interpretation,prior_mu_B,prior_sd_B,bias_loghr,rmse_loghr,coverage,width_ratio,mcse_coverage,n_eval,unadjusted_bias_loghr,unadjusted_coverage
301,3,1.0,1.0,1.0,0.85,oracle_cell_specific,DGM-informed benchmark,1.169218595514221e-06,0.002770307443986348,-0.0001945445041864433,0.04036583964660046,0.953,1.0023108050265006,0.002993025225419928,5000,-0.0001933752855909202,0.9526
301,3,1.0,1.0,1.0,0.85,global_mechanism_prior,single prior induced by specified Se/Sp/uhr distributions,-0.05969861122307659,0.027335204418235934,0.059505235937485676,0.07190435499179997,0.819,1.204357843662358,0.005444979338803776,5000,-0.0001933752855909202,0.9526
301,3,1.0,1.0,1.0,0.85,oracle_mean_x1.25,relative mean misspecification; weak when oracle mean is near zero,1.4615232443927763e-06,0.002770307443986348,-0.00019483680883531794,0.04036584105643074,0.953,1.0023108050265006,0.002993025225419928,5000,-0.0001933752855909202,0.9526
301,3,1.0,1.0,1.0,0.85,oracle_mean_x1.50,relative mean misspecification; weak when oracle mean is near zero,1.7538278932713314e-06,0.002770307443986348,-0.00019512911348419486,0.040365842468377655,0.953,1.0023108050265006,0.002993025225419928,5000,-0.0001933752855909202,0.9526
302,7,1.0,1.0,0.5,0.85,oracle_cell_specific,DGM-informed benchmark,-0.10812918037703646,0.0037221930200524757,-0.00028334326217327764,0.041036002243519554,0.9548,1.0040563589636085,0.0029379230759160463,5000,-0.10841252363920974,0.2452
302,7,1.0,1.0,0.5,0.85,global_mechanism_prior,single prior induced by specified Se/Sp/uhr distributions,-0.05969861122307659,0.027335204418235934,-0.04871391241613314,0.0636939436650975,0.8784,1.1993382864938034,0.004621978797008919,5000,-0.10841252363920974,0.2452
302,7,1.0,1.0,0.5,0.85,oracle_mean_x1.25,relative mean misspecification; weak when oracle mean is near zero,-0.1351614754712956,0.0037221930200524757,0.026748951832085855,0.04898346272816134,0.902,1.0040563589636085,0.004204664076950737,5000,-0.10841252363920974,0.2452
302,7,1.0,1.0,0.5,0.85,oracle_mean_x1.50,relative mean misspecification; weak when oracle mean is near zero,-0.1621937705655547,0.0037221930200524757,0.05378124692634498,0.06764832383495109,0.7484,1.0040563589636085,0.006136732681158599,5000,-0.10841252363920974,0.2452
303,11,1.0,1.0,0.33,0.85,oracle_cell_specific,DGM-informed benchmark,-0.1563408989087401,0.00280639610871989,0.000596107936952193,0.041724646465590376,0.9474,1.002256256745715,0.0031569998416217885,5000,-0.1557447909717879,0.0416
303,11,1.0,1.0,0.33,0.85,global_mechanism_prior,single prior induced by specified Se/Sp/uhr distributions,-0.05969861122307659,0.027335204418235934,-0.09604617974871131,0.10471608960578967,0.5116,1.19523720516484,0.007069164589963937,5000,-0.1557447909717879,0.0416
303,11,1.0,1.0,0.33,0.85,oracle_mean_x1.25,relative mean misspecification; weak when oracle mean is near zero,-0.1954261236359251,0.00280639610871989,0.0396813326641372,0.057577764284556306,0.8422,1.002256256745715,0.005155563208806581,5000,-0.1557447909717879,0.0416
303,11,1.0,1.0,0.33,0.85,oracle_mean_x1.50,relative mean misspecification; weak when oracle mean is near zero,-0.23451134836311013,0.00280639610871989,0.07876655739132223,0.0891333907202372,0.5388,1.002256256745715,0.007049745527322245,5000,-0.1557447909717879,0.0416
304,15,0.9,0.9,1.0,0.85,oracle_cell_specific,DGM-informed benchmark,0.03470224230111151,0.0030358160531876,0.000292969794884179,0.03985130904433929,0.9562,1.0028400550881778,0.0028941858958954226,5000,0.03499521209599569,0.8574
304,15,0.9,0.9,1.0,0.85,global_mechanism_prior,single prior induced by specified Se/Sp/uhr distributions,-0.05969861122307659,0.027335204418235934,0.09469382331907229,0.10273734070935651,0.508,1.2087872087855245,0.007070162657251953,5000,0.03499521209599569,0.8574
304,15,0.9,0.9,1.0,0.85,oracle_mean_x1.25,relative mean misspecification; weak when oracle mean is near zero,0.04337780287638939,0.0030358160531876,-0.0083825907803937,0.04072233821182504,0.9502,1.0028400550881778,0.0030763601869742093,5000,0.03499521209599569,0.8574
304,15,0.9,0.9,1.0,0.85,oracle_mean_x1.50,relative mean misspecification; weak when oracle mean is near zero,0.052053363451667264,0.0030358160531876,-0.017058151355671573,0.04334768193248313,0.9352,1.0028400550881778,0.003481406612276135,5000,0.03499521209599569,0.8574
305,19,0.9,0.9,0.5,0.85,oracle_cell_specific,DGM-informed benchmark,-0.04970115734131462,0.002784389170457617,-0.0002564797203895324,0.04063814765589844,0.9516,1.0023317125611462,0.0030350433275325743,5000,-0.04995763706170415,0.7682
305,19,0.9,0.9,0.5,0.85,global_mechanism_prior,single prior induced by specified Se/Sp/uhr distributions,-0.05969861122307659,0.027335204418235934,0.009740974161372451,0.041788513262237016,0.98,1.2041482284091578,0.001979898987322334,5000,-0.04995763706170415,0.7682
305,19,0.9,0.9,0.5,0.85,oracle_mean_x1.25,relative mean misspecification; weak when oracle mean is near zero,-0.06212644667664327,0.002784389170457617,0.012168809614939127,0.04242019790736799,0.9384,1.0023317125611462,0.003400159996235471,5000,-0.04995763706170415,0.7682
305,19,0.9,0.9,0.5,0.85,oracle_mean_x1.50,relative mean misspecification; weak when oracle mean is near zero,-0.07455173601197193,0.002784389170457617,0.024594098950267786,0.04750013648644808,0.9046,1.0023317125611462,0.00415448769404845,5000,-0.04995763706170415,0.7682
306,23,0.9,0.9,0.33,0.85,oracle_cell_specific,DGM-informed benchmark,-0.08714944406253634,0.003140091157155909,-0.0008742084688518208,0.04072221636852934,0.9542,1.0029031798159442,0.002956428926931948,5000,-0.08802365253138815,0.4292
306,23,0.9,0.9,0.33,0.85,global_mechanism_prior,single prior induced by specified Se/Sp/uhr distributions,-0.05969861122307659,0.027335204418235934,-0.028325041308311562,0.049596800608868535,0.9528,1.2002668839301012,0.002999071856424918,5000,-0.08802365253138815,0.4292
306,23,0.9,0.9,0.33,0.85,oracle_mean_x1.25,relative mean misspecification; weak when oracle mean is near zero,-0.10893680507817043,0.003140091157155909,0.020913152546782277,0.0457700187345744,0.923,1.0029031798159442,0.003770172409850774,5000,-0.08802365253138815,0.4292
306,23,0.9,0.9,0.33,0.85,oracle_mean_x1.50,relative mean misspecification; weak when oracle mean is near zero,-0.13072416609380452,0.003140091157155909,0.04270051356241637,0.05899888578619439,0.8276,1.0029031798159442,0.0053418768237390125,5000,-0.08802365253138815,0.4292
307,27,0.75,0.85,1.0,0.85,oracle_cell_specific,DGM-informed benchmark,0.06512753953845507,0.003072682272228198,0.0001121623561247929,0.04110771808275863,0.95,1.002872604256665,0.0030822070014844896,5000,0.06523970189457987,0.6436
307,27,0.75,0.85,1.0,0.85,global_mechanism_prior,single prior induced by specified Se/Sp/uhr distributions,-0.05969861122307659,0.027335204418235934,0.12493831311765644,0.13152723668603014,0.2446,1.2063717142238286,0.0060789939957200155,5000,0.06523970189457987,0.6436
307,27,0.75,0.85,1.0,0.85,oracle_mean_x1.25,relative mean misspecification; weak when oracle mean is near zero,0.08140942442306884,0.003072682272228198,-0.016169722528488976,0.04417342902951675,0.9282,1.002872604256665,0.0036508837286333834,5000,0.06523970189457987,0.6436
307,27,0.75,0.85,1.0,0.85,oracle_mean_x1.50,relative mean misspecification; weak when oracle mean is near zero,0.0976913093076826,0.003072682272228198,-0.03245160741310275,0.052373072559012364,0.87,1.002872604256665,0.004756048780237646,5000,0.06523970189457987,0.6436
308,31,0.75,0.85,0.5,0.85,oracle_cell_specific,DGM-informed benchmark,0.0019412372647791968,0.0028966422571824915,0.00012215964471317536,0.04095183758383979,0.9504,1.0024953942932218,0.0030704996336101387,5000,0.0020633969094923615,0.951
308,31,0.75,0.85,0.5,0.85,global_mechanism_prior,single prior induced by specified Se/Sp/uhr distributions,-0.05969861122307659,0.027335204418235934,0.06176200813256895,0.07410522064660431,0.8038,1.2020797274210198,0.005616147433962182,5000,0.0020633969094923615,0.951
308,31,0.75,0.85,0.5,0.85,oracle_mean_x1.25,relative mean misspecification; weak when oracle mean is near zero,0.002426546580973996,0.0028966422571824915,-0.0003631496714816322,0.040953265513244415,0.9502,1.0024953942932218,0.0030763601869742093,5000,0.0020633969094923615,0.951
308,31,0.75,0.85,0.5,0.85,oracle_mean_x1.50,relative mean misspecification; weak when oracle mean is near zero,0.002911855897168795,0.0028966422571824915,-0.0008484589876764385,0.04096044385951116,0.95,1.0024953942932218,0.0030822070014844896,5000,0.0020633969094923615,0.951
309,35,0.75,0.85,0.33,0.85,oracle_cell_specific,DGM-informed benchmark,-0.026256692073046938,0.003029443858242458,2.715524270418259e-05,0.041031543425676546,0.9522,1.0026746119287493,0.0030171231330524103,5000,-0.02622953683034275,0.9064
309,35,0.75,0.85,0.33,0.85,global_mechanism_prior,single prior induced by specified Se/Sp/uhr distributions,-0.05969861122307659,0.027335204418235934,0.03346907439273385,0.05295059734500005,0.9366,1.198371270149457,0.0034461700480388374,5000,-0.02622953683034275,0.9064
309,35,0.75,0.85,0.33,0.85,oracle_mean_x1.25,relative mean misspecification; weak when oracle mean is near zero,-0.032820865091308674,0.003029443858242458,0.006591328260965926,0.04155757965437571,0.9456,1.0026746119287493,0.003207511184703804,5000,-0.02622953683034275,0.9064
309,35,0.75,0.85,0.33,0.85,oracle_mean_x1.50,relative mean misspecification; weak when oracle mean is near zero,-0.039385038109570406,0.003029443858242458,0.013155501279227658,0.043088908461386376,0.9394,1.0026746119287493,0.0033742448043969776,5000,-0.02622953683034275,0.9064
